solid OpenSCAD_Model
  facet normal -0.0874961 -0.996165 0
    outer loop
      vertex -34.5389 -16.1878 1.4
      vertex -34.4 -16.2 2.65
      vertex -34.5389 -16.1878 2.65
    endloop
  endfacet
  facet normal -0.0874961 -0.996165 -0
    outer loop
      vertex -34.4 -16.2 2.65
      vertex -34.5389 -16.1878 1.4
      vertex -34.4 -16.2 1.4
    endloop
  endfacet
  facet normal -0.258198 -0.966092 0
    outer loop
      vertex -34.6736 -16.1518 1.4
      vertex -34.5389 -16.1878 2.65
      vertex -34.6736 -16.1518 2.65
    endloop
  endfacet
  facet normal -0.258198 -0.966092 -0
    outer loop
      vertex -34.5389 -16.1878 2.65
      vertex -34.6736 -16.1518 1.4
      vertex -34.5389 -16.1878 1.4
    endloop
  endfacet
  facet normal 0.81903 -0.573751 0
    outer loop
      vertex 35.0128 -15.9142 2.65
      vertex 35.0928 -15.8 1.4
      vertex 35.0928 -15.8 2.65
    endloop
  endfacet
  facet normal 0.81903 -0.573751 0
    outer loop
      vertex 35.0928 -15.8 1.4
      vertex 35.0128 -15.9142 2.65
      vertex 35.0128 -15.9142 1.4
    endloop
  endfacet
  facet normal 0.81903 0.573751 0
    outer loop
      vertex 35.0928 15.8 2.65
      vertex 35.0128 15.9142 1.4
      vertex 35.0128 15.9142 2.65
    endloop
  endfacet
  facet normal 0.81903 0.573751 0
    outer loop
      vertex 35.0128 15.9142 1.4
      vertex 35.0928 15.8 2.65
      vertex 35.0928 15.8 1.4
    endloop
  endfacet
  facet normal 0 -1 0
    outer loop
      vertex -34.4 -16.2 1.4
      vertex -33.6422 -16.2 2.65
      vertex -34.4 -16.2 2.65
    endloop
  endfacet
  facet normal 0 -1 -0
    outer loop
      vertex -33.6422 -16.2 2.65
      vertex -34.4 -16.2 1.4
      vertex -33.6422 -16.2 1.4
    endloop
  endfacet
  facet normal 0 -1 0
    outer loop
      vertex 33.6422 -16.2 1.4
      vertex 34.4 -16.2 2.65
      vertex 33.6422 -16.2 2.65
    endloop
  endfacet
  facet normal 0 -1 -0
    outer loop
      vertex 34.4 -16.2 2.65
      vertex 33.6422 -16.2 1.4
      vertex 34.4 -16.2 1.4
    endloop
  endfacet
  facet normal 0 -1 0
    outer loop
      vertex -32.3578 -16.2 1.4
      vertex 32.3578 -16.2 2.65
      vertex -32.3578 -16.2 2.65
    endloop
  endfacet
  facet normal 0 -1 -0
    outer loop
      vertex 32.3578 -16.2 2.65
      vertex -32.3578 -16.2 1.4
      vertex 32.3578 -16.2 1.4
    endloop
  endfacet
  facet normal -0.258198 0.966092 0
    outer loop
      vertex -34.5389 16.1878 1.4
      vertex -34.6736 16.1518 2.65
      vertex -34.5389 16.1878 2.65
    endloop
  endfacet
  facet normal -0.258198 0.966092 0
    outer loop
      vertex -34.6736 16.1518 2.65
      vertex -34.5389 16.1878 1.4
      vertex -34.6736 16.1518 1.4
    endloop
  endfacet
  facet normal -0.966092 -0.258198 0
    outer loop
      vertex -35.1518 -15.6736 1.4
      vertex -35.1878 -15.5389 2.65
      vertex -35.1878 -15.5389 1.4
    endloop
  endfacet
  facet normal -0.966092 -0.258198 0
    outer loop
      vertex -35.1878 -15.5389 2.65
      vertex -35.1518 -15.6736 1.4
      vertex -35.1518 -15.6736 2.65
    endloop
  endfacet
  facet normal 0 0 1
    outer loop
      vertex -33.7866 -16.1613 2.65
      vertex -34.4 -16.2 2.65
      vertex -33.6422 -16.2 2.65
    endloop
  endfacet
  facet normal 0 0 1
    outer loop
      vertex -34.15 -15.9919 2.65
      vertex -34.4 -16.2 2.65
      vertex -33.7866 -16.1613 2.65
    endloop
  endfacet
  facet normal 0 0 1
    outer loop
      vertex -34.4784 -15.7619 2.65
      vertex -34.4 -16.2 2.65
      vertex -34.15 -15.9919 2.65
    endloop
  endfacet
  facet normal 0 0 1
    outer loop
      vertex -34.4784 -15.7619 2.65
      vertex -34.5389 -16.1878 2.65
      vertex -34.4 -16.2 2.65
    endloop
  endfacet
  facet normal 0 0 1
    outer loop
      vertex -34.4784 -15.7619 2.65
      vertex -34.6736 -16.1518 2.65
      vertex -34.5389 -16.1878 2.65
    endloop
  endfacet
  facet normal 0 0 1
    outer loop
      vertex -34.9142 -16.0128 2.65
      vertex -34.4784 -15.7619 2.65
      vertex -34.7619 -15.4784 2.65
    endloop
  endfacet
  facet normal 0 0 1
    outer loop
      vertex -34.4784 -15.7619 2.65
      vertex -34.8 -16.0928 2.65
      vertex -34.6736 -16.1518 2.65
    endloop
  endfacet
  facet normal 0 0 1
    outer loop
      vertex -34.4784 -15.7619 2.65
      vertex -34.9142 -16.0128 2.65
      vertex -34.8 -16.0928 2.65
    endloop
  endfacet
  facet normal -0 0 1
    outer loop
      vertex -35.2 -15.4 2.65
      vertex -34.7619 -15.4784 2.65
      vertex -34.9919 -15.15 2.65
    endloop
  endfacet
  facet normal 0 0 1
    outer loop
      vertex -34.7619 -15.4784 2.65
      vertex -35.0128 -15.9142 2.65
      vertex -34.9142 -16.0128 2.65
    endloop
  endfacet
  facet normal 0 0 1
    outer loop
      vertex -34.7619 -15.4784 2.65
      vertex -35.0928 -15.8 2.65
      vertex -35.0128 -15.9142 2.65
    endloop
  endfacet
  facet normal 0 0 1
    outer loop
      vertex -34.7619 -15.4784 2.65
      vertex -35.1518 -15.6736 2.65
      vertex -35.0928 -15.8 2.65
    endloop
  endfacet
  facet normal 0 0 1
    outer loop
      vertex -35.2 -15.4 2.65
      vertex -34.9919 -15.15 2.65
      vertex -35.1613 -14.7866 2.65
    endloop
  endfacet
  facet normal 0 0 1
    outer loop
      vertex -34.7619 -15.4784 2.65
      vertex -35.2 -15.4 2.65
      vertex -35.1878 -15.5389 2.65
    endloop
  endfacet
  facet normal 0 0 1
    outer loop
      vertex -35.2 -15.4 2.65
      vertex -35.1613 -14.7866 2.65
      vertex -35.2 -14.6422 2.65
    endloop
  endfacet
  facet normal 0 0 1
    outer loop
      vertex -34.7619 -15.4784 2.65
      vertex -35.1878 -15.5389 2.65
      vertex -35.1518 -15.6736 2.65
    endloop
  endfacet
  facet normal -0 0 1
    outer loop
      vertex 35.1613 -14.7866 2.65
      vertex 35.2 -15.4 2.65
      vertex 35.2 -14.6422 2.65
    endloop
  endfacet
  facet normal -0 0 1
    outer loop
      vertex 34.9919 -15.15 2.65
      vertex 35.2 -15.4 2.65
      vertex 35.1613 -14.7866 2.65
    endloop
  endfacet
  facet normal 0 0 1
    outer loop
      vertex 34.7619 -15.4784 2.65
      vertex 35.2 -15.4 2.65
      vertex 34.9919 -15.15 2.65
    endloop
  endfacet
  facet normal 0 0 1
    outer loop
      vertex 35.2 -15.4 2.65
      vertex 34.7619 -15.4784 2.65
      vertex 35.1878 -15.5389 2.65
    endloop
  endfacet
  facet normal 0 0 1
    outer loop
      vertex 35.1878 -15.5389 2.65
      vertex 34.7619 -15.4784 2.65
      vertex 35.1518 -15.6736 2.65
    endloop
  endfacet
  facet normal 0 0 1
    outer loop
      vertex 35.1518 -15.6736 2.65
      vertex 34.7619 -15.4784 2.65
      vertex 35.0928 -15.8 2.65
    endloop
  endfacet
  facet normal 0 0 1
    outer loop
      vertex 35.0928 -15.8 2.65
      vertex 34.7619 -15.4784 2.65
      vertex 35.0128 -15.9142 2.65
    endloop
  endfacet
  facet normal 0 0 1
    outer loop
      vertex 35.0128 -15.9142 2.65
      vertex 34.7619 -15.4784 2.65
      vertex 34.9142 -16.0128 2.65
    endloop
  endfacet
  facet normal -0 0 1
    outer loop
      vertex 34.4784 -15.7619 2.65
      vertex 34.9142 -16.0128 2.65
      vertex 34.7619 -15.4784 2.65
    endloop
  endfacet
  facet normal 0 0 1
    outer loop
      vertex 34.9142 -16.0128 2.65
      vertex 34.4784 -15.7619 2.65
      vertex 34.8 -16.0928 2.65
    endloop
  endfacet
  facet normal 0 0 1
    outer loop
      vertex 34.8 -16.0928 2.65
      vertex 34.4784 -15.7619 2.65
      vertex 34.6736 -16.1518 2.65
    endloop
  endfacet
  facet normal 0 0 1
    outer loop
      vertex 34.6736 -16.1518 2.65
      vertex 34.4784 -15.7619 2.65
      vertex 34.5389 -16.1878 2.65
    endloop
  endfacet
  facet normal 0 0 1
    outer loop
      vertex 34.4784 -15.7619 2.65
      vertex 34.4 -16.2 2.65
      vertex 34.5389 -16.1878 2.65
    endloop
  endfacet
  facet normal -0 0 1
    outer loop
      vertex 34.15 -15.9919 2.65
      vertex 34.4 -16.2 2.65
      vertex 34.4784 -15.7619 2.65
    endloop
  endfacet
  facet normal -0 0 1
    outer loop
      vertex 33.7866 -16.1613 2.65
      vertex 34.4 -16.2 2.65
      vertex 34.15 -15.9919 2.65
    endloop
  endfacet
  facet normal 0 0 1
    outer loop
      vertex 34.4 -16.2 2.65
      vertex 33.7866 -16.1613 2.65
      vertex 33.6422 -16.2 2.65
    endloop
  endfacet
  facet normal -0 0 1
    outer loop
      vertex 34.7619 15.4784 2.65
      vertex 35.2 15.4 2.65
      vertex 35.1878 15.5389 2.65
    endloop
  endfacet
  facet normal 0 0 1
    outer loop
      vertex 35.2 15.4 2.65
      vertex 35.1613 14.7866 2.65
      vertex 35.2 14.6422 2.65
    endloop
  endfacet
  facet normal 0 0 1
    outer loop
      vertex 34.7619 15.4784 2.65
      vertex 35.1878 15.5389 2.65
      vertex 35.1518 15.6736 2.65
    endloop
  endfacet
  facet normal 0 0 1
    outer loop
      vertex 34.7619 15.4784 2.65
      vertex 35.1518 15.6736 2.65
      vertex 35.0928 15.8 2.65
    endloop
  endfacet
  facet normal 0 0 1
    outer loop
      vertex 34.7619 15.4784 2.65
      vertex 35.0928 15.8 2.65
      vertex 35.0128 15.9142 2.65
    endloop
  endfacet
  facet normal 0 0 1
    outer loop
      vertex 35.2 15.4 2.65
      vertex 34.9919 15.15 2.65
      vertex 35.1613 14.7866 2.65
    endloop
  endfacet
  facet normal 0 0 1
    outer loop
      vertex 34.7619 15.4784 2.65
      vertex 35.0128 15.9142 2.65
      vertex 34.9142 16.0128 2.65
    endloop
  endfacet
  facet normal 0 0 1
    outer loop
      vertex 34.4784 15.7619 2.65
      vertex 34.9142 16.0128 2.65
      vertex 34.8 16.0928 2.65
    endloop
  endfacet
  facet normal 0 0 1
    outer loop
      vertex 35.2 15.4 2.65
      vertex 34.7619 15.4784 2.65
      vertex 34.9919 15.15 2.65
    endloop
  endfacet
  facet normal 0 0 1
    outer loop
      vertex 34.4784 15.7619 2.65
      vertex 34.8 16.0928 2.65
      vertex 34.6736 16.1518 2.65
    endloop
  endfacet
  facet normal 0 0 1
    outer loop
      vertex 34.4784 15.7619 2.65
      vertex 34.6736 16.1518 2.65
      vertex 34.5389 16.1878 2.65
    endloop
  endfacet
  facet normal 0 0 1
    outer loop
      vertex 34.9142 16.0128 2.65
      vertex 34.4784 15.7619 2.65
      vertex 34.7619 15.4784 2.65
    endloop
  endfacet
  facet normal 0 0 1
    outer loop
      vertex 34.4 16.2 2.65
      vertex 34.4784 15.7619 2.65
      vertex 34.5389 16.1878 2.65
    endloop
  endfacet
  facet normal 0 0 1
    outer loop
      vertex 34.4 16.2 2.65
      vertex 34.15 15.9919 2.65
      vertex 34.4784 15.7619 2.65
    endloop
  endfacet
  facet normal 0 0 1
    outer loop
      vertex 34.4 16.2 2.65
      vertex 33.7866 16.1613 2.65
      vertex 34.15 15.9919 2.65
    endloop
  endfacet
  facet normal 0 -0 1
    outer loop
      vertex 33.7866 16.1613 2.65
      vertex 34.4 16.2 2.65
      vertex 33.6422 16.2 2.65
    endloop
  endfacet
  facet normal -0 0 1
    outer loop
      vertex -34.4 16.2 2.65
      vertex -33.7866 16.1613 2.65
      vertex -33.6422 16.2 2.65
    endloop
  endfacet
  facet normal 0 0 1
    outer loop
      vertex -34.4 16.2 2.65
      vertex -34.15 15.9919 2.65
      vertex -33.7866 16.1613 2.65
    endloop
  endfacet
  facet normal 0 0 1
    outer loop
      vertex -34.4 16.2 2.65
      vertex -34.4784 15.7619 2.65
      vertex -34.15 15.9919 2.65
    endloop
  endfacet
  facet normal -0 0 1
    outer loop
      vertex -34.5389 16.1878 2.65
      vertex -34.4784 15.7619 2.65
      vertex -34.4 16.2 2.65
    endloop
  endfacet
  facet normal -0 0 1
    outer loop
      vertex -34.6736 16.1518 2.65
      vertex -34.4784 15.7619 2.65
      vertex -34.5389 16.1878 2.65
    endloop
  endfacet
  facet normal -0 0 1
    outer loop
      vertex -34.8 16.0928 2.65
      vertex -34.4784 15.7619 2.65
      vertex -34.6736 16.1518 2.65
    endloop
  endfacet
  facet normal -0 0 1
    outer loop
      vertex -34.9142 16.0128 2.65
      vertex -34.4784 15.7619 2.65
      vertex -34.8 16.0928 2.65
    endloop
  endfacet
  facet normal 0 0 1
    outer loop
      vertex -34.4784 15.7619 2.65
      vertex -34.9142 16.0128 2.65
      vertex -34.7619 15.4784 2.65
    endloop
  endfacet
  facet normal -0 0 1
    outer loop
      vertex -35.0128 15.9142 2.65
      vertex -34.7619 15.4784 2.65
      vertex -34.9142 16.0128 2.65
    endloop
  endfacet
  facet normal -0 0 1
    outer loop
      vertex -35.0928 15.8 2.65
      vertex -34.7619 15.4784 2.65
      vertex -35.0128 15.9142 2.65
    endloop
  endfacet
  facet normal -0 0 1
    outer loop
      vertex -35.1518 15.6736 2.65
      vertex -34.7619 15.4784 2.65
      vertex -35.0928 15.8 2.65
    endloop
  endfacet
  facet normal -0 0 1
    outer loop
      vertex -35.1878 15.5389 2.65
      vertex -34.7619 15.4784 2.65
      vertex -35.1518 15.6736 2.65
    endloop
  endfacet
  facet normal 0 0 1
    outer loop
      vertex -35.2 15.4 2.65
      vertex -34.7619 15.4784 2.65
      vertex -35.1878 15.5389 2.65
    endloop
  endfacet
  facet normal 0 0 1
    outer loop
      vertex -34.7619 15.4784 2.65
      vertex -35.2 15.4 2.65
      vertex -34.9919 15.15 2.65
    endloop
  endfacet
  facet normal 0 0 1
    outer loop
      vertex -34.9919 15.15 2.65
      vertex -35.2 15.4 2.65
      vertex -35.1613 14.7866 2.65
    endloop
  endfacet
  facet normal 0 0 1
    outer loop
      vertex -35.1613 14.7866 2.65
      vertex -35.2 15.4 2.65
      vertex -35.2 14.6422 2.65
    endloop
  endfacet
  facet normal 0 0 1
    outer loop
      vertex -34.15 12.0081 2.65
      vertex -34 -11.9382 2.65
      vertex -34 11.9382 2.65
    endloop
  endfacet
  facet normal 0 0 1
    outer loop
      vertex -34.15 12.0081 2.65
      vertex -34.15 -12.0081 2.65
      vertex -34 -11.9382 2.65
    endloop
  endfacet
  facet normal 0 0 1
    outer loop
      vertex -34.4784 12.2381 2.65
      vertex -34.15 -12.0081 2.65
      vertex -34.15 12.0081 2.65
    endloop
  endfacet
  facet normal 0 0 1
    outer loop
      vertex -34.4784 12.2381 2.65
      vertex -34.4784 -12.2381 2.65
      vertex -34.15 -12.0081 2.65
    endloop
  endfacet
  facet normal 0 0 1
    outer loop
      vertex -34.7619 12.5216 2.65
      vertex -34.4784 -12.2381 2.65
      vertex -34.4784 12.2381 2.65
    endloop
  endfacet
  facet normal 0 0 1
    outer loop
      vertex -34.7619 12.5216 2.65
      vertex -34.7619 -12.5216 2.65
      vertex -34.4784 -12.2381 2.65
    endloop
  endfacet
  facet normal 0 0 1
    outer loop
      vertex -34.9919 12.85 2.65
      vertex -34.7619 -12.5216 2.65
      vertex -34.7619 12.5216 2.65
    endloop
  endfacet
  facet normal 0 0 1
    outer loop
      vertex -34.9919 12.85 2.65
      vertex -34.9919 -12.85 2.65
      vertex -34.7619 -12.5216 2.65
    endloop
  endfacet
  facet normal 0 0 1
    outer loop
      vertex -35.1613 13.2134 2.65
      vertex -34.9919 -12.85 2.65
      vertex -34.9919 12.85 2.65
    endloop
  endfacet
  facet normal 0 0 1
    outer loop
      vertex -35.1613 13.2134 2.65
      vertex -35.1613 -13.2134 2.65
      vertex -34.9919 -12.85 2.65
    endloop
  endfacet
  facet normal 0 0 1
    outer loop
      vertex -35.2 13.3578 2.65
      vertex -35.1613 -13.2134 2.65
      vertex -35.1613 13.2134 2.65
    endloop
  endfacet
  facet normal 0 0 1
    outer loop
      vertex -35.1613 -13.2134 2.65
      vertex -35.2 13.3578 2.65
      vertex -35.2 -13.3578 2.65
    endloop
  endfacet
  facet normal -0 0 1
    outer loop
      vertex -30.9382 -15 2.65
      vertex 31.0081 -15.15 2.65
      vertex 30.9382 -15 2.65
    endloop
  endfacet
  facet normal 0 0 1
    outer loop
      vertex -31.0081 -15.15 2.65
      vertex 31.0081 -15.15 2.65
      vertex -30.9382 -15 2.65
    endloop
  endfacet
  facet normal 0 0 1
    outer loop
      vertex 31.0081 -15.15 2.65
      vertex -31.0081 -15.15 2.65
      vertex 31.2381 -15.4784 2.65
    endloop
  endfacet
  facet normal 0 0 1
    outer loop
      vertex -31.2381 -15.4784 2.65
      vertex 31.2381 -15.4784 2.65
      vertex -31.0081 -15.15 2.65
    endloop
  endfacet
  facet normal 0 0 1
    outer loop
      vertex 31.2381 -15.4784 2.65
      vertex -31.2381 -15.4784 2.65
      vertex 31.5216 -15.7619 2.65
    endloop
  endfacet
  facet normal 0 0 1
    outer loop
      vertex -31.5216 -15.7619 2.65
      vertex 31.5216 -15.7619 2.65
      vertex -31.2381 -15.4784 2.65
    endloop
  endfacet
  facet normal 0 0 1
    outer loop
      vertex 31.5216 -15.7619 2.65
      vertex -31.5216 -15.7619 2.65
      vertex 31.85 -15.9919 2.65
    endloop
  endfacet
  facet normal 0 0 1
    outer loop
      vertex -31.85 -15.9919 2.65
      vertex 31.85 -15.9919 2.65
      vertex -31.5216 -15.7619 2.65
    endloop
  endfacet
  facet normal 0 0 1
    outer loop
      vertex 31.85 -15.9919 2.65
      vertex -31.85 -15.9919 2.65
      vertex 32.2134 -16.1613 2.65
    endloop
  endfacet
  facet normal 0 0 1
    outer loop
      vertex -32.2134 -16.1613 2.65
      vertex 32.2134 -16.1613 2.65
      vertex -31.85 -15.9919 2.65
    endloop
  endfacet
  facet normal 0 0 1
    outer loop
      vertex 32.2134 -16.1613 2.65
      vertex -32.2134 -16.1613 2.65
      vertex 32.3578 -16.2 2.65
    endloop
  endfacet
  facet normal 0 0 1
    outer loop
      vertex 32.3578 -16.2 2.65
      vertex -32.2134 -16.1613 2.65
      vertex -32.3578 -16.2 2.65
    endloop
  endfacet
  facet normal 0 0 1
    outer loop
      vertex 31.0081 15.15 2.65
      vertex -30.9382 15 2.65
      vertex 30.9382 15 2.65
    endloop
  endfacet
  facet normal 0 0 1
    outer loop
      vertex -31.0081 15.15 2.65
      vertex 31.0081 15.15 2.65
      vertex 31.2381 15.4784 2.65
    endloop
  endfacet
  facet normal 0 0 1
    outer loop
      vertex -31.2381 15.4784 2.65
      vertex 31.2381 15.4784 2.65
      vertex 31.5216 15.7619 2.65
    endloop
  endfacet
  facet normal 0 0 1
    outer loop
      vertex -31.5216 15.7619 2.65
      vertex 31.5216 15.7619 2.65
      vertex 31.85 15.9919 2.65
    endloop
  endfacet
  facet normal 0 0 1
    outer loop
      vertex -31.85 15.9919 2.65
      vertex 31.85 15.9919 2.65
      vertex 32.2134 16.1613 2.65
    endloop
  endfacet
  facet normal 0 0 1
    outer loop
      vertex -32.2134 16.1613 2.65
      vertex 32.2134 16.1613 2.65
      vertex 32.3578 16.2 2.65
    endloop
  endfacet
  facet normal 0 0 1
    outer loop
      vertex 31.0081 15.15 2.65
      vertex -31.0081 15.15 2.65
      vertex -30.9382 15 2.65
    endloop
  endfacet
  facet normal 0 0 1
    outer loop
      vertex 31.2381 15.4784 2.65
      vertex -31.2381 15.4784 2.65
      vertex -31.0081 15.15 2.65
    endloop
  endfacet
  facet normal 0 0 1
    outer loop
      vertex 31.5216 15.7619 2.65
      vertex -31.5216 15.7619 2.65
      vertex -31.2381 15.4784 2.65
    endloop
  endfacet
  facet normal 0 0 1
    outer loop
      vertex 31.85 15.9919 2.65
      vertex -31.85 15.9919 2.65
      vertex -31.5216 15.7619 2.65
    endloop
  endfacet
  facet normal 0 0 1
    outer loop
      vertex 32.2134 16.1613 2.65
      vertex -32.2134 16.1613 2.65
      vertex -31.85 15.9919 2.65
    endloop
  endfacet
  facet normal 0 -0 1
    outer loop
      vertex -32.2134 16.1613 2.65
      vertex 32.3578 16.2 2.65
      vertex -32.3578 16.2 2.65
    endloop
  endfacet
  facet normal -0 0 1
    outer loop
      vertex 35.1613 13.2134 2.65
      vertex 35.2 -13.3578 2.65
      vertex 35.2 13.3578 2.65
    endloop
  endfacet
  facet normal 0 0 1
    outer loop
      vertex 35.1613 13.2134 2.65
      vertex 35.1613 -13.2134 2.65
      vertex 35.2 -13.3578 2.65
    endloop
  endfacet
  facet normal -0 0 1
    outer loop
      vertex 34.9919 12.85 2.65
      vertex 35.1613 -13.2134 2.65
      vertex 35.1613 13.2134 2.65
    endloop
  endfacet
  facet normal 0 0 1
    outer loop
      vertex 34.9919 12.85 2.65
      vertex 34.9919 -12.85 2.65
      vertex 35.1613 -13.2134 2.65
    endloop
  endfacet
  facet normal -0 0 1
    outer loop
      vertex 34.7619 12.5216 2.65
      vertex 34.9919 -12.85 2.65
      vertex 34.9919 12.85 2.65
    endloop
  endfacet
  facet normal 0 0 1
    outer loop
      vertex 34.7619 12.5216 2.65
      vertex 34.7619 -12.5216 2.65
      vertex 34.9919 -12.85 2.65
    endloop
  endfacet
  facet normal -0 0 1
    outer loop
      vertex 34.4784 12.2381 2.65
      vertex 34.7619 -12.5216 2.65
      vertex 34.7619 12.5216 2.65
    endloop
  endfacet
  facet normal 0 0 1
    outer loop
      vertex 34.4784 12.2381 2.65
      vertex 34.4784 -12.2381 2.65
      vertex 34.7619 -12.5216 2.65
    endloop
  endfacet
  facet normal -0 0 1
    outer loop
      vertex 34.15 12.0081 2.65
      vertex 34.4784 -12.2381 2.65
      vertex 34.4784 12.2381 2.65
    endloop
  endfacet
  facet normal 0 0 1
    outer loop
      vertex 34.15 12.0081 2.65
      vertex 34.15 -12.0081 2.65
      vertex 34.4784 -12.2381 2.65
    endloop
  endfacet
  facet normal -0 0 1
    outer loop
      vertex 34 11.9382 2.65
      vertex 34.15 -12.0081 2.65
      vertex 34.15 12.0081 2.65
    endloop
  endfacet
  facet normal 0 0 1
    outer loop
      vertex 34.15 -12.0081 2.65
      vertex 34 11.9382 2.65
      vertex 34 -11.9382 2.65
    endloop
  endfacet
  facet normal 0.0874961 0.996165 -0
    outer loop
      vertex 34.5389 16.1878 1.4
      vertex 34.4 16.2 2.65
      vertex 34.5389 16.1878 2.65
    endloop
  endfacet
  facet normal 0.0874961 0.996165 0
    outer loop
      vertex 34.4 16.2 2.65
      vertex 34.5389 16.1878 1.4
      vertex 34.4 16.2 1.4
    endloop
  endfacet
  facet normal 0.573751 0.81903 -0
    outer loop
      vertex 34.9142 16.0128 1.4
      vertex 34.8 16.0928 2.65
      vertex 34.9142 16.0128 2.65
    endloop
  endfacet
  facet normal 0.573751 0.81903 0
    outer loop
      vertex 34.8 16.0928 2.65
      vertex 34.9142 16.0128 1.4
      vertex 34.8 16.0928 1.4
    endloop
  endfacet
  facet normal 0 1 -0
    outer loop
      vertex -33.6422 16.2 1.4
      vertex -34.4 16.2 2.65
      vertex -33.6422 16.2 2.65
    endloop
  endfacet
  facet normal 0 1 0
    outer loop
      vertex -34.4 16.2 2.65
      vertex -33.6422 16.2 1.4
      vertex -34.4 16.2 1.4
    endloop
  endfacet
  facet normal 0 1 -0
    outer loop
      vertex 34.4 16.2 1.4
      vertex 33.6422 16.2 2.65
      vertex 34.4 16.2 2.65
    endloop
  endfacet
  facet normal 0 1 0
    outer loop
      vertex 33.6422 16.2 2.65
      vertex 34.4 16.2 1.4
      vertex 33.6422 16.2 1.4
    endloop
  endfacet
  facet normal 0 1 -0
    outer loop
      vertex 32.3578 16.2 1.4
      vertex -32.3578 16.2 2.65
      vertex 32.3578 16.2 2.65
    endloop
  endfacet
  facet normal 0 1 0
    outer loop
      vertex -32.3578 16.2 2.65
      vertex 32.3578 16.2 1.4
      vertex -32.3578 16.2 1.4
    endloop
  endfacet
  facet normal 0.0874961 -0.996165 0
    outer loop
      vertex 34.4 -16.2 1.4
      vertex 34.5389 -16.1878 2.65
      vertex 34.4 -16.2 2.65
    endloop
  endfacet
  facet normal 0.0874961 -0.996165 0
    outer loop
      vertex 34.5389 -16.1878 2.65
      vertex 34.4 -16.2 1.4
      vertex 34.5389 -16.1878 1.4
    endloop
  endfacet
  facet normal 1 -0 0
    outer loop
      vertex 35.2 -15.4 2.65
      vertex 35.2 -14.6422 1.4
      vertex 35.2 -14.6422 2.65
    endloop
  endfacet
  facet normal 1 0 0
    outer loop
      vertex 35.2 -14.6422 1.4
      vertex 35.2 -15.4 2.65
      vertex 35.2 -15.4 1.4
    endloop
  endfacet
  facet normal 1 -0 0
    outer loop
      vertex 35.2 14.6422 2.65
      vertex 35.2 15.4 1.4
      vertex 35.2 15.4 2.65
    endloop
  endfacet
  facet normal 1 0 0
    outer loop
      vertex 35.2 15.4 1.4
      vertex 35.2 14.6422 2.65
      vertex 35.2 14.6422 1.4
    endloop
  endfacet
  facet normal 1 -0 0
    outer loop
      vertex 35.2 -13.3578 2.65
      vertex 35.2 13.3578 1.4
      vertex 35.2 13.3578 2.65
    endloop
  endfacet
  facet normal 1 0 0
    outer loop
      vertex 35.2 13.3578 1.4
      vertex 35.2 -13.3578 2.65
      vertex 35.2 -13.3578 1.4
    endloop
  endfacet
  facet normal -0.422964 -0.906147 0
    outer loop
      vertex -34.8 -16.0928 1.4
      vertex -34.6736 -16.1518 2.65
      vertex -34.8 -16.0928 2.65
    endloop
  endfacet
  facet normal -0.422964 -0.906147 -0
    outer loop
      vertex -34.6736 -16.1518 2.65
      vertex -34.8 -16.0928 1.4
      vertex -34.6736 -16.1518 1.4
    endloop
  endfacet
  facet normal 0.996165 0.0874961 0
    outer loop
      vertex 35.2 15.4 2.65
      vertex 35.1878 15.5389 1.4
      vertex 35.1878 15.5389 2.65
    endloop
  endfacet
  facet normal 0.996165 0.0874961 0
    outer loop
      vertex 35.1878 15.5389 1.4
      vertex 35.2 15.4 2.65
      vertex 35.2 15.4 1.4
    endloop
  endfacet
  facet normal -0.996165 -0.0874961 0
    outer loop
      vertex -35.1878 -15.5389 1.4
      vertex -35.2 -15.4 2.65
      vertex -35.2 -15.4 1.4
    endloop
  endfacet
  facet normal -0.996165 -0.0874961 0
    outer loop
      vertex -35.2 -15.4 2.65
      vertex -35.1878 -15.5389 1.4
      vertex -35.1878 -15.5389 2.65
    endloop
  endfacet
  facet normal 0.258198 -0.966092 0
    outer loop
      vertex 34.5389 -16.1878 1.4
      vertex 34.6736 -16.1518 2.65
      vertex 34.5389 -16.1878 2.65
    endloop
  endfacet
  facet normal 0.258198 -0.966092 0
    outer loop
      vertex 34.6736 -16.1518 2.65
      vertex 34.5389 -16.1878 1.4
      vertex 34.6736 -16.1518 1.4
    endloop
  endfacet
  facet normal 0.906147 0.422964 0
    outer loop
      vertex 35.1518 15.6736 2.65
      vertex 35.0928 15.8 1.4
      vertex 35.0928 15.8 2.65
    endloop
  endfacet
  facet normal 0.906147 0.422964 0
    outer loop
      vertex 35.0928 15.8 1.4
      vertex 35.1518 15.6736 2.65
      vertex 35.1518 15.6736 1.4
    endloop
  endfacet
  facet normal 0.966092 0.258198 0
    outer loop
      vertex 35.1878 15.5389 2.65
      vertex 35.1518 15.6736 1.4
      vertex 35.1518 15.6736 2.65
    endloop
  endfacet
  facet normal 0.966092 0.258198 0
    outer loop
      vertex 35.1518 15.6736 1.4
      vertex 35.1878 15.5389 2.65
      vertex 35.1878 15.5389 1.4
    endloop
  endfacet
  facet normal -1 0 0
    outer loop
      vertex -35.2 -15.4 1.4
      vertex -35.2 -14.6422 2.65
      vertex -35.2 -14.6422 1.4
    endloop
  endfacet
  facet normal -1 -0 0
    outer loop
      vertex -35.2 -14.6422 2.65
      vertex -35.2 -15.4 1.4
      vertex -35.2 -15.4 2.65
    endloop
  endfacet
  facet normal -1 0 0
    outer loop
      vertex -35.2 14.6422 1.4
      vertex -35.2 15.4 2.65
      vertex -35.2 15.4 1.4
    endloop
  endfacet
  facet normal -1 -0 0
    outer loop
      vertex -35.2 15.4 2.65
      vertex -35.2 14.6422 1.4
      vertex -35.2 14.6422 2.65
    endloop
  endfacet
  facet normal -1 0 0
    outer loop
      vertex -35.2 -13.3578 1.4
      vertex -35.2 13.3578 2.65
      vertex -35.2 13.3578 1.4
    endloop
  endfacet
  facet normal -1 -0 0
    outer loop
      vertex -35.2 13.3578 2.65
      vertex -35.2 -13.3578 1.4
      vertex -35.2 -13.3578 2.65
    endloop
  endfacet
  facet normal -0.0874961 0.996165 0
    outer loop
      vertex -34.4 16.2 1.4
      vertex -34.5389 16.1878 2.65
      vertex -34.4 16.2 2.65
    endloop
  endfacet
  facet normal -0.0874961 0.996165 0
    outer loop
      vertex -34.5389 16.1878 2.65
      vertex -34.4 16.2 1.4
      vertex -34.5389 16.1878 1.4
    endloop
  endfacet
  facet normal 0.422964 -0.906147 0
    outer loop
      vertex 34.6736 -16.1518 1.4
      vertex 34.8 -16.0928 2.65
      vertex 34.6736 -16.1518 2.65
    endloop
  endfacet
  facet normal 0.422964 -0.906147 0
    outer loop
      vertex 34.8 -16.0928 2.65
      vertex 34.6736 -16.1518 1.4
      vertex 34.8 -16.0928 1.4
    endloop
  endfacet
  facet normal -0.906147 -0.422964 0
    outer loop
      vertex -35.0928 -15.8 1.4
      vertex -35.1518 -15.6736 2.65
      vertex -35.1518 -15.6736 1.4
    endloop
  endfacet
  facet normal -0.906147 -0.422964 0
    outer loop
      vertex -35.1518 -15.6736 2.65
      vertex -35.0928 -15.8 1.4
      vertex -35.0928 -15.8 2.65
    endloop
  endfacet
  facet normal -0.707107 -0.707107 0
    outer loop
      vertex -34.9142 -16.0128 1.4
      vertex -35.0128 -15.9142 2.65
      vertex -35.0128 -15.9142 1.4
    endloop
  endfacet
  facet normal -0.707107 -0.707107 0
    outer loop
      vertex -35.0128 -15.9142 2.65
      vertex -34.9142 -16.0128 1.4
      vertex -34.9142 -16.0128 2.65
    endloop
  endfacet
  facet normal -0.573751 0.81903 0
    outer loop
      vertex -34.8 16.0928 1.4
      vertex -34.9142 16.0128 2.65
      vertex -34.8 16.0928 2.65
    endloop
  endfacet
  facet normal -0.573751 0.81903 0
    outer loop
      vertex -34.9142 16.0128 2.65
      vertex -34.8 16.0928 1.4
      vertex -34.9142 16.0128 1.4
    endloop
  endfacet
  facet normal -0.996165 0.0874961 0
    outer loop
      vertex -35.2 15.4 1.4
      vertex -35.1878 15.5389 2.65
      vertex -35.1878 15.5389 1.4
    endloop
  endfacet
  facet normal -0.996165 0.0874961 0
    outer loop
      vertex -35.1878 15.5389 2.65
      vertex -35.2 15.4 1.4
      vertex -35.2 15.4 2.65
    endloop
  endfacet
  facet normal -0.81903 -0.573751 0
    outer loop
      vertex -35.0128 -15.9142 1.4
      vertex -35.0928 -15.8 2.65
      vertex -35.0928 -15.8 1.4
    endloop
  endfacet
  facet normal -0.81903 -0.573751 0
    outer loop
      vertex -35.0928 -15.8 2.65
      vertex -35.0128 -15.9142 1.4
      vertex -35.0128 -15.9142 2.65
    endloop
  endfacet
  facet normal -0.966092 0.258198 0
    outer loop
      vertex -35.1878 15.5389 1.4
      vertex -35.1518 15.6736 2.65
      vertex -35.1518 15.6736 1.4
    endloop
  endfacet
  facet normal -0.966092 0.258198 0
    outer loop
      vertex -35.1518 15.6736 2.65
      vertex -35.1878 15.5389 1.4
      vertex -35.1878 15.5389 2.65
    endloop
  endfacet
  facet normal 0.573751 -0.81903 0
    outer loop
      vertex 34.8 -16.0928 1.4
      vertex 34.9142 -16.0128 2.65
      vertex 34.8 -16.0928 2.65
    endloop
  endfacet
  facet normal 0.573751 -0.81903 0
    outer loop
      vertex 34.9142 -16.0128 2.65
      vertex 34.8 -16.0928 1.4
      vertex 34.9142 -16.0128 1.4
    endloop
  endfacet
  facet normal 0.966092 -0.258198 0
    outer loop
      vertex 35.1518 -15.6736 2.65
      vertex 35.1878 -15.5389 1.4
      vertex 35.1878 -15.5389 2.65
    endloop
  endfacet
  facet normal 0.966092 -0.258198 0
    outer loop
      vertex 35.1878 -15.5389 1.4
      vertex 35.1518 -15.6736 2.65
      vertex 35.1518 -15.6736 1.4
    endloop
  endfacet
  facet normal 0.707107 -0.707107 0
    outer loop
      vertex 34.9142 -16.0128 2.65
      vertex 35.0128 -15.9142 1.4
      vertex 35.0128 -15.9142 2.65
    endloop
  endfacet
  facet normal 0.707107 -0.707107 0
    outer loop
      vertex 35.0128 -15.9142 1.4
      vertex 34.9142 -16.0128 2.65
      vertex 34.9142 -16.0128 1.4
    endloop
  endfacet
  facet normal 0.996165 -0.0874961 0
    outer loop
      vertex 35.1878 -15.5389 2.65
      vertex 35.2 -15.4 1.4
      vertex 35.2 -15.4 2.65
    endloop
  endfacet
  facet normal 0.996165 -0.0874961 0
    outer loop
      vertex 35.2 -15.4 1.4
      vertex 35.1878 -15.5389 2.65
      vertex 35.1878 -15.5389 1.4
    endloop
  endfacet
  facet normal 0.707107 0.707107 0
    outer loop
      vertex 35.0128 15.9142 2.65
      vertex 34.9142 16.0128 1.4
      vertex 34.9142 16.0128 2.65
    endloop
  endfacet
  facet normal 0.707107 0.707107 0
    outer loop
      vertex 34.9142 16.0128 1.4
      vertex 35.0128 15.9142 2.65
      vertex 35.0128 15.9142 1.4
    endloop
  endfacet
  facet normal 0.258198 0.966092 -0
    outer loop
      vertex 34.6736 16.1518 1.4
      vertex 34.5389 16.1878 2.65
      vertex 34.6736 16.1518 2.65
    endloop
  endfacet
  facet normal 0.258198 0.966092 0
    outer loop
      vertex 34.5389 16.1878 2.65
      vertex 34.6736 16.1518 1.4
      vertex 34.5389 16.1878 1.4
    endloop
  endfacet
  facet normal -0.573751 -0.81903 0
    outer loop
      vertex -34.9142 -16.0128 1.4
      vertex -34.8 -16.0928 2.65
      vertex -34.9142 -16.0128 2.65
    endloop
  endfacet
  facet normal -0.573751 -0.81903 -0
    outer loop
      vertex -34.8 -16.0928 2.65
      vertex -34.9142 -16.0128 1.4
      vertex -34.8 -16.0928 1.4
    endloop
  endfacet
  facet normal -0.422964 0.906147 0
    outer loop
      vertex -34.6736 16.1518 1.4
      vertex -34.8 16.0928 2.65
      vertex -34.6736 16.1518 2.65
    endloop
  endfacet
  facet normal -0.422964 0.906147 0
    outer loop
      vertex -34.8 16.0928 2.65
      vertex -34.6736 16.1518 1.4
      vertex -34.8 16.0928 1.4
    endloop
  endfacet
  facet normal 0.422964 0.906147 -0
    outer loop
      vertex 34.8 16.0928 1.4
      vertex 34.6736 16.1518 2.65
      vertex 34.8 16.0928 2.65
    endloop
  endfacet
  facet normal 0.422964 0.906147 0
    outer loop
      vertex 34.6736 16.1518 2.65
      vertex 34.8 16.0928 1.4
      vertex 34.6736 16.1518 1.4
    endloop
  endfacet
  facet normal -0.81903 0.573751 0
    outer loop
      vertex -35.0928 15.8 1.4
      vertex -35.0128 15.9142 2.65
      vertex -35.0128 15.9142 1.4
    endloop
  endfacet
  facet normal -0.81903 0.573751 0
    outer loop
      vertex -35.0128 15.9142 2.65
      vertex -35.0928 15.8 1.4
      vertex -35.0928 15.8 2.65
    endloop
  endfacet
  facet normal 0.906147 -0.422964 0
    outer loop
      vertex 35.0928 -15.8 2.65
      vertex 35.1518 -15.6736 1.4
      vertex 35.1518 -15.6736 2.65
    endloop
  endfacet
  facet normal 0.906147 -0.422964 0
    outer loop
      vertex 35.1518 -15.6736 1.4
      vertex 35.0928 -15.8 2.65
      vertex 35.0928 -15.8 1.4
    endloop
  endfacet
  facet normal -0.707107 0.707107 0
    outer loop
      vertex -35.0128 15.9142 1.4
      vertex -34.9142 16.0128 2.65
      vertex -34.9142 16.0128 1.4
    endloop
  endfacet
  facet normal -0.707107 0.707107 0
    outer loop
      vertex -34.9142 16.0128 2.65
      vertex -35.0128 15.9142 1.4
      vertex -35.0128 15.9142 2.65
    endloop
  endfacet
  facet normal -0.906147 0.422964 0
    outer loop
      vertex -35.1518 15.6736 1.4
      vertex -35.0928 15.8 2.65
      vertex -35.0928 15.8 1.4
    endloop
  endfacet
  facet normal -0.906147 0.422964 0
    outer loop
      vertex -35.0928 15.8 2.65
      vertex -35.1518 15.6736 1.4
      vertex -35.1518 15.6736 2.65
    endloop
  endfacet
  facet normal -1 0 0
    outer loop
      vertex 34 -11.9382 1.4
      vertex 34 11.9382 2.65
      vertex 34 11.9382 1.4
    endloop
  endfacet
  facet normal -1 -0 0
    outer loop
      vertex 34 11.9382 2.65
      vertex 34 -11.9382 1.4
      vertex 34 -11.9382 2.65
    endloop
  endfacet
  facet normal 1 -0 0
    outer loop
      vertex -34 -11.9382 2.65
      vertex -34 11.9382 1.4
      vertex -34 11.9382 2.65
    endloop
  endfacet
  facet normal 1 0 0
    outer loop
      vertex -34 11.9382 1.4
      vertex -34 -11.9382 2.65
      vertex -34 -11.9382 1.4
    endloop
  endfacet
  facet normal 0 -1 0
    outer loop
      vertex -30.9382 15 1.4
      vertex 30.9382 15 2.65
      vertex -30.9382 15 2.65
    endloop
  endfacet
  facet normal 0 -1 -0
    outer loop
      vertex 30.9382 15 2.65
      vertex -30.9382 15 1.4
      vertex 30.9382 15 1.4
    endloop
  endfacet
  facet normal 0 1 -0
    outer loop
      vertex 30.9382 -15 1.4
      vertex -30.9382 -15 2.65
      vertex 30.9382 -15 2.65
    endloop
  endfacet
  facet normal 0 1 0
    outer loop
      vertex -30.9382 -15 2.65
      vertex 30.9382 -15 1.4
      vertex -30.9382 -15 1.4
    endloop
  endfacet
  facet normal 1 -0 0
    outer loop
      vertex 30.85 5 2.65
      vertex 30.85 11 1.4
      vertex 30.85 11 2.65
    endloop
  endfacet
  facet normal 1 0 0
    outer loop
      vertex 30.85 11 1.4
      vertex 30.85 5 2.65
      vertex 30.85 5 1.4
    endloop
  endfacet
  facet normal -0 0 1
    outer loop
      vertex 29.85 11 2.65
      vertex 30.85 5 2.65
      vertex 30.85 11 2.65
    endloop
  endfacet
  facet normal 0 0 1
    outer loop
      vertex 30.85 5 2.65
      vertex 29.85 11 2.65
      vertex 29.85 5 2.65
    endloop
  endfacet
  facet normal -1 0 0
    outer loop
      vertex 29.85 5 1.4
      vertex 29.85 11 2.65
      vertex 29.85 11 1.4
    endloop
  endfacet
  facet normal -1 -0 0
    outer loop
      vertex 29.85 11 2.65
      vertex 29.85 5 1.4
      vertex 29.85 5 2.65
    endloop
  endfacet
  facet normal 0 -1 0
    outer loop
      vertex 29.85 5 1.4
      vertex 30.85 5 2.65
      vertex 29.85 5 2.65
    endloop
  endfacet
  facet normal 0 -1 -0
    outer loop
      vertex 30.85 5 2.65
      vertex 29.85 5 1.4
      vertex 30.85 5 1.4
    endloop
  endfacet
  facet normal 0 1 -0
    outer loop
      vertex 30.85 11 1.4
      vertex 29.85 11 2.65
      vertex 30.85 11 2.65
    endloop
  endfacet
  facet normal 0 1 0
    outer loop
      vertex 29.85 11 2.65
      vertex 30.85 11 1.4
      vertex 29.85 11 1.4
    endloop
  endfacet
  facet normal 1 -0 0
    outer loop
      vertex -29.85 8 2.65
      vertex -29.85 12 1.4
      vertex -29.85 12 2.65
    endloop
  endfacet
  facet normal 1 0 0
    outer loop
      vertex -29.85 12 1.4
      vertex -29.85 8 2.65
      vertex -29.85 8 1.4
    endloop
  endfacet
  facet normal -0 0 1
    outer loop
      vertex -30.85 12 2.65
      vertex -29.85 8 2.65
      vertex -29.85 12 2.65
    endloop
  endfacet
  facet normal 0 0 1
    outer loop
      vertex -29.85 8 2.65
      vertex -30.85 12 2.65
      vertex -30.85 8 2.65
    endloop
  endfacet
  facet normal -1 0 0
    outer loop
      vertex -30.85 8 1.4
      vertex -30.85 12 2.65
      vertex -30.85 12 1.4
    endloop
  endfacet
  facet normal -1 -0 0
    outer loop
      vertex -30.85 12 2.65
      vertex -30.85 8 1.4
      vertex -30.85 8 2.65
    endloop
  endfacet
  facet normal 0 -1 0
    outer loop
      vertex -30.85 8 1.4
      vertex -29.85 8 2.65
      vertex -30.85 8 2.65
    endloop
  endfacet
  facet normal 0 -1 -0
    outer loop
      vertex -29.85 8 2.65
      vertex -30.85 8 1.4
      vertex -29.85 8 1.4
    endloop
  endfacet
  facet normal 0 1 -0
    outer loop
      vertex -29.85 12 1.4
      vertex -30.85 12 2.65
      vertex -29.85 12 2.65
    endloop
  endfacet
  facet normal 0 1 0
    outer loop
      vertex -30.85 12 2.65
      vertex -29.85 12 1.4
      vertex -30.85 12 1.4
    endloop
  endfacet
  facet normal 1 -0 0
    outer loop
      vertex 30.85 -11 2.65
      vertex 30.85 -5 1.4
      vertex 30.85 -5 2.65
    endloop
  endfacet
  facet normal 1 0 0
    outer loop
      vertex 30.85 -5 1.4
      vertex 30.85 -11 2.65
      vertex 30.85 -11 1.4
    endloop
  endfacet
  facet normal -0 0 1
    outer loop
      vertex 29.85 -5 2.65
      vertex 30.85 -11 2.65
      vertex 30.85 -5 2.65
    endloop
  endfacet
  facet normal 0 0 1
    outer loop
      vertex 30.85 -11 2.65
      vertex 29.85 -5 2.65
      vertex 29.85 -11 2.65
    endloop
  endfacet
  facet normal -1 0 0
    outer loop
      vertex 29.85 -11 1.4
      vertex 29.85 -5 2.65
      vertex 29.85 -5 1.4
    endloop
  endfacet
  facet normal -1 -0 0
    outer loop
      vertex 29.85 -5 2.65
      vertex 29.85 -11 1.4
      vertex 29.85 -11 2.65
    endloop
  endfacet
  facet normal 0 -1 0
    outer loop
      vertex 29.85 -11 1.4
      vertex 30.85 -11 2.65
      vertex 29.85 -11 2.65
    endloop
  endfacet
  facet normal 0 -1 -0
    outer loop
      vertex 30.85 -11 2.65
      vertex 29.85 -11 1.4
      vertex 30.85 -11 1.4
    endloop
  endfacet
  facet normal 0 1 -0
    outer loop
      vertex 30.85 -5 1.4
      vertex 29.85 -5 2.65
      vertex 30.85 -5 2.65
    endloop
  endfacet
  facet normal 0 1 0
    outer loop
      vertex 29.85 -5 2.65
      vertex 30.85 -5 1.4
      vertex 29.85 -5 1.4
    endloop
  endfacet
  facet normal 1 -0 0
    outer loop
      vertex -29.85 -12 2.65
      vertex -29.85 -8 1.4
      vertex -29.85 -8 2.65
    endloop
  endfacet
  facet normal 1 0 0
    outer loop
      vertex -29.85 -8 1.4
      vertex -29.85 -12 2.65
      vertex -29.85 -12 1.4
    endloop
  endfacet
  facet normal -0 0 1
    outer loop
      vertex -30.85 -8 2.65
      vertex -29.85 -12 2.65
      vertex -29.85 -8 2.65
    endloop
  endfacet
  facet normal 0 0 1
    outer loop
      vertex -29.85 -12 2.65
      vertex -30.85 -8 2.65
      vertex -30.85 -12 2.65
    endloop
  endfacet
  facet normal -1 0 0
    outer loop
      vertex -30.85 -12 1.4
      vertex -30.85 -8 2.65
      vertex -30.85 -8 1.4
    endloop
  endfacet
  facet normal -1 -0 0
    outer loop
      vertex -30.85 -8 2.65
      vertex -30.85 -12 1.4
      vertex -30.85 -12 2.65
    endloop
  endfacet
  facet normal 0 -1 0
    outer loop
      vertex -30.85 -12 1.4
      vertex -29.85 -12 2.65
      vertex -30.85 -12 2.65
    endloop
  endfacet
  facet normal 0 -1 -0
    outer loop
      vertex -29.85 -12 2.65
      vertex -30.85 -12 1.4
      vertex -29.85 -12 1.4
    endloop
  endfacet
  facet normal 0 1 -0
    outer loop
      vertex -29.85 -8 1.4
      vertex -30.85 -8 2.65
      vertex -29.85 -8 2.65
    endloop
  endfacet
  facet normal 0 1 0
    outer loop
      vertex -30.85 -8 2.65
      vertex -29.85 -8 1.4
      vertex -30.85 -8 1.4
    endloop
  endfacet
  facet normal -0.258936 -0.965895 0
    outer loop
      vertex -33.7866 11.8387 1.4
      vertex -33.3994 11.7349 12.85
      vertex -33.7866 11.8387 12.85
    endloop
  endfacet
  facet normal -0.258936 -0.965895 -0
    outer loop
      vertex -33.3994 11.7349 12.85
      vertex -33.7866 11.8387 1.4
      vertex -33.3994 11.7349 1.4
    endloop
  endfacet
  facet normal 0.965895 -0.258936 0
    outer loop
      vertex -30.8387 13.2134 12.85
      vertex -30.7349 13.6006 1.4
      vertex -30.7349 13.6006 12.85
    endloop
  endfacet
  facet normal 0.965895 -0.258936 0
    outer loop
      vertex -30.7349 13.6006 1.4
      vertex -30.8387 13.2134 12.85
      vertex -30.8387 13.2134 1.4
    endloop
  endfacet
  facet normal 0.996204 -0.0870494 0
    outer loop
      vertex -30.7349 13.6006 12.85
      vertex -30.7 14 1.4
      vertex -30.7 14 12.85
    endloop
  endfacet
  facet normal 0.996204 -0.0870494 0
    outer loop
      vertex -30.7 14 1.4
      vertex -30.7349 13.6006 12.85
      vertex -30.7349 13.6006 1.4
    endloop
  endfacet
  facet normal 0.906361 -0.422503 0
    outer loop
      vertex -31.0081 12.85 12.85
      vertex -30.8387 13.2134 1.4
      vertex -30.8387 13.2134 12.85
    endloop
  endfacet
  facet normal 0.906361 -0.422503 0
    outer loop
      vertex -30.8387 13.2134 1.4
      vertex -31.0081 12.85 12.85
      vertex -31.0081 12.85 1.4
    endloop
  endfacet
  facet normal 0.573663 0.819091 -0
    outer loop
      vertex -31.5216 15.7619 2.65
      vertex -31.85 15.9919 12.85
      vertex -31.5216 15.7619 12.85
    endloop
  endfacet
  facet normal 0.573663 0.819091 0
    outer loop
      vertex -31.85 15.9919 12.85
      vertex -31.5216 15.7619 2.65
      vertex -31.85 15.9919 2.65
    endloop
  endfacet
  facet normal -0.422389 -0.906415 0
    outer loop
      vertex -34 11.9382 2.65
      vertex -34.15 12.0081 12.85
      vertex -34.15 12.0081 2.65
    endloop
  endfacet
  facet normal -0.422503 -0.906361 -2.03931e-06
    outer loop
      vertex -34.15 12.0081 12.85
      vertex -34 11.9382 2.65
      vertex -33.7866 11.8387 12.85
    endloop
  endfacet
  facet normal -0.422583 -0.906324 0
    outer loop
      vertex -33.7866 11.8387 1.4
      vertex -34 11.9382 2.65
      vertex -34 11.9382 1.4
    endloop
  endfacet
  facet normal -0.422583 -0.906324 0
    outer loop
      vertex -34 11.9382 2.65
      vertex -33.7866 11.8387 1.4
      vertex -33.7866 11.8387 12.85
    endloop
  endfacet
  facet normal 0.996204 0.0870494 0
    outer loop
      vertex -30.7 14 12.85
      vertex -30.7349 14.3994 1.4
      vertex -30.7349 14.3994 12.85
    endloop
  endfacet
  facet normal 0.996204 0.0870494 0
    outer loop
      vertex -30.7349 14.3994 1.4
      vertex -30.7 14 12.85
      vertex -30.7 14 1.4
    endloop
  endfacet
  facet normal 0.819091 -0.573663 0
    outer loop
      vertex -31.2381 12.5216 12.85
      vertex -31.0081 12.85 1.4
      vertex -31.0081 12.85 12.85
    endloop
  endfacet
  facet normal 0.819091 -0.573663 0
    outer loop
      vertex -31.0081 12.85 1.4
      vertex -31.2381 12.5216 12.85
      vertex -31.2381 12.5216 1.4
    endloop
  endfacet
  facet normal 0.0870494 -0.996204 0
    outer loop
      vertex -33 11.7 1.4
      vertex -32.6006 11.7349 12.85
      vertex -33 11.7 12.85
    endloop
  endfacet
  facet normal 0.0870494 -0.996204 0
    outer loop
      vertex -32.6006 11.7349 12.85
      vertex -33 11.7 1.4
      vertex -32.6006 11.7349 1.4
    endloop
  endfacet
  facet normal -0.707107 -0.707107 0
    outer loop
      vertex -34.7619 12.5216 2.65
      vertex -34.4784 12.2381 12.85
      vertex -34.7619 12.5216 12.85
    endloop
  endfacet
  facet normal -0.707107 -0.707107 -0
    outer loop
      vertex -34.4784 12.2381 12.85
      vertex -34.7619 12.5216 2.65
      vertex -34.4784 12.2381 2.65
    endloop
  endfacet
  facet normal -0.573663 0.819091 0
    outer loop
      vertex -34.15 15.9919 2.65
      vertex -34.4784 15.7619 12.85
      vertex -34.15 15.9919 12.85
    endloop
  endfacet
  facet normal -0.573663 0.819091 0
    outer loop
      vertex -34.4784 15.7619 12.85
      vertex -34.15 15.9919 2.65
      vertex -34.4784 15.7619 2.65
    endloop
  endfacet
  facet normal -0.573663 -0.819091 0
    outer loop
      vertex -34.4784 12.2381 2.65
      vertex -34.15 12.0081 12.85
      vertex -34.4784 12.2381 12.85
    endloop
  endfacet
  facet normal -0.573663 -0.819091 -0
    outer loop
      vertex -34.15 12.0081 12.85
      vertex -34.4784 12.2381 2.65
      vertex -34.15 12.0081 2.65
    endloop
  endfacet
  facet normal 0.422503 0.906361 -0
    outer loop
      vertex -31.85 15.9919 2.65
      vertex -32.2134 16.1613 12.85
      vertex -31.85 15.9919 12.85
    endloop
  endfacet
  facet normal 0.422503 0.906361 0
    outer loop
      vertex -32.2134 16.1613 12.85
      vertex -31.85 15.9919 2.65
      vertex -32.2134 16.1613 2.65
    endloop
  endfacet
  facet normal 0.258936 -0.965895 0
    outer loop
      vertex -32.6006 11.7349 1.4
      vertex -32.2134 11.8387 12.85
      vertex -32.6006 11.7349 12.85
    endloop
  endfacet
  facet normal 0.258936 -0.965895 0
    outer loop
      vertex -32.2134 11.8387 12.85
      vertex -32.6006 11.7349 1.4
      vertex -32.2134 11.8387 1.4
    endloop
  endfacet
  facet normal -0.965884 0.258975 0
    outer loop
      vertex -35.2 14.6422 1.4
      vertex -35.2651 14.3994 1.4
      vertex -35.2 14.6422 2.65
    endloop
  endfacet
  facet normal -0.965912 0.25887 0
    outer loop
      vertex -35.2 14.6422 2.65
      vertex -35.1613 14.7866 12.85
      vertex -35.1613 14.7866 2.65
    endloop
  endfacet
  facet normal -0.965884 0.258975 0
    outer loop
      vertex -35.2651 14.3994 12.85
      vertex -35.2 14.6422 2.65
      vertex -35.2651 14.3994 1.4
    endloop
  endfacet
  facet normal -0.965895 0.258936 -9.97825e-07
    outer loop
      vertex -35.2 14.6422 2.65
      vertex -35.2651 14.3994 12.85
      vertex -35.1613 14.7866 12.85
    endloop
  endfacet
  facet normal 0 0 1
    outer loop
      vertex -32.15 14 12.85
      vertex -30.7 14 12.85
      vertex -30.7349 14.3994 12.85
    endloop
  endfacet
  facet normal 0 0 1
    outer loop
      vertex -32.1629 14.1476 12.85
      vertex -30.7349 14.3994 12.85
      vertex -30.8387 14.7866 12.85
    endloop
  endfacet
  facet normal 0 0 1
    outer loop
      vertex -30.7 14 12.85
      vertex -32.15 14 12.85
      vertex -30.7349 13.6006 12.85
    endloop
  endfacet
  facet normal 0 0 1
    outer loop
      vertex -32.2013 14.2907 12.85
      vertex -30.8387 14.7866 12.85
      vertex -31.0081 15.15 12.85
    endloop
  endfacet
  facet normal -0 0 1
    outer loop
      vertex -32.1629 13.8524 12.85
      vertex -30.7349 13.6006 12.85
      vertex -32.15 14 12.85
    endloop
  endfacet
  facet normal 0 0 1
    outer loop
      vertex -32.2639 14.425 12.85
      vertex -31.0081 15.15 12.85
      vertex -31.2381 15.4784 12.85
    endloop
  endfacet
  facet normal 0 0 1
    outer loop
      vertex -30.7349 13.6006 12.85
      vertex -32.1629 13.8524 12.85
      vertex -30.8387 13.2134 12.85
    endloop
  endfacet
  facet normal 0 0 1
    outer loop
      vertex -32.3489 14.5464 12.85
      vertex -31.2381 15.4784 12.85
      vertex -31.5216 15.7619 12.85
    endloop
  endfacet
  facet normal -0 0 1
    outer loop
      vertex -32.2013 13.7093 12.85
      vertex -30.8387 13.2134 12.85
      vertex -32.1629 13.8524 12.85
    endloop
  endfacet
  facet normal 0 0 1
    outer loop
      vertex -32.4536 14.6511 12.85
      vertex -31.5216 15.7619 12.85
      vertex -31.85 15.9919 12.85
    endloop
  endfacet
  facet normal 0 0 1
    outer loop
      vertex -30.8387 13.2134 12.85
      vertex -32.2013 13.7093 12.85
      vertex -31.0081 12.85 12.85
    endloop
  endfacet
  facet normal -0 0 1
    outer loop
      vertex -32.2639 13.575 12.85
      vertex -31.0081 12.85 12.85
      vertex -32.2013 13.7093 12.85
    endloop
  endfacet
  facet normal 0 0 1
    outer loop
      vertex -30.7349 14.3994 12.85
      vertex -32.1629 14.1476 12.85
      vertex -32.15 14 12.85
    endloop
  endfacet
  facet normal 0 0 1
    outer loop
      vertex -30.8387 14.7866 12.85
      vertex -32.2013 14.2907 12.85
      vertex -32.1629 14.1476 12.85
    endloop
  endfacet
  facet normal 0 0 1
    outer loop
      vertex -32.575 14.7361 12.85
      vertex -31.85 15.9919 12.85
      vertex -32.2134 16.1613 12.85
    endloop
  endfacet
  facet normal 0 0 1
    outer loop
      vertex -31.0081 15.15 12.85
      vertex -32.2639 14.425 12.85
      vertex -32.2013 14.2907 12.85
    endloop
  endfacet
  facet normal 0 0 1
    outer loop
      vertex -31.2381 15.4784 12.85
      vertex -32.3489 14.5464 12.85
      vertex -32.2639 14.425 12.85
    endloop
  endfacet
  facet normal 0 0 1
    outer loop
      vertex -31.5216 15.7619 12.85
      vertex -32.4536 14.6511 12.85
      vertex -32.3489 14.5464 12.85
    endloop
  endfacet
  facet normal 0 0 1
    outer loop
      vertex -31.85 15.9919 12.85
      vertex -32.575 14.7361 12.85
      vertex -32.4536 14.6511 12.85
    endloop
  endfacet
  facet normal 0 0 1
    outer loop
      vertex -32.7093 14.7987 12.85
      vertex -32.2134 16.1613 12.85
      vertex -32.6006 16.2651 12.85
    endloop
  endfacet
  facet normal 0 0 1
    outer loop
      vertex -32.2134 16.1613 12.85
      vertex -32.7093 14.7987 12.85
      vertex -32.575 14.7361 12.85
    endloop
  endfacet
  facet normal 0 0 1
    outer loop
      vertex -32.6006 16.2651 12.85
      vertex -32.8524 14.8371 12.85
      vertex -32.7093 14.7987 12.85
    endloop
  endfacet
  facet normal 0 0 1
    outer loop
      vertex -33 16.3 12.85
      vertex -32.8524 14.8371 12.85
      vertex -32.6006 16.2651 12.85
    endloop
  endfacet
  facet normal 0 0 1
    outer loop
      vertex -33 16.3 12.85
      vertex -33 14.85 12.85
      vertex -32.8524 14.8371 12.85
    endloop
  endfacet
  facet normal 0 0 1
    outer loop
      vertex -33 16.3 12.85
      vertex -33.1476 14.8371 12.85
      vertex -33 14.85 12.85
    endloop
  endfacet
  facet normal -0 0 1
    outer loop
      vertex -33.3994 16.2651 12.85
      vertex -33.1476 14.8371 12.85
      vertex -33 16.3 12.85
    endloop
  endfacet
  facet normal 0 0 1
    outer loop
      vertex -33.1476 14.8371 12.85
      vertex -33.3994 16.2651 12.85
      vertex -33.2907 14.7987 12.85
    endloop
  endfacet
  facet normal -0 0 1
    outer loop
      vertex -33.7866 16.1613 12.85
      vertex -33.2907 14.7987 12.85
      vertex -33.3994 16.2651 12.85
    endloop
  endfacet
  facet normal 0 0 1
    outer loop
      vertex -33.2907 14.7987 12.85
      vertex -33.7866 16.1613 12.85
      vertex -33.425 14.7361 12.85
    endloop
  endfacet
  facet normal -0 0 1
    outer loop
      vertex -34.15 15.9919 12.85
      vertex -33.425 14.7361 12.85
      vertex -33.7866 16.1613 12.85
    endloop
  endfacet
  facet normal 0 0 1
    outer loop
      vertex -33.425 14.7361 12.85
      vertex -34.15 15.9919 12.85
      vertex -33.5464 14.6511 12.85
    endloop
  endfacet
  facet normal -0 0 1
    outer loop
      vertex -34.4784 15.7619 12.85
      vertex -33.5464 14.6511 12.85
      vertex -34.15 15.9919 12.85
    endloop
  endfacet
  facet normal 0 0 1
    outer loop
      vertex -33.5464 14.6511 12.85
      vertex -34.4784 15.7619 12.85
      vertex -33.6511 14.5464 12.85
    endloop
  endfacet
  facet normal -0 0 1
    outer loop
      vertex -34.7619 15.4784 12.85
      vertex -33.6511 14.5464 12.85
      vertex -34.4784 15.7619 12.85
    endloop
  endfacet
  facet normal 0 0 1
    outer loop
      vertex -33.6511 14.5464 12.85
      vertex -34.7619 15.4784 12.85
      vertex -33.7361 14.425 12.85
    endloop
  endfacet
  facet normal -0 0 1
    outer loop
      vertex -34.9919 15.15 12.85
      vertex -33.7361 14.425 12.85
      vertex -34.7619 15.4784 12.85
    endloop
  endfacet
  facet normal 0 0 1
    outer loop
      vertex -31.0081 12.85 12.85
      vertex -32.2639 13.575 12.85
      vertex -31.2381 12.5216 12.85
    endloop
  endfacet
  facet normal -0 0 1
    outer loop
      vertex -32.3489 13.4536 12.85
      vertex -31.2381 12.5216 12.85
      vertex -32.2639 13.575 12.85
    endloop
  endfacet
  facet normal 0 0 1
    outer loop
      vertex -31.2381 12.5216 12.85
      vertex -32.3489 13.4536 12.85
      vertex -31.5216 12.2381 12.85
    endloop
  endfacet
  facet normal -0 0 1
    outer loop
      vertex -32.4536 13.3489 12.85
      vertex -31.5216 12.2381 12.85
      vertex -32.3489 13.4536 12.85
    endloop
  endfacet
  facet normal 0 0 1
    outer loop
      vertex -31.5216 12.2381 12.85
      vertex -32.4536 13.3489 12.85
      vertex -31.85 12.0081 12.85
    endloop
  endfacet
  facet normal -0 0 1
    outer loop
      vertex -32.575 13.2639 12.85
      vertex -31.85 12.0081 12.85
      vertex -32.4536 13.3489 12.85
    endloop
  endfacet
  facet normal 0 0 1
    outer loop
      vertex -31.85 12.0081 12.85
      vertex -32.575 13.2639 12.85
      vertex -32.2134 11.8387 12.85
    endloop
  endfacet
  facet normal -0 0 1
    outer loop
      vertex -32.7093 13.2013 12.85
      vertex -32.2134 11.8387 12.85
      vertex -32.575 13.2639 12.85
    endloop
  endfacet
  facet normal 0 0 1
    outer loop
      vertex -32.2134 11.8387 12.85
      vertex -32.7093 13.2013 12.85
      vertex -32.6006 11.7349 12.85
    endloop
  endfacet
  facet normal -0 0 1
    outer loop
      vertex -32.8524 13.1629 12.85
      vertex -32.6006 11.7349 12.85
      vertex -32.7093 13.2013 12.85
    endloop
  endfacet
  facet normal -0 0 1
    outer loop
      vertex -33 13.15 12.85
      vertex -32.6006 11.7349 12.85
      vertex -32.8524 13.1629 12.85
    endloop
  endfacet
  facet normal 0 0 1
    outer loop
      vertex -33 13.15 12.85
      vertex -33 11.7 12.85
      vertex -32.6006 11.7349 12.85
    endloop
  endfacet
  facet normal 0 0 1
    outer loop
      vertex -33.1476 13.1629 12.85
      vertex -33 11.7 12.85
      vertex -33 13.15 12.85
    endloop
  endfacet
  facet normal 0 0 1
    outer loop
      vertex -33.3994 11.7349 12.85
      vertex -33.1476 13.1629 12.85
      vertex -33.2907 13.2013 12.85
    endloop
  endfacet
  facet normal 0 0 1
    outer loop
      vertex -33.1476 13.1629 12.85
      vertex -33.3994 11.7349 12.85
      vertex -33 11.7 12.85
    endloop
  endfacet
  facet normal 0 0 1
    outer loop
      vertex -33.7866 11.8387 12.85
      vertex -33.2907 13.2013 12.85
      vertex -33.425 13.2639 12.85
    endloop
  endfacet
  facet normal 0 0 1
    outer loop
      vertex -34.15 12.0081 12.85
      vertex -33.425 13.2639 12.85
      vertex -33.5464 13.3489 12.85
    endloop
  endfacet
  facet normal 0 0 1
    outer loop
      vertex -34.4784 12.2381 12.85
      vertex -33.5464 13.3489 12.85
      vertex -33.6511 13.4536 12.85
    endloop
  endfacet
  facet normal 0 0 1
    outer loop
      vertex -34.7619 12.5216 12.85
      vertex -33.6511 13.4536 12.85
      vertex -33.7361 13.575 12.85
    endloop
  endfacet
  facet normal 0 0 1
    outer loop
      vertex -33.2907 13.2013 12.85
      vertex -33.7866 11.8387 12.85
      vertex -33.3994 11.7349 12.85
    endloop
  endfacet
  facet normal 0 0 1
    outer loop
      vertex -34.9919 12.85 12.85
      vertex -33.7361 13.575 12.85
      vertex -33.7987 13.7093 12.85
    endloop
  endfacet
  facet normal 0 0 1
    outer loop
      vertex -35.1613 13.2134 12.85
      vertex -33.7987 13.7093 12.85
      vertex -33.8371 13.8524 12.85
    endloop
  endfacet
  facet normal 0 0 1
    outer loop
      vertex -35.2651 13.6006 12.85
      vertex -33.8371 13.8524 12.85
      vertex -33.85 14 12.85
    endloop
  endfacet
  facet normal 0 0 1
    outer loop
      vertex -33.7361 14.425 12.85
      vertex -34.9919 15.15 12.85
      vertex -33.7987 14.2907 12.85
    endloop
  endfacet
  facet normal 0 0 1
    outer loop
      vertex -33.425 13.2639 12.85
      vertex -34.15 12.0081 12.85
      vertex -33.7866 11.8387 12.85
    endloop
  endfacet
  facet normal -0 0 1
    outer loop
      vertex -35.1613 14.7866 12.85
      vertex -33.7987 14.2907 12.85
      vertex -34.9919 15.15 12.85
    endloop
  endfacet
  facet normal 0 0 1
    outer loop
      vertex -33.5464 13.3489 12.85
      vertex -34.4784 12.2381 12.85
      vertex -34.15 12.0081 12.85
    endloop
  endfacet
  facet normal 0 0 1
    outer loop
      vertex -33.7987 14.2907 12.85
      vertex -35.1613 14.7866 12.85
      vertex -33.8371 14.1476 12.85
    endloop
  endfacet
  facet normal 0 0 1
    outer loop
      vertex -33.6511 13.4536 12.85
      vertex -34.7619 12.5216 12.85
      vertex -34.4784 12.2381 12.85
    endloop
  endfacet
  facet normal -0 0 1
    outer loop
      vertex -35.2651 14.3994 12.85
      vertex -33.8371 14.1476 12.85
      vertex -35.1613 14.7866 12.85
    endloop
  endfacet
  facet normal 0 0 1
    outer loop
      vertex -33.7361 13.575 12.85
      vertex -34.9919 12.85 12.85
      vertex -34.7619 12.5216 12.85
    endloop
  endfacet
  facet normal 0 0 1
    outer loop
      vertex -33.8371 14.1476 12.85
      vertex -35.2651 14.3994 12.85
      vertex -33.85 14 12.85
    endloop
  endfacet
  facet normal 0 0 1
    outer loop
      vertex -33.7987 13.7093 12.85
      vertex -35.1613 13.2134 12.85
      vertex -34.9919 12.85 12.85
    endloop
  endfacet
  facet normal 0 0 1
    outer loop
      vertex -35.3 14 12.85
      vertex -33.85 14 12.85
      vertex -35.2651 14.3994 12.85
    endloop
  endfacet
  facet normal 0 0 1
    outer loop
      vertex -33.8371 13.8524 12.85
      vertex -35.2651 13.6006 12.85
      vertex -35.1613 13.2134 12.85
    endloop
  endfacet
  facet normal 0 0 1
    outer loop
      vertex -33.85 14 12.85
      vertex -35.3 14 12.85
      vertex -35.2651 13.6006 12.85
    endloop
  endfacet
  facet normal 0.965895 0.258936 0
    outer loop
      vertex -30.7349 14.3994 12.85
      vertex -30.8387 14.7866 1.4
      vertex -30.8387 14.7866 12.85
    endloop
  endfacet
  facet normal 0.965895 0.258936 0
    outer loop
      vertex -30.8387 14.7866 1.4
      vertex -30.7349 14.3994 12.85
      vertex -30.7349 14.3994 1.4
    endloop
  endfacet
  facet normal -0.965884 -0.258975 -0
    outer loop
      vertex -35.2 13.3578 2.65
      vertex -35.2651 13.6006 1.4
      vertex -35.2 13.3578 1.4
    endloop
  endfacet
  facet normal -0.965884 -0.258975 0
    outer loop
      vertex -35.2651 13.6006 1.4
      vertex -35.2 13.3578 2.65
      vertex -35.2651 13.6006 12.85
    endloop
  endfacet
  facet normal -0.965912 -0.25887 -0
    outer loop
      vertex -35.1613 13.2134 12.85
      vertex -35.2 13.3578 2.65
      vertex -35.1613 13.2134 2.65
    endloop
  endfacet
  facet normal -0.965895 -0.258936 -9.97825e-07
    outer loop
      vertex -35.2 13.3578 2.65
      vertex -35.1613 13.2134 12.85
      vertex -35.2651 13.6006 12.85
    endloop
  endfacet
  facet normal 0.422503 -0.906361 0
    outer loop
      vertex -32.2134 11.8387 1.4
      vertex -31.85 12.0081 12.85
      vertex -32.2134 11.8387 12.85
    endloop
  endfacet
  facet normal 0.422503 -0.906361 0
    outer loop
      vertex -31.85 12.0081 12.85
      vertex -32.2134 11.8387 1.4
      vertex -31.85 12.0081 1.4
    endloop
  endfacet
  facet normal -0.819091 0.573663 0
    outer loop
      vertex -34.9919 15.15 2.65
      vertex -34.7619 15.4784 12.85
      vertex -34.7619 15.4784 2.65
    endloop
  endfacet
  facet normal -0.819091 0.573663 0
    outer loop
      vertex -34.7619 15.4784 12.85
      vertex -34.9919 15.15 2.65
      vertex -34.9919 15.15 12.85
    endloop
  endfacet
  facet normal 0.25887 0.965912 0
    outer loop
      vertex -32.3578 16.2 2.65
      vertex -32.2134 16.1613 12.85
      vertex -32.2134 16.1613 2.65
    endloop
  endfacet
  facet normal 0.258936 0.965895 -9.97825e-07
    outer loop
      vertex -32.2134 16.1613 12.85
      vertex -32.3578 16.2 2.65
      vertex -32.6006 16.2651 12.85
    endloop
  endfacet
  facet normal 0.258975 0.965884 0
    outer loop
      vertex -32.6006 16.2651 1.4
      vertex -32.3578 16.2 2.65
      vertex -32.3578 16.2 1.4
    endloop
  endfacet
  facet normal 0.258975 0.965884 0
    outer loop
      vertex -32.3578 16.2 2.65
      vertex -32.6006 16.2651 1.4
      vertex -32.6006 16.2651 12.85
    endloop
  endfacet
  facet normal -0.906361 0.422503 0
    outer loop
      vertex -35.1613 14.7866 2.65
      vertex -34.9919 15.15 12.85
      vertex -34.9919 15.15 2.65
    endloop
  endfacet
  facet normal -0.906361 0.422503 0
    outer loop
      vertex -34.9919 15.15 12.85
      vertex -35.1613 14.7866 2.65
      vertex -35.1613 14.7866 12.85
    endloop
  endfacet
  facet normal -0.819091 -0.573663 0
    outer loop
      vertex -34.7619 12.5216 2.65
      vertex -34.9919 12.85 12.85
      vertex -34.9919 12.85 2.65
    endloop
  endfacet
  facet normal -0.819091 -0.573663 0
    outer loop
      vertex -34.9919 12.85 12.85
      vertex -34.7619 12.5216 2.65
      vertex -34.7619 12.5216 12.85
    endloop
  endfacet
  facet normal 0.906415 0.422389 0
    outer loop
      vertex -31.0081 15.15 12.85
      vertex -30.9382 15 2.65
      vertex -31.0081 15.15 2.65
    endloop
  endfacet
  facet normal 0.906361 0.422503 -2.03931e-06
    outer loop
      vertex -30.8387 14.7866 12.85
      vertex -30.9382 15 2.65
      vertex -31.0081 15.15 12.85
    endloop
  endfacet
  facet normal 0.906324 0.422583 -0
    outer loop
      vertex -30.8387 14.7866 1.4
      vertex -30.9382 15 2.65
      vertex -30.8387 14.7866 12.85
    endloop
  endfacet
  facet normal 0.906324 0.422583 0
    outer loop
      vertex -30.9382 15 2.65
      vertex -30.8387 14.7866 1.4
      vertex -30.9382 15 1.4
    endloop
  endfacet
  facet normal -0.906361 -0.422503 0
    outer loop
      vertex -34.9919 12.85 2.65
      vertex -35.1613 13.2134 12.85
      vertex -35.1613 13.2134 2.65
    endloop
  endfacet
  facet normal -0.906361 -0.422503 0
    outer loop
      vertex -35.1613 13.2134 12.85
      vertex -34.9919 12.85 2.65
      vertex -34.9919 12.85 12.85
    endloop
  endfacet
  facet normal 0.707107 -0.707107 0
    outer loop
      vertex -31.5216 12.2381 12.85
      vertex -31.2381 12.5216 1.4
      vertex -31.2381 12.5216 12.85
    endloop
  endfacet
  facet normal 0.707107 -0.707107 0
    outer loop
      vertex -31.2381 12.5216 1.4
      vertex -31.5216 12.2381 12.85
      vertex -31.5216 12.2381 1.4
    endloop
  endfacet
  facet normal 0.707107 0.707107 0
    outer loop
      vertex -31.2381 15.4784 12.85
      vertex -31.5216 15.7619 2.65
      vertex -31.5216 15.7619 12.85
    endloop
  endfacet
  facet normal 0.707107 0.707107 0
    outer loop
      vertex -31.5216 15.7619 2.65
      vertex -31.2381 15.4784 12.85
      vertex -31.2381 15.4784 2.65
    endloop
  endfacet
  facet normal 0.573663 -0.819091 0
    outer loop
      vertex -31.85 12.0081 1.4
      vertex -31.5216 12.2381 12.85
      vertex -31.85 12.0081 12.85
    endloop
  endfacet
  facet normal 0.573663 -0.819091 0
    outer loop
      vertex -31.5216 12.2381 12.85
      vertex -31.85 12.0081 1.4
      vertex -31.5216 12.2381 1.4
    endloop
  endfacet
  facet normal 0.819091 0.573663 0
    outer loop
      vertex -31.0081 15.15 12.85
      vertex -31.2381 15.4784 2.65
      vertex -31.2381 15.4784 12.85
    endloop
  endfacet
  facet normal 0.819091 0.573663 0
    outer loop
      vertex -31.2381 15.4784 2.65
      vertex -31.0081 15.15 12.85
      vertex -31.0081 15.15 2.65
    endloop
  endfacet
  facet normal -0.707107 0.707107 0
    outer loop
      vertex -34.4784 15.7619 2.65
      vertex -34.7619 15.4784 12.85
      vertex -34.4784 15.7619 12.85
    endloop
  endfacet
  facet normal -0.707107 0.707107 0
    outer loop
      vertex -34.7619 15.4784 12.85
      vertex -34.4784 15.7619 2.65
      vertex -34.7619 15.4784 2.65
    endloop
  endfacet
  facet normal 0.0870494 0.996204 -0
    outer loop
      vertex -32.6006 16.2651 1.4
      vertex -33 16.3 12.85
      vertex -32.6006 16.2651 12.85
    endloop
  endfacet
  facet normal 0.0870494 0.996204 0
    outer loop
      vertex -33 16.3 12.85
      vertex -32.6006 16.2651 1.4
      vertex -33 16.3 1.4
    endloop
  endfacet
  facet normal -0.258936 0.965895 -9.97825e-07
    outer loop
      vertex -33.3994 16.2651 12.85
      vertex -33.6422 16.2 2.65
      vertex -33.7866 16.1613 12.85
    endloop
  endfacet
  facet normal -0.258975 0.965884 0
    outer loop
      vertex -33.3994 16.2651 1.4
      vertex -33.6422 16.2 2.65
      vertex -33.3994 16.2651 12.85
    endloop
  endfacet
  facet normal -0.258975 0.965884 0
    outer loop
      vertex -33.6422 16.2 2.65
      vertex -33.3994 16.2651 1.4
      vertex -33.6422 16.2 1.4
    endloop
  endfacet
  facet normal -0.25887 0.965912 0
    outer loop
      vertex -33.7866 16.1613 12.85
      vertex -33.6422 16.2 2.65
      vertex -33.7866 16.1613 2.65
    endloop
  endfacet
  facet normal -0.996204 0.0870494 0
    outer loop
      vertex -35.3 14 1.4
      vertex -35.2651 14.3994 12.85
      vertex -35.2651 14.3994 1.4
    endloop
  endfacet
  facet normal -0.996204 0.0870494 0
    outer loop
      vertex -35.2651 14.3994 12.85
      vertex -35.3 14 1.4
      vertex -35.3 14 12.85
    endloop
  endfacet
  facet normal -0.0870494 -0.996204 0
    outer loop
      vertex -33.3994 11.7349 1.4
      vertex -33 11.7 12.85
      vertex -33.3994 11.7349 12.85
    endloop
  endfacet
  facet normal -0.0870494 -0.996204 -0
    outer loop
      vertex -33 11.7 12.85
      vertex -33.3994 11.7349 1.4
      vertex -33 11.7 1.4
    endloop
  endfacet
  facet normal -0.996204 -0.0870494 0
    outer loop
      vertex -35.2651 13.6006 1.4
      vertex -35.3 14 12.85
      vertex -35.3 14 1.4
    endloop
  endfacet
  facet normal -0.996204 -0.0870494 0
    outer loop
      vertex -35.3 14 12.85
      vertex -35.2651 13.6006 1.4
      vertex -35.2651 13.6006 12.85
    endloop
  endfacet
  facet normal -0.0870494 0.996204 0
    outer loop
      vertex -33 16.3 1.4
      vertex -33.3994 16.2651 12.85
      vertex -33 16.3 12.85
    endloop
  endfacet
  facet normal -0.0870494 0.996204 0
    outer loop
      vertex -33.3994 16.2651 12.85
      vertex -33 16.3 1.4
      vertex -33.3994 16.2651 1.4
    endloop
  endfacet
  facet normal -0.422503 0.906361 0
    outer loop
      vertex -33.7866 16.1613 2.65
      vertex -34.15 15.9919 12.85
      vertex -33.7866 16.1613 12.85
    endloop
  endfacet
  facet normal -0.422503 0.906361 0
    outer loop
      vertex -34.15 15.9919 12.85
      vertex -33.7866 16.1613 2.65
      vertex -34.15 15.9919 2.65
    endloop
  endfacet
  facet normal 0.258936 0.965895 -0
    outer loop
      vertex -32.2134 -11.8387 1.4
      vertex -32.6006 -11.7349 12.85
      vertex -32.2134 -11.8387 12.85
    endloop
  endfacet
  facet normal 0.258936 0.965895 0
    outer loop
      vertex -32.6006 -11.7349 12.85
      vertex -32.2134 -11.8387 1.4
      vertex -32.6006 -11.7349 1.4
    endloop
  endfacet
  facet normal 0.965895 -0.258936 0
    outer loop
      vertex -30.8387 -14.7866 12.85
      vertex -30.7349 -14.3994 1.4
      vertex -30.7349 -14.3994 12.85
    endloop
  endfacet
  facet normal 0.965895 -0.258936 0
    outer loop
      vertex -30.7349 -14.3994 1.4
      vertex -30.8387 -14.7866 12.85
      vertex -30.8387 -14.7866 1.4
    endloop
  endfacet
  facet normal 0.996204 -0.0870494 0
    outer loop
      vertex -30.7349 -14.3994 12.85
      vertex -30.7 -14 1.4
      vertex -30.7 -14 12.85
    endloop
  endfacet
  facet normal 0.996204 -0.0870494 0
    outer loop
      vertex -30.7 -14 1.4
      vertex -30.7349 -14.3994 12.85
      vertex -30.7349 -14.3994 1.4
    endloop
  endfacet
  facet normal 0.906324 -0.422583 0
    outer loop
      vertex -30.8387 -14.7866 12.85
      vertex -30.9382 -15 2.65
      vertex -30.8387 -14.7866 1.4
    endloop
  endfacet
  facet normal 0.906361 -0.422503 -2.03931e-06
    outer loop
      vertex -31.0081 -15.15 12.85
      vertex -30.9382 -15 2.65
      vertex -30.8387 -14.7866 12.85
    endloop
  endfacet
  facet normal 0.906415 -0.422389 0
    outer loop
      vertex -30.9382 -15 2.65
      vertex -31.0081 -15.15 12.85
      vertex -31.0081 -15.15 2.65
    endloop
  endfacet
  facet normal 0.906324 -0.422583 0
    outer loop
      vertex -30.8387 -14.7866 1.4
      vertex -30.9382 -15 2.65
      vertex -30.9382 -15 1.4
    endloop
  endfacet
  facet normal 0.996204 0.0870494 0
    outer loop
      vertex -30.7 -14 12.85
      vertex -30.7349 -13.6006 1.4
      vertex -30.7349 -13.6006 12.85
    endloop
  endfacet
  facet normal 0.996204 0.0870494 0
    outer loop
      vertex -30.7349 -13.6006 1.4
      vertex -30.7 -14 12.85
      vertex -30.7 -14 1.4
    endloop
  endfacet
  facet normal 0.258936 -0.965895 -9.97825e-07
    outer loop
      vertex -32.6006 -16.2651 12.85
      vertex -32.3578 -16.2 2.65
      vertex -32.2134 -16.1613 12.85
    endloop
  endfacet
  facet normal 0.258975 -0.965884 0
    outer loop
      vertex -32.6006 -16.2651 1.4
      vertex -32.3578 -16.2 2.65
      vertex -32.6006 -16.2651 12.85
    endloop
  endfacet
  facet normal 0.258975 -0.965884 0
    outer loop
      vertex -32.3578 -16.2 2.65
      vertex -32.6006 -16.2651 1.4
      vertex -32.3578 -16.2 1.4
    endloop
  endfacet
  facet normal 0.25887 -0.965912 0
    outer loop
      vertex -32.2134 -16.1613 12.85
      vertex -32.3578 -16.2 2.65
      vertex -32.2134 -16.1613 2.65
    endloop
  endfacet
  facet normal 0.707107 -0.707107 0
    outer loop
      vertex -31.5216 -15.7619 12.85
      vertex -31.2381 -15.4784 2.65
      vertex -31.2381 -15.4784 12.85
    endloop
  endfacet
  facet normal 0.707107 -0.707107 0
    outer loop
      vertex -31.2381 -15.4784 2.65
      vertex -31.5216 -15.7619 12.85
      vertex -31.5216 -15.7619 2.65
    endloop
  endfacet
  facet normal -0.906361 0.422503 0
    outer loop
      vertex -35.1613 -13.2134 2.65
      vertex -34.9919 -12.85 12.85
      vertex -34.9919 -12.85 2.65
    endloop
  endfacet
  facet normal -0.906361 0.422503 0
    outer loop
      vertex -34.9919 -12.85 12.85
      vertex -35.1613 -13.2134 2.65
      vertex -35.1613 -13.2134 12.85
    endloop
  endfacet
  facet normal 0.906361 0.422503 0
    outer loop
      vertex -30.8387 -13.2134 12.85
      vertex -31.0081 -12.85 1.4
      vertex -31.0081 -12.85 12.85
    endloop
  endfacet
  facet normal 0.906361 0.422503 0
    outer loop
      vertex -31.0081 -12.85 1.4
      vertex -30.8387 -13.2134 12.85
      vertex -30.8387 -13.2134 1.4
    endloop
  endfacet
  facet normal -0.422503 -0.906361 0
    outer loop
      vertex -34.15 -15.9919 2.65
      vertex -33.7866 -16.1613 12.85
      vertex -34.15 -15.9919 12.85
    endloop
  endfacet
  facet normal -0.422503 -0.906361 -0
    outer loop
      vertex -33.7866 -16.1613 12.85
      vertex -34.15 -15.9919 2.65
      vertex -33.7866 -16.1613 2.65
    endloop
  endfacet
  facet normal 0 0 1
    outer loop
      vertex -32.15 -14 12.85
      vertex -30.7 -14 12.85
      vertex -30.7349 -13.6006 12.85
    endloop
  endfacet
  facet normal 0 0 1
    outer loop
      vertex -32.1629 -13.8524 12.85
      vertex -30.7349 -13.6006 12.85
      vertex -30.8387 -13.2134 12.85
    endloop
  endfacet
  facet normal 0 0 1
    outer loop
      vertex -30.7 -14 12.85
      vertex -32.15 -14 12.85
      vertex -30.7349 -14.3994 12.85
    endloop
  endfacet
  facet normal 0 0 1
    outer loop
      vertex -32.2013 -13.7093 12.85
      vertex -30.8387 -13.2134 12.85
      vertex -31.0081 -12.85 12.85
    endloop
  endfacet
  facet normal -0 0 1
    outer loop
      vertex -32.1629 -14.1476 12.85
      vertex -30.7349 -14.3994 12.85
      vertex -32.15 -14 12.85
    endloop
  endfacet
  facet normal 0 0 1
    outer loop
      vertex -32.2639 -13.575 12.85
      vertex -31.0081 -12.85 12.85
      vertex -31.2381 -12.5216 12.85
    endloop
  endfacet
  facet normal 0 0 1
    outer loop
      vertex -30.7349 -14.3994 12.85
      vertex -32.1629 -14.1476 12.85
      vertex -30.8387 -14.7866 12.85
    endloop
  endfacet
  facet normal 0 0 1
    outer loop
      vertex -32.3489 -13.4536 12.85
      vertex -31.2381 -12.5216 12.85
      vertex -31.5216 -12.2381 12.85
    endloop
  endfacet
  facet normal -0 0 1
    outer loop
      vertex -32.2013 -14.2907 12.85
      vertex -30.8387 -14.7866 12.85
      vertex -32.1629 -14.1476 12.85
    endloop
  endfacet
  facet normal 0 0 1
    outer loop
      vertex -32.4536 -13.3489 12.85
      vertex -31.5216 -12.2381 12.85
      vertex -31.85 -12.0081 12.85
    endloop
  endfacet
  facet normal 0 0 1
    outer loop
      vertex -30.8387 -14.7866 12.85
      vertex -32.2013 -14.2907 12.85
      vertex -31.0081 -15.15 12.85
    endloop
  endfacet
  facet normal -0 0 1
    outer loop
      vertex -32.2639 -14.425 12.85
      vertex -31.0081 -15.15 12.85
      vertex -32.2013 -14.2907 12.85
    endloop
  endfacet
  facet normal 0 0 1
    outer loop
      vertex -30.7349 -13.6006 12.85
      vertex -32.1629 -13.8524 12.85
      vertex -32.15 -14 12.85
    endloop
  endfacet
  facet normal 0 0 1
    outer loop
      vertex -30.8387 -13.2134 12.85
      vertex -32.2013 -13.7093 12.85
      vertex -32.1629 -13.8524 12.85
    endloop
  endfacet
  facet normal 0 0 1
    outer loop
      vertex -32.575 -13.2639 12.85
      vertex -31.85 -12.0081 12.85
      vertex -32.2134 -11.8387 12.85
    endloop
  endfacet
  facet normal 0 0 1
    outer loop
      vertex -31.0081 -12.85 12.85
      vertex -32.2639 -13.575 12.85
      vertex -32.2013 -13.7093 12.85
    endloop
  endfacet
  facet normal 0 0 1
    outer loop
      vertex -31.2381 -12.5216 12.85
      vertex -32.3489 -13.4536 12.85
      vertex -32.2639 -13.575 12.85
    endloop
  endfacet
  facet normal 0 0 1
    outer loop
      vertex -31.5216 -12.2381 12.85
      vertex -32.4536 -13.3489 12.85
      vertex -32.3489 -13.4536 12.85
    endloop
  endfacet
  facet normal 0 0 1
    outer loop
      vertex -31.85 -12.0081 12.85
      vertex -32.575 -13.2639 12.85
      vertex -32.4536 -13.3489 12.85
    endloop
  endfacet
  facet normal 0 0 1
    outer loop
      vertex -32.7093 -13.2013 12.85
      vertex -32.2134 -11.8387 12.85
      vertex -32.6006 -11.7349 12.85
    endloop
  endfacet
  facet normal 0 0 1
    outer loop
      vertex -32.2134 -11.8387 12.85
      vertex -32.7093 -13.2013 12.85
      vertex -32.575 -13.2639 12.85
    endloop
  endfacet
  facet normal 0 0 1
    outer loop
      vertex -32.6006 -11.7349 12.85
      vertex -32.8524 -13.1629 12.85
      vertex -32.7093 -13.2013 12.85
    endloop
  endfacet
  facet normal 0 0 1
    outer loop
      vertex -33 -11.7 12.85
      vertex -32.8524 -13.1629 12.85
      vertex -32.6006 -11.7349 12.85
    endloop
  endfacet
  facet normal 0 0 1
    outer loop
      vertex -33 -11.7 12.85
      vertex -33 -13.15 12.85
      vertex -32.8524 -13.1629 12.85
    endloop
  endfacet
  facet normal 0 0 1
    outer loop
      vertex -33 -11.7 12.85
      vertex -33.1476 -13.1629 12.85
      vertex -33 -13.15 12.85
    endloop
  endfacet
  facet normal -0 0 1
    outer loop
      vertex -33.3994 -11.7349 12.85
      vertex -33.1476 -13.1629 12.85
      vertex -33 -11.7 12.85
    endloop
  endfacet
  facet normal 0 0 1
    outer loop
      vertex -33.1476 -13.1629 12.85
      vertex -33.3994 -11.7349 12.85
      vertex -33.2907 -13.2013 12.85
    endloop
  endfacet
  facet normal -0 0 1
    outer loop
      vertex -33.7866 -11.8387 12.85
      vertex -33.2907 -13.2013 12.85
      vertex -33.3994 -11.7349 12.85
    endloop
  endfacet
  facet normal 0 0 1
    outer loop
      vertex -33.2907 -13.2013 12.85
      vertex -33.7866 -11.8387 12.85
      vertex -33.425 -13.2639 12.85
    endloop
  endfacet
  facet normal -0 0 1
    outer loop
      vertex -34.15 -12.0081 12.85
      vertex -33.425 -13.2639 12.85
      vertex -33.7866 -11.8387 12.85
    endloop
  endfacet
  facet normal 0 0 1
    outer loop
      vertex -33.425 -13.2639 12.85
      vertex -34.15 -12.0081 12.85
      vertex -33.5464 -13.3489 12.85
    endloop
  endfacet
  facet normal -0 0 1
    outer loop
      vertex -34.4784 -12.2381 12.85
      vertex -33.5464 -13.3489 12.85
      vertex -34.15 -12.0081 12.85
    endloop
  endfacet
  facet normal 0 0 1
    outer loop
      vertex -33.5464 -13.3489 12.85
      vertex -34.4784 -12.2381 12.85
      vertex -33.6511 -13.4536 12.85
    endloop
  endfacet
  facet normal -0 0 1
    outer loop
      vertex -34.7619 -12.5216 12.85
      vertex -33.6511 -13.4536 12.85
      vertex -34.4784 -12.2381 12.85
    endloop
  endfacet
  facet normal 0 0 1
    outer loop
      vertex -33.6511 -13.4536 12.85
      vertex -34.7619 -12.5216 12.85
      vertex -33.7361 -13.575 12.85
    endloop
  endfacet
  facet normal -0 0 1
    outer loop
      vertex -34.9919 -12.85 12.85
      vertex -33.7361 -13.575 12.85
      vertex -34.7619 -12.5216 12.85
    endloop
  endfacet
  facet normal 0 0 1
    outer loop
      vertex -31.0081 -15.15 12.85
      vertex -32.2639 -14.425 12.85
      vertex -31.2381 -15.4784 12.85
    endloop
  endfacet
  facet normal -0 0 1
    outer loop
      vertex -32.3489 -14.5464 12.85
      vertex -31.2381 -15.4784 12.85
      vertex -32.2639 -14.425 12.85
    endloop
  endfacet
  facet normal 0 0 1
    outer loop
      vertex -31.2381 -15.4784 12.85
      vertex -32.3489 -14.5464 12.85
      vertex -31.5216 -15.7619 12.85
    endloop
  endfacet
  facet normal -0 0 1
    outer loop
      vertex -32.4536 -14.6511 12.85
      vertex -31.5216 -15.7619 12.85
      vertex -32.3489 -14.5464 12.85
    endloop
  endfacet
  facet normal 0 0 1
    outer loop
      vertex -31.5216 -15.7619 12.85
      vertex -32.4536 -14.6511 12.85
      vertex -31.85 -15.9919 12.85
    endloop
  endfacet
  facet normal -0 0 1
    outer loop
      vertex -32.575 -14.7361 12.85
      vertex -31.85 -15.9919 12.85
      vertex -32.4536 -14.6511 12.85
    endloop
  endfacet
  facet normal 0 0 1
    outer loop
      vertex -31.85 -15.9919 12.85
      vertex -32.575 -14.7361 12.85
      vertex -32.2134 -16.1613 12.85
    endloop
  endfacet
  facet normal -0 0 1
    outer loop
      vertex -32.7093 -14.7987 12.85
      vertex -32.2134 -16.1613 12.85
      vertex -32.575 -14.7361 12.85
    endloop
  endfacet
  facet normal 0 0 1
    outer loop
      vertex -32.2134 -16.1613 12.85
      vertex -32.7093 -14.7987 12.85
      vertex -32.6006 -16.2651 12.85
    endloop
  endfacet
  facet normal -0 0 1
    outer loop
      vertex -32.8524 -14.8371 12.85
      vertex -32.6006 -16.2651 12.85
      vertex -32.7093 -14.7987 12.85
    endloop
  endfacet
  facet normal -0 0 1
    outer loop
      vertex -33 -14.85 12.85
      vertex -32.6006 -16.2651 12.85
      vertex -32.8524 -14.8371 12.85
    endloop
  endfacet
  facet normal 0 0 1
    outer loop
      vertex -33 -14.85 12.85
      vertex -33 -16.3 12.85
      vertex -32.6006 -16.2651 12.85
    endloop
  endfacet
  facet normal 0 0 1
    outer loop
      vertex -33.1476 -14.8371 12.85
      vertex -33 -16.3 12.85
      vertex -33 -14.85 12.85
    endloop
  endfacet
  facet normal 0 0 1
    outer loop
      vertex -33.3994 -16.2651 12.85
      vertex -33.1476 -14.8371 12.85
      vertex -33.2907 -14.7987 12.85
    endloop
  endfacet
  facet normal 0 0 1
    outer loop
      vertex -33.1476 -14.8371 12.85
      vertex -33.3994 -16.2651 12.85
      vertex -33 -16.3 12.85
    endloop
  endfacet
  facet normal 0 0 1
    outer loop
      vertex -33.7866 -16.1613 12.85
      vertex -33.2907 -14.7987 12.85
      vertex -33.425 -14.7361 12.85
    endloop
  endfacet
  facet normal 0 0 1
    outer loop
      vertex -34.15 -15.9919 12.85
      vertex -33.425 -14.7361 12.85
      vertex -33.5464 -14.6511 12.85
    endloop
  endfacet
  facet normal 0 0 1
    outer loop
      vertex -34.4784 -15.7619 12.85
      vertex -33.5464 -14.6511 12.85
      vertex -33.6511 -14.5464 12.85
    endloop
  endfacet
  facet normal 0 0 1
    outer loop
      vertex -34.7619 -15.4784 12.85
      vertex -33.6511 -14.5464 12.85
      vertex -33.7361 -14.425 12.85
    endloop
  endfacet
  facet normal 0 0 1
    outer loop
      vertex -33.2907 -14.7987 12.85
      vertex -33.7866 -16.1613 12.85
      vertex -33.3994 -16.2651 12.85
    endloop
  endfacet
  facet normal 0 0 1
    outer loop
      vertex -34.9919 -15.15 12.85
      vertex -33.7361 -14.425 12.85
      vertex -33.7987 -14.2907 12.85
    endloop
  endfacet
  facet normal 0 0 1
    outer loop
      vertex -35.1613 -14.7866 12.85
      vertex -33.7987 -14.2907 12.85
      vertex -33.8371 -14.1476 12.85
    endloop
  endfacet
  facet normal 0 0 1
    outer loop
      vertex -35.2651 -14.3994 12.85
      vertex -33.8371 -14.1476 12.85
      vertex -33.85 -14 12.85
    endloop
  endfacet
  facet normal 0 0 1
    outer loop
      vertex -33.7361 -13.575 12.85
      vertex -34.9919 -12.85 12.85
      vertex -33.7987 -13.7093 12.85
    endloop
  endfacet
  facet normal 0 0 1
    outer loop
      vertex -33.425 -14.7361 12.85
      vertex -34.15 -15.9919 12.85
      vertex -33.7866 -16.1613 12.85
    endloop
  endfacet
  facet normal -0 0 1
    outer loop
      vertex -35.1613 -13.2134 12.85
      vertex -33.7987 -13.7093 12.85
      vertex -34.9919 -12.85 12.85
    endloop
  endfacet
  facet normal 0 0 1
    outer loop
      vertex -33.5464 -14.6511 12.85
      vertex -34.4784 -15.7619 12.85
      vertex -34.15 -15.9919 12.85
    endloop
  endfacet
  facet normal 0 0 1
    outer loop
      vertex -33.7987 -13.7093 12.85
      vertex -35.1613 -13.2134 12.85
      vertex -33.8371 -13.8524 12.85
    endloop
  endfacet
  facet normal 0 0 1
    outer loop
      vertex -33.6511 -14.5464 12.85
      vertex -34.7619 -15.4784 12.85
      vertex -34.4784 -15.7619 12.85
    endloop
  endfacet
  facet normal -0 0 1
    outer loop
      vertex -35.2651 -13.6006 12.85
      vertex -33.8371 -13.8524 12.85
      vertex -35.1613 -13.2134 12.85
    endloop
  endfacet
  facet normal 0 0 1
    outer loop
      vertex -33.7361 -14.425 12.85
      vertex -34.9919 -15.15 12.85
      vertex -34.7619 -15.4784 12.85
    endloop
  endfacet
  facet normal 0 0 1
    outer loop
      vertex -33.8371 -13.8524 12.85
      vertex -35.2651 -13.6006 12.85
      vertex -33.85 -14 12.85
    endloop
  endfacet
  facet normal 0 0 1
    outer loop
      vertex -33.7987 -14.2907 12.85
      vertex -35.1613 -14.7866 12.85
      vertex -34.9919 -15.15 12.85
    endloop
  endfacet
  facet normal 0 0 1
    outer loop
      vertex -35.3 -14 12.85
      vertex -33.85 -14 12.85
      vertex -35.2651 -13.6006 12.85
    endloop
  endfacet
  facet normal 0 0 1
    outer loop
      vertex -33.8371 -14.1476 12.85
      vertex -35.2651 -14.3994 12.85
      vertex -35.1613 -14.7866 12.85
    endloop
  endfacet
  facet normal 0 0 1
    outer loop
      vertex -33.85 -14 12.85
      vertex -35.3 -14 12.85
      vertex -35.2651 -14.3994 12.85
    endloop
  endfacet
  facet normal 0.707107 0.707107 0
    outer loop
      vertex -31.2381 -12.5216 12.85
      vertex -31.5216 -12.2381 1.4
      vertex -31.5216 -12.2381 12.85
    endloop
  endfacet
  facet normal 0.707107 0.707107 0
    outer loop
      vertex -31.5216 -12.2381 1.4
      vertex -31.2381 -12.5216 12.85
      vertex -31.2381 -12.5216 1.4
    endloop
  endfacet
  facet normal 0.819091 0.573663 0
    outer loop
      vertex -31.0081 -12.85 12.85
      vertex -31.2381 -12.5216 1.4
      vertex -31.2381 -12.5216 12.85
    endloop
  endfacet
  facet normal 0.819091 0.573663 0
    outer loop
      vertex -31.2381 -12.5216 1.4
      vertex -31.0081 -12.85 12.85
      vertex -31.0081 -12.85 1.4
    endloop
  endfacet
  facet normal 0.422503 0.906361 -0
    outer loop
      vertex -31.85 -12.0081 1.4
      vertex -32.2134 -11.8387 12.85
      vertex -31.85 -12.0081 12.85
    endloop
  endfacet
  facet normal 0.422503 0.906361 0
    outer loop
      vertex -32.2134 -11.8387 12.85
      vertex -31.85 -12.0081 1.4
      vertex -32.2134 -11.8387 1.4
    endloop
  endfacet
  facet normal -0.965884 0.258975 0
    outer loop
      vertex -35.2 -13.3578 1.4
      vertex -35.2651 -13.6006 1.4
      vertex -35.2 -13.3578 2.65
    endloop
  endfacet
  facet normal -0.965912 0.25887 0
    outer loop
      vertex -35.2 -13.3578 2.65
      vertex -35.1613 -13.2134 12.85
      vertex -35.1613 -13.2134 2.65
    endloop
  endfacet
  facet normal -0.965884 0.258975 0
    outer loop
      vertex -35.2651 -13.6006 12.85
      vertex -35.2 -13.3578 2.65
      vertex -35.2651 -13.6006 1.4
    endloop
  endfacet
  facet normal -0.965895 0.258936 -9.97825e-07
    outer loop
      vertex -35.2 -13.3578 2.65
      vertex -35.2651 -13.6006 12.85
      vertex -35.1613 -13.2134 12.85
    endloop
  endfacet
  facet normal -0.707107 -0.707107 0
    outer loop
      vertex -34.7619 -15.4784 2.65
      vertex -34.4784 -15.7619 12.85
      vertex -34.7619 -15.4784 12.85
    endloop
  endfacet
  facet normal -0.707107 -0.707107 -0
    outer loop
      vertex -34.4784 -15.7619 12.85
      vertex -34.7619 -15.4784 2.65
      vertex -34.4784 -15.7619 2.65
    endloop
  endfacet
  facet normal 0.819091 -0.573663 0
    outer loop
      vertex -31.2381 -15.4784 12.85
      vertex -31.0081 -15.15 2.65
      vertex -31.0081 -15.15 12.85
    endloop
  endfacet
  facet normal 0.819091 -0.573663 0
    outer loop
      vertex -31.0081 -15.15 2.65
      vertex -31.2381 -15.4784 12.85
      vertex -31.2381 -15.4784 2.65
    endloop
  endfacet
  facet normal -0.25887 -0.965912 0
    outer loop
      vertex -33.6422 -16.2 2.65
      vertex -33.7866 -16.1613 12.85
      vertex -33.7866 -16.1613 2.65
    endloop
  endfacet
  facet normal -0.258936 -0.965895 -9.97825e-07
    outer loop
      vertex -33.7866 -16.1613 12.85
      vertex -33.6422 -16.2 2.65
      vertex -33.3994 -16.2651 12.85
    endloop
  endfacet
  facet normal -0.258975 -0.965884 0
    outer loop
      vertex -33.3994 -16.2651 1.4
      vertex -33.6422 -16.2 2.65
      vertex -33.6422 -16.2 1.4
    endloop
  endfacet
  facet normal -0.258975 -0.965884 0
    outer loop
      vertex -33.6422 -16.2 2.65
      vertex -33.3994 -16.2651 1.4
      vertex -33.3994 -16.2651 12.85
    endloop
  endfacet
  facet normal -0.996204 -0.0870494 0
    outer loop
      vertex -35.2651 -14.3994 1.4
      vertex -35.3 -14 12.85
      vertex -35.3 -14 1.4
    endloop
  endfacet
  facet normal -0.996204 -0.0870494 0
    outer loop
      vertex -35.3 -14 12.85
      vertex -35.2651 -14.3994 1.4
      vertex -35.2651 -14.3994 12.85
    endloop
  endfacet
  facet normal -0.573663 -0.819091 0
    outer loop
      vertex -34.4784 -15.7619 2.65
      vertex -34.15 -15.9919 12.85
      vertex -34.4784 -15.7619 12.85
    endloop
  endfacet
  facet normal -0.573663 -0.819091 -0
    outer loop
      vertex -34.15 -15.9919 12.85
      vertex -34.4784 -15.7619 2.65
      vertex -34.15 -15.9919 2.65
    endloop
  endfacet
  facet normal -0.906361 -0.422503 0
    outer loop
      vertex -34.9919 -15.15 2.65
      vertex -35.1613 -14.7866 12.85
      vertex -35.1613 -14.7866 2.65
    endloop
  endfacet
  facet normal -0.906361 -0.422503 0
    outer loop
      vertex -35.1613 -14.7866 12.85
      vertex -34.9919 -15.15 2.65
      vertex -34.9919 -15.15 12.85
    endloop
  endfacet
  facet normal -0.0870494 0.996204 0
    outer loop
      vertex -33 -11.7 1.4
      vertex -33.3994 -11.7349 12.85
      vertex -33 -11.7 12.85
    endloop
  endfacet
  facet normal -0.0870494 0.996204 0
    outer loop
      vertex -33.3994 -11.7349 12.85
      vertex -33 -11.7 1.4
      vertex -33.3994 -11.7349 1.4
    endloop
  endfacet
  facet normal -0.965884 -0.258975 -0
    outer loop
      vertex -35.2 -14.6422 2.65
      vertex -35.2651 -14.3994 1.4
      vertex -35.2 -14.6422 1.4
    endloop
  endfacet
  facet normal -0.965884 -0.258975 0
    outer loop
      vertex -35.2651 -14.3994 1.4
      vertex -35.2 -14.6422 2.65
      vertex -35.2651 -14.3994 12.85
    endloop
  endfacet
  facet normal -0.965912 -0.25887 -0
    outer loop
      vertex -35.1613 -14.7866 12.85
      vertex -35.2 -14.6422 2.65
      vertex -35.1613 -14.7866 2.65
    endloop
  endfacet
  facet normal -0.965895 -0.258936 -9.97825e-07
    outer loop
      vertex -35.2 -14.6422 2.65
      vertex -35.1613 -14.7866 12.85
      vertex -35.2651 -14.3994 12.85
    endloop
  endfacet
  facet normal 0.573663 0.819091 -0
    outer loop
      vertex -31.5216 -12.2381 1.4
      vertex -31.85 -12.0081 12.85
      vertex -31.5216 -12.2381 12.85
    endloop
  endfacet
  facet normal 0.573663 0.819091 0
    outer loop
      vertex -31.85 -12.0081 12.85
      vertex -31.5216 -12.2381 1.4
      vertex -31.85 -12.0081 1.4
    endloop
  endfacet
  facet normal 0.422503 -0.906361 0
    outer loop
      vertex -32.2134 -16.1613 2.65
      vertex -31.85 -15.9919 12.85
      vertex -32.2134 -16.1613 12.85
    endloop
  endfacet
  facet normal 0.422503 -0.906361 0
    outer loop
      vertex -31.85 -15.9919 12.85
      vertex -32.2134 -16.1613 2.65
      vertex -31.85 -15.9919 2.65
    endloop
  endfacet
  facet normal 0.573663 -0.819091 0
    outer loop
      vertex -31.85 -15.9919 2.65
      vertex -31.5216 -15.7619 12.85
      vertex -31.85 -15.9919 12.85
    endloop
  endfacet
  facet normal 0.573663 -0.819091 0
    outer loop
      vertex -31.5216 -15.7619 12.85
      vertex -31.85 -15.9919 2.65
      vertex -31.5216 -15.7619 2.65
    endloop
  endfacet
  facet normal 0.0870494 -0.996204 0
    outer loop
      vertex -33 -16.3 1.4
      vertex -32.6006 -16.2651 12.85
      vertex -33 -16.3 12.85
    endloop
  endfacet
  facet normal 0.0870494 -0.996204 0
    outer loop
      vertex -32.6006 -16.2651 12.85
      vertex -33 -16.3 1.4
      vertex -32.6006 -16.2651 1.4
    endloop
  endfacet
  facet normal -0.258936 0.965895 0
    outer loop
      vertex -33.3994 -11.7349 1.4
      vertex -33.7866 -11.8387 12.85
      vertex -33.3994 -11.7349 12.85
    endloop
  endfacet
  facet normal -0.258936 0.965895 0
    outer loop
      vertex -33.7866 -11.8387 12.85
      vertex -33.3994 -11.7349 1.4
      vertex -33.7866 -11.8387 1.4
    endloop
  endfacet
  facet normal -0.573663 0.819091 0
    outer loop
      vertex -34.15 -12.0081 2.65
      vertex -34.4784 -12.2381 12.85
      vertex -34.15 -12.0081 12.85
    endloop
  endfacet
  facet normal -0.573663 0.819091 0
    outer loop
      vertex -34.4784 -12.2381 12.85
      vertex -34.15 -12.0081 2.65
      vertex -34.4784 -12.2381 2.65
    endloop
  endfacet
  facet normal -0.819091 0.573663 0
    outer loop
      vertex -34.9919 -12.85 2.65
      vertex -34.7619 -12.5216 12.85
      vertex -34.7619 -12.5216 2.65
    endloop
  endfacet
  facet normal -0.819091 0.573663 0
    outer loop
      vertex -34.7619 -12.5216 12.85
      vertex -34.9919 -12.85 2.65
      vertex -34.9919 -12.85 12.85
    endloop
  endfacet
  facet normal 0.965895 0.258936 0
    outer loop
      vertex -30.7349 -13.6006 12.85
      vertex -30.8387 -13.2134 1.4
      vertex -30.8387 -13.2134 12.85
    endloop
  endfacet
  facet normal 0.965895 0.258936 0
    outer loop
      vertex -30.8387 -13.2134 1.4
      vertex -30.7349 -13.6006 12.85
      vertex -30.7349 -13.6006 1.4
    endloop
  endfacet
  facet normal -0.0870494 -0.996204 0
    outer loop
      vertex -33.3994 -16.2651 1.4
      vertex -33 -16.3 12.85
      vertex -33.3994 -16.2651 12.85
    endloop
  endfacet
  facet normal -0.0870494 -0.996204 -0
    outer loop
      vertex -33 -16.3 12.85
      vertex -33.3994 -16.2651 1.4
      vertex -33 -16.3 1.4
    endloop
  endfacet
  facet normal -0.707107 0.707107 0
    outer loop
      vertex -34.4784 -12.2381 2.65
      vertex -34.7619 -12.5216 12.85
      vertex -34.4784 -12.2381 12.85
    endloop
  endfacet
  facet normal -0.707107 0.707107 0
    outer loop
      vertex -34.7619 -12.5216 12.85
      vertex -34.4784 -12.2381 2.65
      vertex -34.7619 -12.5216 2.65
    endloop
  endfacet
  facet normal 0.0870494 0.996204 -0
    outer loop
      vertex -32.6006 -11.7349 1.4
      vertex -33 -11.7 12.85
      vertex -32.6006 -11.7349 12.85
    endloop
  endfacet
  facet normal 0.0870494 0.996204 0
    outer loop
      vertex -33 -11.7 12.85
      vertex -32.6006 -11.7349 1.4
      vertex -33 -11.7 1.4
    endloop
  endfacet
  facet normal -0.819091 -0.573663 0
    outer loop
      vertex -34.7619 -15.4784 2.65
      vertex -34.9919 -15.15 12.85
      vertex -34.9919 -15.15 2.65
    endloop
  endfacet
  facet normal -0.819091 -0.573663 0
    outer loop
      vertex -34.9919 -15.15 12.85
      vertex -34.7619 -15.4784 2.65
      vertex -34.7619 -15.4784 12.85
    endloop
  endfacet
  facet normal -0.996204 0.0870494 0
    outer loop
      vertex -35.3 -14 1.4
      vertex -35.2651 -13.6006 12.85
      vertex -35.2651 -13.6006 1.4
    endloop
  endfacet
  facet normal -0.996204 0.0870494 0
    outer loop
      vertex -35.2651 -13.6006 12.85
      vertex -35.3 -14 1.4
      vertex -35.3 -14 12.85
    endloop
  endfacet
  facet normal -0.422503 0.906361 -2.03931e-06
    outer loop
      vertex -33.7866 -11.8387 12.85
      vertex -34 -11.9382 2.65
      vertex -34.15 -12.0081 12.85
    endloop
  endfacet
  facet normal -0.422583 0.906324 0
    outer loop
      vertex -33.7866 -11.8387 1.4
      vertex -34 -11.9382 2.65
      vertex -33.7866 -11.8387 12.85
    endloop
  endfacet
  facet normal -0.422583 0.906324 0
    outer loop
      vertex -34 -11.9382 2.65
      vertex -33.7866 -11.8387 1.4
      vertex -34 -11.9382 1.4
    endloop
  endfacet
  facet normal -0.422389 0.906415 0
    outer loop
      vertex -34.15 -12.0081 12.85
      vertex -34 -11.9382 2.65
      vertex -34.15 -12.0081 2.65
    endloop
  endfacet
  facet normal -0.258936 -0.965895 0
    outer loop
      vertex 32.2134 11.8387 1.4
      vertex 32.6006 11.7349 12.85
      vertex 32.2134 11.8387 12.85
    endloop
  endfacet
  facet normal -0.258936 -0.965895 -0
    outer loop
      vertex 32.6006 11.7349 12.85
      vertex 32.2134 11.8387 1.4
      vertex 32.6006 11.7349 1.4
    endloop
  endfacet
  facet normal 0.965884 -0.258975 0
    outer loop
      vertex 35.2651 13.6006 12.85
      vertex 35.2 13.3578 2.65
      vertex 35.2651 13.6006 1.4
    endloop
  endfacet
  facet normal 0.965895 -0.258936 -9.97825e-07
    outer loop
      vertex 35.1613 13.2134 12.85
      vertex 35.2 13.3578 2.65
      vertex 35.2651 13.6006 12.85
    endloop
  endfacet
  facet normal 0.965912 -0.25887 0
    outer loop
      vertex 35.2 13.3578 2.65
      vertex 35.1613 13.2134 12.85
      vertex 35.1613 13.2134 2.65
    endloop
  endfacet
  facet normal 0.965884 -0.258975 0
    outer loop
      vertex 35.2651 13.6006 1.4
      vertex 35.2 13.3578 2.65
      vertex 35.2 13.3578 1.4
    endloop
  endfacet
  facet normal 0.996204 -0.0870494 0
    outer loop
      vertex 35.2651 13.6006 12.85
      vertex 35.3 14 1.4
      vertex 35.3 14 12.85
    endloop
  endfacet
  facet normal 0.996204 -0.0870494 0
    outer loop
      vertex 35.3 14 1.4
      vertex 35.2651 13.6006 12.85
      vertex 35.2651 13.6006 1.4
    endloop
  endfacet
  facet normal 0.906361 -0.422503 0
    outer loop
      vertex 34.9919 12.85 12.85
      vertex 35.1613 13.2134 2.65
      vertex 35.1613 13.2134 12.85
    endloop
  endfacet
  facet normal 0.906361 -0.422503 0
    outer loop
      vertex 35.1613 13.2134 2.65
      vertex 34.9919 12.85 12.85
      vertex 34.9919 12.85 2.65
    endloop
  endfacet
  facet normal -0.707107 0.707107 0
    outer loop
      vertex 31.2381 15.4784 2.65
      vertex 31.5216 15.7619 12.85
      vertex 31.5216 15.7619 2.65
    endloop
  endfacet
  facet normal -0.707107 0.707107 0
    outer loop
      vertex 31.5216 15.7619 12.85
      vertex 31.2381 15.4784 2.65
      vertex 31.2381 15.4784 12.85
    endloop
  endfacet
  facet normal 0.573663 0.819091 -0
    outer loop
      vertex 34.4784 15.7619 2.65
      vertex 34.15 15.9919 12.85
      vertex 34.4784 15.7619 12.85
    endloop
  endfacet
  facet normal 0.573663 0.819091 0
    outer loop
      vertex 34.15 15.9919 12.85
      vertex 34.4784 15.7619 2.65
      vertex 34.15 15.9919 2.65
    endloop
  endfacet
  facet normal 0.996204 0.0870494 0
    outer loop
      vertex 35.3 14 12.85
      vertex 35.2651 14.3994 1.4
      vertex 35.2651 14.3994 12.85
    endloop
  endfacet
  facet normal 0.996204 0.0870494 0
    outer loop
      vertex 35.2651 14.3994 1.4
      vertex 35.3 14 12.85
      vertex 35.3 14 1.4
    endloop
  endfacet
  facet normal 0.819091 -0.573663 0
    outer loop
      vertex 34.7619 12.5216 12.85
      vertex 34.9919 12.85 2.65
      vertex 34.9919 12.85 12.85
    endloop
  endfacet
  facet normal 0.819091 -0.573663 0
    outer loop
      vertex 34.9919 12.85 2.65
      vertex 34.7619 12.5216 12.85
      vertex 34.7619 12.5216 2.65
    endloop
  endfacet
  facet normal 0.819091 0.573663 0
    outer loop
      vertex 34.9919 15.15 12.85
      vertex 34.7619 15.4784 2.65
      vertex 34.7619 15.4784 12.85
    endloop
  endfacet
  facet normal 0.819091 0.573663 0
    outer loop
      vertex 34.7619 15.4784 2.65
      vertex 34.9919 15.15 12.85
      vertex 34.9919 15.15 2.65
    endloop
  endfacet
  facet normal 0.0870494 -0.996204 0
    outer loop
      vertex 33 11.7 1.4
      vertex 33.3994 11.7349 12.85
      vertex 33 11.7 12.85
    endloop
  endfacet
  facet normal 0.0870494 -0.996204 0
    outer loop
      vertex 33.3994 11.7349 12.85
      vertex 33 11.7 1.4
      vertex 33.3994 11.7349 1.4
    endloop
  endfacet
  facet normal -0.707107 -0.707107 0
    outer loop
      vertex 31.5216 12.2381 1.4
      vertex 31.2381 12.5216 12.85
      vertex 31.2381 12.5216 1.4
    endloop
  endfacet
  facet normal -0.707107 -0.707107 0
    outer loop
      vertex 31.2381 12.5216 12.85
      vertex 31.5216 12.2381 1.4
      vertex 31.5216 12.2381 12.85
    endloop
  endfacet
  facet normal -0.965895 -0.258936 0
    outer loop
      vertex 30.8387 13.2134 1.4
      vertex 30.7349 13.6006 12.85
      vertex 30.7349 13.6006 1.4
    endloop
  endfacet
  facet normal -0.965895 -0.258936 0
    outer loop
      vertex 30.7349 13.6006 12.85
      vertex 30.8387 13.2134 1.4
      vertex 30.8387 13.2134 12.85
    endloop
  endfacet
  facet normal -0.573663 -0.819091 0
    outer loop
      vertex 31.5216 12.2381 1.4
      vertex 31.85 12.0081 12.85
      vertex 31.5216 12.2381 12.85
    endloop
  endfacet
  facet normal -0.573663 -0.819091 -0
    outer loop
      vertex 31.85 12.0081 12.85
      vertex 31.5216 12.2381 1.4
      vertex 31.85 12.0081 1.4
    endloop
  endfacet
  facet normal 0 0 1
    outer loop
      vertex 33.85 14 12.85
      vertex 35.3 14 12.85
      vertex 35.2651 14.3994 12.85
    endloop
  endfacet
  facet normal 0 0 1
    outer loop
      vertex 33.8371 14.1476 12.85
      vertex 35.2651 14.3994 12.85
      vertex 35.1613 14.7866 12.85
    endloop
  endfacet
  facet normal 0 0 1
    outer loop
      vertex 35.3 14 12.85
      vertex 33.85 14 12.85
      vertex 35.2651 13.6006 12.85
    endloop
  endfacet
  facet normal 0 0 1
    outer loop
      vertex 33.7987 14.2907 12.85
      vertex 35.1613 14.7866 12.85
      vertex 34.9919 15.15 12.85
    endloop
  endfacet
  facet normal -0 0 1
    outer loop
      vertex 33.8371 13.8524 12.85
      vertex 35.2651 13.6006 12.85
      vertex 33.85 14 12.85
    endloop
  endfacet
  facet normal 0 0 1
    outer loop
      vertex 33.7361 14.425 12.85
      vertex 34.9919 15.15 12.85
      vertex 34.7619 15.4784 12.85
    endloop
  endfacet
  facet normal 0 0 1
    outer loop
      vertex 35.2651 13.6006 12.85
      vertex 33.8371 13.8524 12.85
      vertex 35.1613 13.2134 12.85
    endloop
  endfacet
  facet normal 0 0 1
    outer loop
      vertex 33.6511 14.5464 12.85
      vertex 34.7619 15.4784 12.85
      vertex 34.4784 15.7619 12.85
    endloop
  endfacet
  facet normal -0 0 1
    outer loop
      vertex 33.7987 13.7093 12.85
      vertex 35.1613 13.2134 12.85
      vertex 33.8371 13.8524 12.85
    endloop
  endfacet
  facet normal 0 0 1
    outer loop
      vertex 33.5464 14.6511 12.85
      vertex 34.4784 15.7619 12.85
      vertex 34.15 15.9919 12.85
    endloop
  endfacet
  facet normal 0 0 1
    outer loop
      vertex 35.1613 13.2134 12.85
      vertex 33.7987 13.7093 12.85
      vertex 34.9919 12.85 12.85
    endloop
  endfacet
  facet normal -0 0 1
    outer loop
      vertex 33.7361 13.575 12.85
      vertex 34.9919 12.85 12.85
      vertex 33.7987 13.7093 12.85
    endloop
  endfacet
  facet normal 0 0 1
    outer loop
      vertex 35.2651 14.3994 12.85
      vertex 33.8371 14.1476 12.85
      vertex 33.85 14 12.85
    endloop
  endfacet
  facet normal 0 0 1
    outer loop
      vertex 35.1613 14.7866 12.85
      vertex 33.7987 14.2907 12.85
      vertex 33.8371 14.1476 12.85
    endloop
  endfacet
  facet normal 0 0 1
    outer loop
      vertex 33.425 14.7361 12.85
      vertex 34.15 15.9919 12.85
      vertex 33.7866 16.1613 12.85
    endloop
  endfacet
  facet normal 0 0 1
    outer loop
      vertex 34.9919 15.15 12.85
      vertex 33.7361 14.425 12.85
      vertex 33.7987 14.2907 12.85
    endloop
  endfacet
  facet normal 0 0 1
    outer loop
      vertex 34.7619 15.4784 12.85
      vertex 33.6511 14.5464 12.85
      vertex 33.7361 14.425 12.85
    endloop
  endfacet
  facet normal 0 0 1
    outer loop
      vertex 34.4784 15.7619 12.85
      vertex 33.5464 14.6511 12.85
      vertex 33.6511 14.5464 12.85
    endloop
  endfacet
  facet normal 0 0 1
    outer loop
      vertex 34.15 15.9919 12.85
      vertex 33.425 14.7361 12.85
      vertex 33.5464 14.6511 12.85
    endloop
  endfacet
  facet normal 0 0 1
    outer loop
      vertex 33.2907 14.7987 12.85
      vertex 33.7866 16.1613 12.85
      vertex 33.3994 16.2651 12.85
    endloop
  endfacet
  facet normal 0 0 1
    outer loop
      vertex 33.7866 16.1613 12.85
      vertex 33.2907 14.7987 12.85
      vertex 33.425 14.7361 12.85
    endloop
  endfacet
  facet normal 0 0 1
    outer loop
      vertex 33.3994 16.2651 12.85
      vertex 33.1476 14.8371 12.85
      vertex 33.2907 14.7987 12.85
    endloop
  endfacet
  facet normal 0 0 1
    outer loop
      vertex 33 16.3 12.85
      vertex 33.1476 14.8371 12.85
      vertex 33.3994 16.2651 12.85
    endloop
  endfacet
  facet normal 0 0 1
    outer loop
      vertex 33 16.3 12.85
      vertex 33 14.85 12.85
      vertex 33.1476 14.8371 12.85
    endloop
  endfacet
  facet normal 0 0 1
    outer loop
      vertex 33 16.3 12.85
      vertex 32.8524 14.8371 12.85
      vertex 33 14.85 12.85
    endloop
  endfacet
  facet normal -0 0 1
    outer loop
      vertex 32.6006 16.2651 12.85
      vertex 32.8524 14.8371 12.85
      vertex 33 16.3 12.85
    endloop
  endfacet
  facet normal 0 0 1
    outer loop
      vertex 32.8524 14.8371 12.85
      vertex 32.6006 16.2651 12.85
      vertex 32.7093 14.7987 12.85
    endloop
  endfacet
  facet normal -0 0 1
    outer loop
      vertex 32.2134 16.1613 12.85
      vertex 32.7093 14.7987 12.85
      vertex 32.6006 16.2651 12.85
    endloop
  endfacet
  facet normal 0 0 1
    outer loop
      vertex 32.7093 14.7987 12.85
      vertex 32.2134 16.1613 12.85
      vertex 32.575 14.7361 12.85
    endloop
  endfacet
  facet normal -0 0 1
    outer loop
      vertex 31.85 15.9919 12.85
      vertex 32.575 14.7361 12.85
      vertex 32.2134 16.1613 12.85
    endloop
  endfacet
  facet normal 0 0 1
    outer loop
      vertex 32.575 14.7361 12.85
      vertex 31.85 15.9919 12.85
      vertex 32.4536 14.6511 12.85
    endloop
  endfacet
  facet normal -0 0 1
    outer loop
      vertex 31.5216 15.7619 12.85
      vertex 32.4536 14.6511 12.85
      vertex 31.85 15.9919 12.85
    endloop
  endfacet
  facet normal 0 0 1
    outer loop
      vertex 32.4536 14.6511 12.85
      vertex 31.5216 15.7619 12.85
      vertex 32.3489 14.5464 12.85
    endloop
  endfacet
  facet normal -0 0 1
    outer loop
      vertex 31.2381 15.4784 12.85
      vertex 32.3489 14.5464 12.85
      vertex 31.5216 15.7619 12.85
    endloop
  endfacet
  facet normal 0 0 1
    outer loop
      vertex 32.3489 14.5464 12.85
      vertex 31.2381 15.4784 12.85
      vertex 32.2639 14.425 12.85
    endloop
  endfacet
  facet normal -0 0 1
    outer loop
      vertex 31.0081 15.15 12.85
      vertex 32.2639 14.425 12.85
      vertex 31.2381 15.4784 12.85
    endloop
  endfacet
  facet normal 0 0 1
    outer loop
      vertex 34.9919 12.85 12.85
      vertex 33.7361 13.575 12.85
      vertex 34.7619 12.5216 12.85
    endloop
  endfacet
  facet normal -0 0 1
    outer loop
      vertex 33.6511 13.4536 12.85
      vertex 34.7619 12.5216 12.85
      vertex 33.7361 13.575 12.85
    endloop
  endfacet
  facet normal 0 0 1
    outer loop
      vertex 34.7619 12.5216 12.85
      vertex 33.6511 13.4536 12.85
      vertex 34.4784 12.2381 12.85
    endloop
  endfacet
  facet normal -0 0 1
    outer loop
      vertex 33.5464 13.3489 12.85
      vertex 34.4784 12.2381 12.85
      vertex 33.6511 13.4536 12.85
    endloop
  endfacet
  facet normal 0 0 1
    outer loop
      vertex 34.4784 12.2381 12.85
      vertex 33.5464 13.3489 12.85
      vertex 34.15 12.0081 12.85
    endloop
  endfacet
  facet normal -0 0 1
    outer loop
      vertex 33.425 13.2639 12.85
      vertex 34.15 12.0081 12.85
      vertex 33.5464 13.3489 12.85
    endloop
  endfacet
  facet normal 0 0 1
    outer loop
      vertex 34.15 12.0081 12.85
      vertex 33.425 13.2639 12.85
      vertex 33.7866 11.8387 12.85
    endloop
  endfacet
  facet normal -0 0 1
    outer loop
      vertex 33.2907 13.2013 12.85
      vertex 33.7866 11.8387 12.85
      vertex 33.425 13.2639 12.85
    endloop
  endfacet
  facet normal 0 0 1
    outer loop
      vertex 33.7866 11.8387 12.85
      vertex 33.2907 13.2013 12.85
      vertex 33.3994 11.7349 12.85
    endloop
  endfacet
  facet normal -0 0 1
    outer loop
      vertex 33.1476 13.1629 12.85
      vertex 33.3994 11.7349 12.85
      vertex 33.2907 13.2013 12.85
    endloop
  endfacet
  facet normal -0 0 1
    outer loop
      vertex 33 13.15 12.85
      vertex 33.3994 11.7349 12.85
      vertex 33.1476 13.1629 12.85
    endloop
  endfacet
  facet normal 0 0 1
    outer loop
      vertex 33 13.15 12.85
      vertex 33 11.7 12.85
      vertex 33.3994 11.7349 12.85
    endloop
  endfacet
  facet normal 0 0 1
    outer loop
      vertex 32.8524 13.1629 12.85
      vertex 33 11.7 12.85
      vertex 33 13.15 12.85
    endloop
  endfacet
  facet normal 0 0 1
    outer loop
      vertex 32.6006 11.7349 12.85
      vertex 32.8524 13.1629 12.85
      vertex 32.7093 13.2013 12.85
    endloop
  endfacet
  facet normal 0 0 1
    outer loop
      vertex 32.8524 13.1629 12.85
      vertex 32.6006 11.7349 12.85
      vertex 33 11.7 12.85
    endloop
  endfacet
  facet normal 0 0 1
    outer loop
      vertex 32.2134 11.8387 12.85
      vertex 32.7093 13.2013 12.85
      vertex 32.575 13.2639 12.85
    endloop
  endfacet
  facet normal 0 0 1
    outer loop
      vertex 31.85 12.0081 12.85
      vertex 32.575 13.2639 12.85
      vertex 32.4536 13.3489 12.85
    endloop
  endfacet
  facet normal 0 0 1
    outer loop
      vertex 31.5216 12.2381 12.85
      vertex 32.4536 13.3489 12.85
      vertex 32.3489 13.4536 12.85
    endloop
  endfacet
  facet normal 0 0 1
    outer loop
      vertex 31.2381 12.5216 12.85
      vertex 32.3489 13.4536 12.85
      vertex 32.2639 13.575 12.85
    endloop
  endfacet
  facet normal 0 0 1
    outer loop
      vertex 32.7093 13.2013 12.85
      vertex 32.2134 11.8387 12.85
      vertex 32.6006 11.7349 12.85
    endloop
  endfacet
  facet normal 0 0 1
    outer loop
      vertex 31.0081 12.85 12.85
      vertex 32.2639 13.575 12.85
      vertex 32.2013 13.7093 12.85
    endloop
  endfacet
  facet normal 0 0 1
    outer loop
      vertex 30.8387 13.2134 12.85
      vertex 32.2013 13.7093 12.85
      vertex 32.1629 13.8524 12.85
    endloop
  endfacet
  facet normal 0 0 1
    outer loop
      vertex 30.7349 13.6006 12.85
      vertex 32.1629 13.8524 12.85
      vertex 32.15 14 12.85
    endloop
  endfacet
  facet normal 0 0 1
    outer loop
      vertex 32.2639 14.425 12.85
      vertex 31.0081 15.15 12.85
      vertex 32.2013 14.2907 12.85
    endloop
  endfacet
  facet normal 0 0 1
    outer loop
      vertex 32.575 13.2639 12.85
      vertex 31.85 12.0081 12.85
      vertex 32.2134 11.8387 12.85
    endloop
  endfacet
  facet normal -0 0 1
    outer loop
      vertex 30.8387 14.7866 12.85
      vertex 32.2013 14.2907 12.85
      vertex 31.0081 15.15 12.85
    endloop
  endfacet
  facet normal 0 0 1
    outer loop
      vertex 32.4536 13.3489 12.85
      vertex 31.5216 12.2381 12.85
      vertex 31.85 12.0081 12.85
    endloop
  endfacet
  facet normal 0 0 1
    outer loop
      vertex 32.2013 14.2907 12.85
      vertex 30.8387 14.7866 12.85
      vertex 32.1629 14.1476 12.85
    endloop
  endfacet
  facet normal 0 0 1
    outer loop
      vertex 32.3489 13.4536 12.85
      vertex 31.2381 12.5216 12.85
      vertex 31.5216 12.2381 12.85
    endloop
  endfacet
  facet normal -0 0 1
    outer loop
      vertex 30.7349 14.3994 12.85
      vertex 32.1629 14.1476 12.85
      vertex 30.8387 14.7866 12.85
    endloop
  endfacet
  facet normal 0 0 1
    outer loop
      vertex 32.2639 13.575 12.85
      vertex 31.0081 12.85 12.85
      vertex 31.2381 12.5216 12.85
    endloop
  endfacet
  facet normal 0 0 1
    outer loop
      vertex 32.1629 14.1476 12.85
      vertex 30.7349 14.3994 12.85
      vertex 32.15 14 12.85
    endloop
  endfacet
  facet normal 0 0 1
    outer loop
      vertex 32.2013 13.7093 12.85
      vertex 30.8387 13.2134 12.85
      vertex 31.0081 12.85 12.85
    endloop
  endfacet
  facet normal 0 0 1
    outer loop
      vertex 30.7 14 12.85
      vertex 32.15 14 12.85
      vertex 30.7349 14.3994 12.85
    endloop
  endfacet
  facet normal 0 0 1
    outer loop
      vertex 32.1629 13.8524 12.85
      vertex 30.7349 13.6006 12.85
      vertex 30.8387 13.2134 12.85
    endloop
  endfacet
  facet normal 0 0 1
    outer loop
      vertex 32.15 14 12.85
      vertex 30.7 14 12.85
      vertex 30.7349 13.6006 12.85
    endloop
  endfacet
  facet normal -0.906324 0.422583 0
    outer loop
      vertex 30.9382 15 1.4
      vertex 30.8387 14.7866 1.4
      vertex 30.9382 15 2.65
    endloop
  endfacet
  facet normal -0.906415 0.422389 0
    outer loop
      vertex 30.9382 15 2.65
      vertex 31.0081 15.15 12.85
      vertex 31.0081 15.15 2.65
    endloop
  endfacet
  facet normal -0.906324 0.422583 0
    outer loop
      vertex 30.8387 14.7866 12.85
      vertex 30.9382 15 2.65
      vertex 30.8387 14.7866 1.4
    endloop
  endfacet
  facet normal -0.906361 0.422503 -2.03931e-06
    outer loop
      vertex 30.9382 15 2.65
      vertex 30.8387 14.7866 12.85
      vertex 31.0081 15.15 12.85
    endloop
  endfacet
  facet normal 0.573663 -0.819091 0
    outer loop
      vertex 34.15 12.0081 2.65
      vertex 34.4784 12.2381 12.85
      vertex 34.15 12.0081 12.85
    endloop
  endfacet
  facet normal 0.573663 -0.819091 0
    outer loop
      vertex 34.4784 12.2381 12.85
      vertex 34.15 12.0081 2.65
      vertex 34.4784 12.2381 2.65
    endloop
  endfacet
  facet normal 0.258936 -0.965895 0
    outer loop
      vertex 33.3994 11.7349 1.4
      vertex 33.7866 11.8387 12.85
      vertex 33.3994 11.7349 12.85
    endloop
  endfacet
  facet normal 0.258936 -0.965895 0
    outer loop
      vertex 33.7866 11.8387 12.85
      vertex 33.3994 11.7349 1.4
      vertex 33.7866 11.8387 1.4
    endloop
  endfacet
  facet normal 0.965912 0.25887 0
    outer loop
      vertex 35.1613 14.7866 12.85
      vertex 35.2 14.6422 2.65
      vertex 35.1613 14.7866 2.65
    endloop
  endfacet
  facet normal 0.965895 0.258936 -9.97825e-07
    outer loop
      vertex 35.2651 14.3994 12.85
      vertex 35.2 14.6422 2.65
      vertex 35.1613 14.7866 12.85
    endloop
  endfacet
  facet normal 0.965884 0.258975 -0
    outer loop
      vertex 35.2651 14.3994 1.4
      vertex 35.2 14.6422 2.65
      vertex 35.2651 14.3994 12.85
    endloop
  endfacet
  facet normal 0.965884 0.258975 0
    outer loop
      vertex 35.2 14.6422 2.65
      vertex 35.2651 14.3994 1.4
      vertex 35.2 14.6422 1.4
    endloop
  endfacet
  facet normal -0.996204 -0.0870494 0
    outer loop
      vertex 30.7349 13.6006 1.4
      vertex 30.7 14 12.85
      vertex 30.7 14 1.4
    endloop
  endfacet
  facet normal -0.996204 -0.0870494 0
    outer loop
      vertex 30.7 14 12.85
      vertex 30.7349 13.6006 1.4
      vertex 30.7349 13.6006 12.85
    endloop
  endfacet
  facet normal 0.422503 -0.906361 -2.03931e-06
    outer loop
      vertex 33.7866 11.8387 12.85
      vertex 34 11.9382 2.65
      vertex 34.15 12.0081 12.85
    endloop
  endfacet
  facet normal 0.422583 -0.906324 0
    outer loop
      vertex 33.7866 11.8387 1.4
      vertex 34 11.9382 2.65
      vertex 33.7866 11.8387 12.85
    endloop
  endfacet
  facet normal 0.422583 -0.906324 0
    outer loop
      vertex 34 11.9382 2.65
      vertex 33.7866 11.8387 1.4
      vertex 34 11.9382 1.4
    endloop
  endfacet
  facet normal 0.422389 -0.906415 0
    outer loop
      vertex 34.15 12.0081 12.85
      vertex 34 11.9382 2.65
      vertex 34.15 12.0081 2.65
    endloop
  endfacet
  facet normal -0.819091 0.573663 0
    outer loop
      vertex 31.0081 15.15 2.65
      vertex 31.2381 15.4784 12.85
      vertex 31.2381 15.4784 2.65
    endloop
  endfacet
  facet normal -0.819091 0.573663 0
    outer loop
      vertex 31.2381 15.4784 12.85
      vertex 31.0081 15.15 2.65
      vertex 31.0081 15.15 12.85
    endloop
  endfacet
  facet normal -0.422503 -0.906361 0
    outer loop
      vertex 31.85 12.0081 1.4
      vertex 32.2134 11.8387 12.85
      vertex 31.85 12.0081 12.85
    endloop
  endfacet
  facet normal -0.422503 -0.906361 -0
    outer loop
      vertex 32.2134 11.8387 12.85
      vertex 31.85 12.0081 1.4
      vertex 32.2134 11.8387 1.4
    endloop
  endfacet
  facet normal 0.25887 0.965912 0
    outer loop
      vertex 33.6422 16.2 2.65
      vertex 33.7866 16.1613 12.85
      vertex 33.7866 16.1613 2.65
    endloop
  endfacet
  facet normal 0.258936 0.965895 -9.97825e-07
    outer loop
      vertex 33.7866 16.1613 12.85
      vertex 33.6422 16.2 2.65
      vertex 33.3994 16.2651 12.85
    endloop
  endfacet
  facet normal 0.258975 0.965884 0
    outer loop
      vertex 33.3994 16.2651 1.4
      vertex 33.6422 16.2 2.65
      vertex 33.6422 16.2 1.4
    endloop
  endfacet
  facet normal 0.258975 0.965884 0
    outer loop
      vertex 33.6422 16.2 2.65
      vertex 33.3994 16.2651 1.4
      vertex 33.3994 16.2651 12.85
    endloop
  endfacet
  facet normal 0.906361 0.422503 0
    outer loop
      vertex 35.1613 14.7866 12.85
      vertex 34.9919 15.15 2.65
      vertex 34.9919 15.15 12.85
    endloop
  endfacet
  facet normal 0.906361 0.422503 0
    outer loop
      vertex 34.9919 15.15 2.65
      vertex 35.1613 14.7866 12.85
      vertex 35.1613 14.7866 2.65
    endloop
  endfacet
  facet normal 0.707107 -0.707107 0
    outer loop
      vertex 34.4784 12.2381 2.65
      vertex 34.7619 12.5216 12.85
      vertex 34.4784 12.2381 12.85
    endloop
  endfacet
  facet normal 0.707107 -0.707107 0
    outer loop
      vertex 34.7619 12.5216 12.85
      vertex 34.4784 12.2381 2.65
      vertex 34.7619 12.5216 2.65
    endloop
  endfacet
  facet normal -0.965895 0.258936 0
    outer loop
      vertex 30.7349 14.3994 1.4
      vertex 30.8387 14.7866 12.85
      vertex 30.8387 14.7866 1.4
    endloop
  endfacet
  facet normal -0.965895 0.258936 0
    outer loop
      vertex 30.8387 14.7866 12.85
      vertex 30.7349 14.3994 1.4
      vertex 30.7349 14.3994 12.85
    endloop
  endfacet
  facet normal 0.0870494 0.996204 -0
    outer loop
      vertex 33.3994 16.2651 1.4
      vertex 33 16.3 12.85
      vertex 33.3994 16.2651 12.85
    endloop
  endfacet
  facet normal 0.0870494 0.996204 0
    outer loop
      vertex 33 16.3 12.85
      vertex 33.3994 16.2651 1.4
      vertex 33 16.3 1.4
    endloop
  endfacet
  facet normal -0.573663 0.819091 0
    outer loop
      vertex 31.85 15.9919 2.65
      vertex 31.5216 15.7619 12.85
      vertex 31.85 15.9919 12.85
    endloop
  endfacet
  facet normal -0.573663 0.819091 0
    outer loop
      vertex 31.5216 15.7619 12.85
      vertex 31.85 15.9919 2.65
      vertex 31.5216 15.7619 2.65
    endloop
  endfacet
  facet normal 0.707107 0.707107 -0
    outer loop
      vertex 34.7619 15.4784 2.65
      vertex 34.4784 15.7619 12.85
      vertex 34.7619 15.4784 12.85
    endloop
  endfacet
  facet normal 0.707107 0.707107 0
    outer loop
      vertex 34.4784 15.7619 12.85
      vertex 34.7619 15.4784 2.65
      vertex 34.4784 15.7619 2.65
    endloop
  endfacet
  facet normal -0.996204 0.0870494 0
    outer loop
      vertex 30.7 14 1.4
      vertex 30.7349 14.3994 12.85
      vertex 30.7349 14.3994 1.4
    endloop
  endfacet
  facet normal -0.996204 0.0870494 0
    outer loop
      vertex 30.7349 14.3994 12.85
      vertex 30.7 14 1.4
      vertex 30.7 14 12.85
    endloop
  endfacet
  facet normal 0.422503 0.906361 -0
    outer loop
      vertex 34.15 15.9919 2.65
      vertex 33.7866 16.1613 12.85
      vertex 34.15 15.9919 12.85
    endloop
  endfacet
  facet normal 0.422503 0.906361 0
    outer loop
      vertex 33.7866 16.1613 12.85
      vertex 34.15 15.9919 2.65
      vertex 33.7866 16.1613 2.65
    endloop
  endfacet
  facet normal -0.258936 0.965895 -9.97825e-07
    outer loop
      vertex 32.6006 16.2651 12.85
      vertex 32.3578 16.2 2.65
      vertex 32.2134 16.1613 12.85
    endloop
  endfacet
  facet normal -0.258975 0.965884 0
    outer loop
      vertex 32.6006 16.2651 1.4
      vertex 32.3578 16.2 2.65
      vertex 32.6006 16.2651 12.85
    endloop
  endfacet
  facet normal -0.258975 0.965884 0
    outer loop
      vertex 32.3578 16.2 2.65
      vertex 32.6006 16.2651 1.4
      vertex 32.3578 16.2 1.4
    endloop
  endfacet
  facet normal -0.25887 0.965912 0
    outer loop
      vertex 32.2134 16.1613 12.85
      vertex 32.3578 16.2 2.65
      vertex 32.2134 16.1613 2.65
    endloop
  endfacet
  facet normal -0.0870494 -0.996204 0
    outer loop
      vertex 32.6006 11.7349 1.4
      vertex 33 11.7 12.85
      vertex 32.6006 11.7349 12.85
    endloop
  endfacet
  facet normal -0.0870494 -0.996204 -0
    outer loop
      vertex 33 11.7 12.85
      vertex 32.6006 11.7349 1.4
      vertex 33 11.7 1.4
    endloop
  endfacet
  facet normal -0.819091 -0.573663 0
    outer loop
      vertex 31.2381 12.5216 1.4
      vertex 31.0081 12.85 12.85
      vertex 31.0081 12.85 1.4
    endloop
  endfacet
  facet normal -0.819091 -0.573663 0
    outer loop
      vertex 31.0081 12.85 12.85
      vertex 31.2381 12.5216 1.4
      vertex 31.2381 12.5216 12.85
    endloop
  endfacet
  facet normal -0.0870494 0.996204 0
    outer loop
      vertex 33 16.3 1.4
      vertex 32.6006 16.2651 12.85
      vertex 33 16.3 12.85
    endloop
  endfacet
  facet normal -0.0870494 0.996204 0
    outer loop
      vertex 32.6006 16.2651 12.85
      vertex 33 16.3 1.4
      vertex 32.6006 16.2651 1.4
    endloop
  endfacet
  facet normal -0.906361 -0.422503 0
    outer loop
      vertex 31.0081 12.85 1.4
      vertex 30.8387 13.2134 12.85
      vertex 30.8387 13.2134 1.4
    endloop
  endfacet
  facet normal -0.906361 -0.422503 0
    outer loop
      vertex 30.8387 13.2134 12.85
      vertex 31.0081 12.85 1.4
      vertex 31.0081 12.85 12.85
    endloop
  endfacet
  facet normal -0.422503 0.906361 0
    outer loop
      vertex 32.2134 16.1613 2.65
      vertex 31.85 15.9919 12.85
      vertex 32.2134 16.1613 12.85
    endloop
  endfacet
  facet normal -0.422503 0.906361 0
    outer loop
      vertex 31.85 15.9919 12.85
      vertex 32.2134 16.1613 2.65
      vertex 31.85 15.9919 2.65
    endloop
  endfacet
  facet normal 0.258936 0.965895 -0
    outer loop
      vertex 33.7866 -11.8387 1.4
      vertex 33.3994 -11.7349 12.85
      vertex 33.7866 -11.8387 12.85
    endloop
  endfacet
  facet normal 0.258936 0.965895 0
    outer loop
      vertex 33.3994 -11.7349 12.85
      vertex 33.7866 -11.8387 1.4
      vertex 33.3994 -11.7349 1.4
    endloop
  endfacet
  facet normal 0.965884 -0.258975 0
    outer loop
      vertex 35.2651 -14.3994 12.85
      vertex 35.2 -14.6422 2.65
      vertex 35.2651 -14.3994 1.4
    endloop
  endfacet
  facet normal 0.965895 -0.258936 -9.97825e-07
    outer loop
      vertex 35.1613 -14.7866 12.85
      vertex 35.2 -14.6422 2.65
      vertex 35.2651 -14.3994 12.85
    endloop
  endfacet
  facet normal 0.965912 -0.25887 0
    outer loop
      vertex 35.2 -14.6422 2.65
      vertex 35.1613 -14.7866 12.85
      vertex 35.1613 -14.7866 2.65
    endloop
  endfacet
  facet normal 0.965884 -0.258975 0
    outer loop
      vertex 35.2651 -14.3994 1.4
      vertex 35.2 -14.6422 2.65
      vertex 35.2 -14.6422 1.4
    endloop
  endfacet
  facet normal 0.996204 -0.0870494 0
    outer loop
      vertex 35.2651 -14.3994 12.85
      vertex 35.3 -14 1.4
      vertex 35.3 -14 12.85
    endloop
  endfacet
  facet normal 0.996204 -0.0870494 0
    outer loop
      vertex 35.3 -14 1.4
      vertex 35.2651 -14.3994 12.85
      vertex 35.2651 -14.3994 1.4
    endloop
  endfacet
  facet normal 0.906361 -0.422503 0
    outer loop
      vertex 34.9919 -15.15 12.85
      vertex 35.1613 -14.7866 2.65
      vertex 35.1613 -14.7866 12.85
    endloop
  endfacet
  facet normal 0.906361 -0.422503 0
    outer loop
      vertex 35.1613 -14.7866 2.65
      vertex 34.9919 -15.15 12.85
      vertex 34.9919 -15.15 2.65
    endloop
  endfacet
  facet normal 0.996204 0.0870494 0
    outer loop
      vertex 35.3 -14 12.85
      vertex 35.2651 -13.6006 1.4
      vertex 35.2651 -13.6006 12.85
    endloop
  endfacet
  facet normal 0.996204 0.0870494 0
    outer loop
      vertex 35.2651 -13.6006 1.4
      vertex 35.3 -14 12.85
      vertex 35.3 -14 1.4
    endloop
  endfacet
  facet normal 0.258936 -0.965895 -9.97825e-07
    outer loop
      vertex 33.3994 -16.2651 12.85
      vertex 33.6422 -16.2 2.65
      vertex 33.7866 -16.1613 12.85
    endloop
  endfacet
  facet normal 0.258975 -0.965884 0
    outer loop
      vertex 33.3994 -16.2651 1.4
      vertex 33.6422 -16.2 2.65
      vertex 33.3994 -16.2651 12.85
    endloop
  endfacet
  facet normal 0.258975 -0.965884 0
    outer loop
      vertex 33.6422 -16.2 2.65
      vertex 33.3994 -16.2651 1.4
      vertex 33.6422 -16.2 1.4
    endloop
  endfacet
  facet normal 0.25887 -0.965912 0
    outer loop
      vertex 33.7866 -16.1613 12.85
      vertex 33.6422 -16.2 2.65
      vertex 33.7866 -16.1613 2.65
    endloop
  endfacet
  facet normal 0.707107 -0.707107 0
    outer loop
      vertex 34.4784 -15.7619 2.65
      vertex 34.7619 -15.4784 12.85
      vertex 34.4784 -15.7619 12.85
    endloop
  endfacet
  facet normal 0.707107 -0.707107 0
    outer loop
      vertex 34.7619 -15.4784 12.85
      vertex 34.4784 -15.7619 2.65
      vertex 34.7619 -15.4784 2.65
    endloop
  endfacet
  facet normal -0.906361 0.422503 0
    outer loop
      vertex 30.8387 -13.2134 1.4
      vertex 31.0081 -12.85 12.85
      vertex 31.0081 -12.85 1.4
    endloop
  endfacet
  facet normal -0.906361 0.422503 0
    outer loop
      vertex 31.0081 -12.85 12.85
      vertex 30.8387 -13.2134 1.4
      vertex 30.8387 -13.2134 12.85
    endloop
  endfacet
  facet normal 0.906361 0.422503 0
    outer loop
      vertex 35.1613 -13.2134 12.85
      vertex 34.9919 -12.85 2.65
      vertex 34.9919 -12.85 12.85
    endloop
  endfacet
  facet normal 0.906361 0.422503 0
    outer loop
      vertex 34.9919 -12.85 2.65
      vertex 35.1613 -13.2134 12.85
      vertex 35.1613 -13.2134 2.65
    endloop
  endfacet
  facet normal -0.422503 -0.906361 0
    outer loop
      vertex 31.85 -15.9919 2.65
      vertex 32.2134 -16.1613 12.85
      vertex 31.85 -15.9919 12.85
    endloop
  endfacet
  facet normal -0.422503 -0.906361 -0
    outer loop
      vertex 32.2134 -16.1613 12.85
      vertex 31.85 -15.9919 2.65
      vertex 32.2134 -16.1613 2.65
    endloop
  endfacet
  facet normal 0 0 1
    outer loop
      vertex 33.85 -14 12.85
      vertex 35.3 -14 12.85
      vertex 35.2651 -13.6006 12.85
    endloop
  endfacet
  facet normal 0 0 1
    outer loop
      vertex 33.8371 -13.8524 12.85
      vertex 35.2651 -13.6006 12.85
      vertex 35.1613 -13.2134 12.85
    endloop
  endfacet
  facet normal 0 0 1
    outer loop
      vertex 35.3 -14 12.85
      vertex 33.85 -14 12.85
      vertex 35.2651 -14.3994 12.85
    endloop
  endfacet
  facet normal 0 0 1
    outer loop
      vertex 33.7987 -13.7093 12.85
      vertex 35.1613 -13.2134 12.85
      vertex 34.9919 -12.85 12.85
    endloop
  endfacet
  facet normal -0 0 1
    outer loop
      vertex 33.8371 -14.1476 12.85
      vertex 35.2651 -14.3994 12.85
      vertex 33.85 -14 12.85
    endloop
  endfacet
  facet normal 0 0 1
    outer loop
      vertex 33.7361 -13.575 12.85
      vertex 34.9919 -12.85 12.85
      vertex 34.7619 -12.5216 12.85
    endloop
  endfacet
  facet normal 0 0 1
    outer loop
      vertex 35.2651 -14.3994 12.85
      vertex 33.8371 -14.1476 12.85
      vertex 35.1613 -14.7866 12.85
    endloop
  endfacet
  facet normal 0 0 1
    outer loop
      vertex 33.6511 -13.4536 12.85
      vertex 34.7619 -12.5216 12.85
      vertex 34.4784 -12.2381 12.85
    endloop
  endfacet
  facet normal -0 0 1
    outer loop
      vertex 33.7987 -14.2907 12.85
      vertex 35.1613 -14.7866 12.85
      vertex 33.8371 -14.1476 12.85
    endloop
  endfacet
  facet normal 0 0 1
    outer loop
      vertex 33.5464 -13.3489 12.85
      vertex 34.4784 -12.2381 12.85
      vertex 34.15 -12.0081 12.85
    endloop
  endfacet
  facet normal 0 0 1
    outer loop
      vertex 35.1613 -14.7866 12.85
      vertex 33.7987 -14.2907 12.85
      vertex 34.9919 -15.15 12.85
    endloop
  endfacet
  facet normal -0 0 1
    outer loop
      vertex 33.7361 -14.425 12.85
      vertex 34.9919 -15.15 12.85
      vertex 33.7987 -14.2907 12.85
    endloop
  endfacet
  facet normal 0 0 1
    outer loop
      vertex 35.2651 -13.6006 12.85
      vertex 33.8371 -13.8524 12.85
      vertex 33.85 -14 12.85
    endloop
  endfacet
  facet normal 0 0 1
    outer loop
      vertex 35.1613 -13.2134 12.85
      vertex 33.7987 -13.7093 12.85
      vertex 33.8371 -13.8524 12.85
    endloop
  endfacet
  facet normal 0 0 1
    outer loop
      vertex 33.425 -13.2639 12.85
      vertex 34.15 -12.0081 12.85
      vertex 33.7866 -11.8387 12.85
    endloop
  endfacet
  facet normal 0 0 1
    outer loop
      vertex 34.9919 -12.85 12.85
      vertex 33.7361 -13.575 12.85
      vertex 33.7987 -13.7093 12.85
    endloop
  endfacet
  facet normal 0 0 1
    outer loop
      vertex 34.7619 -12.5216 12.85
      vertex 33.6511 -13.4536 12.85
      vertex 33.7361 -13.575 12.85
    endloop
  endfacet
  facet normal 0 0 1
    outer loop
      vertex 34.4784 -12.2381 12.85
      vertex 33.5464 -13.3489 12.85
      vertex 33.6511 -13.4536 12.85
    endloop
  endfacet
  facet normal 0 0 1
    outer loop
      vertex 34.15 -12.0081 12.85
      vertex 33.425 -13.2639 12.85
      vertex 33.5464 -13.3489 12.85
    endloop
  endfacet
  facet normal 0 0 1
    outer loop
      vertex 33.2907 -13.2013 12.85
      vertex 33.7866 -11.8387 12.85
      vertex 33.3994 -11.7349 12.85
    endloop
  endfacet
  facet normal 0 0 1
    outer loop
      vertex 33.7866 -11.8387 12.85
      vertex 33.2907 -13.2013 12.85
      vertex 33.425 -13.2639 12.85
    endloop
  endfacet
  facet normal 0 0 1
    outer loop
      vertex 33.3994 -11.7349 12.85
      vertex 33.1476 -13.1629 12.85
      vertex 33.2907 -13.2013 12.85
    endloop
  endfacet
  facet normal 0 0 1
    outer loop
      vertex 33 -11.7 12.85
      vertex 33.1476 -13.1629 12.85
      vertex 33.3994 -11.7349 12.85
    endloop
  endfacet
  facet normal 0 0 1
    outer loop
      vertex 33 -11.7 12.85
      vertex 33 -13.15 12.85
      vertex 33.1476 -13.1629 12.85
    endloop
  endfacet
  facet normal 0 0 1
    outer loop
      vertex 33 -11.7 12.85
      vertex 32.8524 -13.1629 12.85
      vertex 33 -13.15 12.85
    endloop
  endfacet
  facet normal -0 0 1
    outer loop
      vertex 32.6006 -11.7349 12.85
      vertex 32.8524 -13.1629 12.85
      vertex 33 -11.7 12.85
    endloop
  endfacet
  facet normal 0 0 1
    outer loop
      vertex 32.8524 -13.1629 12.85
      vertex 32.6006 -11.7349 12.85
      vertex 32.7093 -13.2013 12.85
    endloop
  endfacet
  facet normal -0 0 1
    outer loop
      vertex 32.2134 -11.8387 12.85
      vertex 32.7093 -13.2013 12.85
      vertex 32.6006 -11.7349 12.85
    endloop
  endfacet
  facet normal 0 0 1
    outer loop
      vertex 32.7093 -13.2013 12.85
      vertex 32.2134 -11.8387 12.85
      vertex 32.575 -13.2639 12.85
    endloop
  endfacet
  facet normal -0 0 1
    outer loop
      vertex 31.85 -12.0081 12.85
      vertex 32.575 -13.2639 12.85
      vertex 32.2134 -11.8387 12.85
    endloop
  endfacet
  facet normal 0 0 1
    outer loop
      vertex 32.575 -13.2639 12.85
      vertex 31.85 -12.0081 12.85
      vertex 32.4536 -13.3489 12.85
    endloop
  endfacet
  facet normal -0 0 1
    outer loop
      vertex 31.5216 -12.2381 12.85
      vertex 32.4536 -13.3489 12.85
      vertex 31.85 -12.0081 12.85
    endloop
  endfacet
  facet normal 0 0 1
    outer loop
      vertex 32.4536 -13.3489 12.85
      vertex 31.5216 -12.2381 12.85
      vertex 32.3489 -13.4536 12.85
    endloop
  endfacet
  facet normal -0 0 1
    outer loop
      vertex 31.2381 -12.5216 12.85
      vertex 32.3489 -13.4536 12.85
      vertex 31.5216 -12.2381 12.85
    endloop
  endfacet
  facet normal 0 0 1
    outer loop
      vertex 32.3489 -13.4536 12.85
      vertex 31.2381 -12.5216 12.85
      vertex 32.2639 -13.575 12.85
    endloop
  endfacet
  facet normal -0 0 1
    outer loop
      vertex 31.0081 -12.85 12.85
      vertex 32.2639 -13.575 12.85
      vertex 31.2381 -12.5216 12.85
    endloop
  endfacet
  facet normal 0 0 1
    outer loop
      vertex 34.9919 -15.15 12.85
      vertex 33.7361 -14.425 12.85
      vertex 34.7619 -15.4784 12.85
    endloop
  endfacet
  facet normal -0 0 1
    outer loop
      vertex 33.6511 -14.5464 12.85
      vertex 34.7619 -15.4784 12.85
      vertex 33.7361 -14.425 12.85
    endloop
  endfacet
  facet normal 0 0 1
    outer loop
      vertex 34.7619 -15.4784 12.85
      vertex 33.6511 -14.5464 12.85
      vertex 34.4784 -15.7619 12.85
    endloop
  endfacet
  facet normal -0 0 1
    outer loop
      vertex 33.5464 -14.6511 12.85
      vertex 34.4784 -15.7619 12.85
      vertex 33.6511 -14.5464 12.85
    endloop
  endfacet
  facet normal 0 0 1
    outer loop
      vertex 34.4784 -15.7619 12.85
      vertex 33.5464 -14.6511 12.85
      vertex 34.15 -15.9919 12.85
    endloop
  endfacet
  facet normal -0 0 1
    outer loop
      vertex 33.425 -14.7361 12.85
      vertex 34.15 -15.9919 12.85
      vertex 33.5464 -14.6511 12.85
    endloop
  endfacet
  facet normal 0 0 1
    outer loop
      vertex 34.15 -15.9919 12.85
      vertex 33.425 -14.7361 12.85
      vertex 33.7866 -16.1613 12.85
    endloop
  endfacet
  facet normal -0 0 1
    outer loop
      vertex 33.2907 -14.7987 12.85
      vertex 33.7866 -16.1613 12.85
      vertex 33.425 -14.7361 12.85
    endloop
  endfacet
  facet normal 0 0 1
    outer loop
      vertex 33.7866 -16.1613 12.85
      vertex 33.2907 -14.7987 12.85
      vertex 33.3994 -16.2651 12.85
    endloop
  endfacet
  facet normal -0 0 1
    outer loop
      vertex 33.1476 -14.8371 12.85
      vertex 33.3994 -16.2651 12.85
      vertex 33.2907 -14.7987 12.85
    endloop
  endfacet
  facet normal -0 0 1
    outer loop
      vertex 33 -14.85 12.85
      vertex 33.3994 -16.2651 12.85
      vertex 33.1476 -14.8371 12.85
    endloop
  endfacet
  facet normal 0 0 1
    outer loop
      vertex 33 -14.85 12.85
      vertex 33 -16.3 12.85
      vertex 33.3994 -16.2651 12.85
    endloop
  endfacet
  facet normal 0 0 1
    outer loop
      vertex 32.8524 -14.8371 12.85
      vertex 33 -16.3 12.85
      vertex 33 -14.85 12.85
    endloop
  endfacet
  facet normal 0 0 1
    outer loop
      vertex 32.6006 -16.2651 12.85
      vertex 32.8524 -14.8371 12.85
      vertex 32.7093 -14.7987 12.85
    endloop
  endfacet
  facet normal 0 0 1
    outer loop
      vertex 32.8524 -14.8371 12.85
      vertex 32.6006 -16.2651 12.85
      vertex 33 -16.3 12.85
    endloop
  endfacet
  facet normal 0 0 1
    outer loop
      vertex 32.2134 -16.1613 12.85
      vertex 32.7093 -14.7987 12.85
      vertex 32.575 -14.7361 12.85
    endloop
  endfacet
  facet normal 0 0 1
    outer loop
      vertex 31.85 -15.9919 12.85
      vertex 32.575 -14.7361 12.85
      vertex 32.4536 -14.6511 12.85
    endloop
  endfacet
  facet normal 0 0 1
    outer loop
      vertex 31.5216 -15.7619 12.85
      vertex 32.4536 -14.6511 12.85
      vertex 32.3489 -14.5464 12.85
    endloop
  endfacet
  facet normal 0 0 1
    outer loop
      vertex 31.2381 -15.4784 12.85
      vertex 32.3489 -14.5464 12.85
      vertex 32.2639 -14.425 12.85
    endloop
  endfacet
  facet normal 0 0 1
    outer loop
      vertex 32.7093 -14.7987 12.85
      vertex 32.2134 -16.1613 12.85
      vertex 32.6006 -16.2651 12.85
    endloop
  endfacet
  facet normal 0 0 1
    outer loop
      vertex 31.0081 -15.15 12.85
      vertex 32.2639 -14.425 12.85
      vertex 32.2013 -14.2907 12.85
    endloop
  endfacet
  facet normal 0 0 1
    outer loop
      vertex 30.8387 -14.7866 12.85
      vertex 32.2013 -14.2907 12.85
      vertex 32.1629 -14.1476 12.85
    endloop
  endfacet
  facet normal 0 0 1
    outer loop
      vertex 30.7349 -14.3994 12.85
      vertex 32.1629 -14.1476 12.85
      vertex 32.15 -14 12.85
    endloop
  endfacet
  facet normal 0 0 1
    outer loop
      vertex 32.2639 -13.575 12.85
      vertex 31.0081 -12.85 12.85
      vertex 32.2013 -13.7093 12.85
    endloop
  endfacet
  facet normal 0 0 1
    outer loop
      vertex 32.575 -14.7361 12.85
      vertex 31.85 -15.9919 12.85
      vertex 32.2134 -16.1613 12.85
    endloop
  endfacet
  facet normal -0 0 1
    outer loop
      vertex 30.8387 -13.2134 12.85
      vertex 32.2013 -13.7093 12.85
      vertex 31.0081 -12.85 12.85
    endloop
  endfacet
  facet normal 0 0 1
    outer loop
      vertex 32.4536 -14.6511 12.85
      vertex 31.5216 -15.7619 12.85
      vertex 31.85 -15.9919 12.85
    endloop
  endfacet
  facet normal 0 0 1
    outer loop
      vertex 32.2013 -13.7093 12.85
      vertex 30.8387 -13.2134 12.85
      vertex 32.1629 -13.8524 12.85
    endloop
  endfacet
  facet normal 0 0 1
    outer loop
      vertex 32.3489 -14.5464 12.85
      vertex 31.2381 -15.4784 12.85
      vertex 31.5216 -15.7619 12.85
    endloop
  endfacet
  facet normal -0 0 1
    outer loop
      vertex 30.7349 -13.6006 12.85
      vertex 32.1629 -13.8524 12.85
      vertex 30.8387 -13.2134 12.85
    endloop
  endfacet
  facet normal 0 0 1
    outer loop
      vertex 32.2639 -14.425 12.85
      vertex 31.0081 -15.15 12.85
      vertex 31.2381 -15.4784 12.85
    endloop
  endfacet
  facet normal 0 0 1
    outer loop
      vertex 32.1629 -13.8524 12.85
      vertex 30.7349 -13.6006 12.85
      vertex 32.15 -14 12.85
    endloop
  endfacet
  facet normal 0 0 1
    outer loop
      vertex 32.2013 -14.2907 12.85
      vertex 30.8387 -14.7866 12.85
      vertex 31.0081 -15.15 12.85
    endloop
  endfacet
  facet normal 0 0 1
    outer loop
      vertex 30.7 -14 12.85
      vertex 32.15 -14 12.85
      vertex 30.7349 -13.6006 12.85
    endloop
  endfacet
  facet normal 0 0 1
    outer loop
      vertex 32.1629 -14.1476 12.85
      vertex 30.7349 -14.3994 12.85
      vertex 30.8387 -14.7866 12.85
    endloop
  endfacet
  facet normal 0 0 1
    outer loop
      vertex 32.15 -14 12.85
      vertex 30.7 -14 12.85
      vertex 30.7349 -14.3994 12.85
    endloop
  endfacet
  facet normal 0.707107 0.707107 -0
    outer loop
      vertex 34.7619 -12.5216 2.65
      vertex 34.4784 -12.2381 12.85
      vertex 34.7619 -12.5216 12.85
    endloop
  endfacet
  facet normal 0.707107 0.707107 0
    outer loop
      vertex 34.4784 -12.2381 12.85
      vertex 34.7619 -12.5216 2.65
      vertex 34.4784 -12.2381 2.65
    endloop
  endfacet
  facet normal 0.819091 0.573663 0
    outer loop
      vertex 34.9919 -12.85 12.85
      vertex 34.7619 -12.5216 2.65
      vertex 34.7619 -12.5216 12.85
    endloop
  endfacet
  facet normal 0.819091 0.573663 0
    outer loop
      vertex 34.7619 -12.5216 2.65
      vertex 34.9919 -12.85 12.85
      vertex 34.9919 -12.85 2.65
    endloop
  endfacet
  facet normal 0.422389 0.906415 0
    outer loop
      vertex 34 -11.9382 2.65
      vertex 34.15 -12.0081 12.85
      vertex 34.15 -12.0081 2.65
    endloop
  endfacet
  facet normal 0.422503 0.906361 -2.03931e-06
    outer loop
      vertex 34.15 -12.0081 12.85
      vertex 34 -11.9382 2.65
      vertex 33.7866 -11.8387 12.85
    endloop
  endfacet
  facet normal 0.422583 0.906324 0
    outer loop
      vertex 33.7866 -11.8387 1.4
      vertex 34 -11.9382 2.65
      vertex 34 -11.9382 1.4
    endloop
  endfacet
  facet normal 0.422583 0.906324 0
    outer loop
      vertex 34 -11.9382 2.65
      vertex 33.7866 -11.8387 1.4
      vertex 33.7866 -11.8387 12.85
    endloop
  endfacet
  facet normal -0.965895 0.258936 0
    outer loop
      vertex 30.7349 -13.6006 1.4
      vertex 30.8387 -13.2134 12.85
      vertex 30.8387 -13.2134 1.4
    endloop
  endfacet
  facet normal -0.965895 0.258936 0
    outer loop
      vertex 30.8387 -13.2134 12.85
      vertex 30.7349 -13.6006 1.4
      vertex 30.7349 -13.6006 12.85
    endloop
  endfacet
  facet normal -0.707107 -0.707107 0
    outer loop
      vertex 31.5216 -15.7619 2.65
      vertex 31.2381 -15.4784 12.85
      vertex 31.2381 -15.4784 2.65
    endloop
  endfacet
  facet normal -0.707107 -0.707107 0
    outer loop
      vertex 31.2381 -15.4784 12.85
      vertex 31.5216 -15.7619 2.65
      vertex 31.5216 -15.7619 12.85
    endloop
  endfacet
  facet normal 0.819091 -0.573663 0
    outer loop
      vertex 34.7619 -15.4784 12.85
      vertex 34.9919 -15.15 2.65
      vertex 34.9919 -15.15 12.85
    endloop
  endfacet
  facet normal 0.819091 -0.573663 0
    outer loop
      vertex 34.9919 -15.15 2.65
      vertex 34.7619 -15.4784 12.85
      vertex 34.7619 -15.4784 2.65
    endloop
  endfacet
  facet normal -0.25887 -0.965912 0
    outer loop
      vertex 32.3578 -16.2 2.65
      vertex 32.2134 -16.1613 12.85
      vertex 32.2134 -16.1613 2.65
    endloop
  endfacet
  facet normal -0.258936 -0.965895 -9.97825e-07
    outer loop
      vertex 32.2134 -16.1613 12.85
      vertex 32.3578 -16.2 2.65
      vertex 32.6006 -16.2651 12.85
    endloop
  endfacet
  facet normal -0.258975 -0.965884 0
    outer loop
      vertex 32.6006 -16.2651 1.4
      vertex 32.3578 -16.2 2.65
      vertex 32.3578 -16.2 1.4
    endloop
  endfacet
  facet normal -0.258975 -0.965884 0
    outer loop
      vertex 32.3578 -16.2 2.65
      vertex 32.6006 -16.2651 1.4
      vertex 32.6006 -16.2651 12.85
    endloop
  endfacet
  facet normal -0.996204 -0.0870494 0
    outer loop
      vertex 30.7349 -14.3994 1.4
      vertex 30.7 -14 12.85
      vertex 30.7 -14 1.4
    endloop
  endfacet
  facet normal -0.996204 -0.0870494 0
    outer loop
      vertex 30.7 -14 12.85
      vertex 30.7349 -14.3994 1.4
      vertex 30.7349 -14.3994 12.85
    endloop
  endfacet
  facet normal -0.573663 -0.819091 0
    outer loop
      vertex 31.5216 -15.7619 2.65
      vertex 31.85 -15.9919 12.85
      vertex 31.5216 -15.7619 12.85
    endloop
  endfacet
  facet normal -0.573663 -0.819091 -0
    outer loop
      vertex 31.85 -15.9919 12.85
      vertex 31.5216 -15.7619 2.65
      vertex 31.85 -15.9919 2.65
    endloop
  endfacet
  facet normal -0.906324 -0.422583 -0
    outer loop
      vertex 30.9382 -15 2.65
      vertex 30.8387 -14.7866 1.4
      vertex 30.9382 -15 1.4
    endloop
  endfacet
  facet normal -0.906324 -0.422583 0
    outer loop
      vertex 30.8387 -14.7866 1.4
      vertex 30.9382 -15 2.65
      vertex 30.8387 -14.7866 12.85
    endloop
  endfacet
  facet normal -0.906415 -0.422389 -0
    outer loop
      vertex 31.0081 -15.15 12.85
      vertex 30.9382 -15 2.65
      vertex 31.0081 -15.15 2.65
    endloop
  endfacet
  facet normal -0.906361 -0.422503 -2.03931e-06
    outer loop
      vertex 30.9382 -15 2.65
      vertex 31.0081 -15.15 12.85
      vertex 30.8387 -14.7866 12.85
    endloop
  endfacet
  facet normal -0.0870494 0.996204 0
    outer loop
      vertex 33 -11.7 1.4
      vertex 32.6006 -11.7349 12.85
      vertex 33 -11.7 12.85
    endloop
  endfacet
  facet normal -0.0870494 0.996204 0
    outer loop
      vertex 32.6006 -11.7349 12.85
      vertex 33 -11.7 1.4
      vertex 32.6006 -11.7349 1.4
    endloop
  endfacet
  facet normal -0.965895 -0.258936 0
    outer loop
      vertex 30.8387 -14.7866 1.4
      vertex 30.7349 -14.3994 12.85
      vertex 30.7349 -14.3994 1.4
    endloop
  endfacet
  facet normal -0.965895 -0.258936 0
    outer loop
      vertex 30.7349 -14.3994 12.85
      vertex 30.8387 -14.7866 1.4
      vertex 30.8387 -14.7866 12.85
    endloop
  endfacet
  facet normal 0.573663 0.819091 -0
    outer loop
      vertex 34.4784 -12.2381 2.65
      vertex 34.15 -12.0081 12.85
      vertex 34.4784 -12.2381 12.85
    endloop
  endfacet
  facet normal 0.573663 0.819091 0
    outer loop
      vertex 34.15 -12.0081 12.85
      vertex 34.4784 -12.2381 2.65
      vertex 34.15 -12.0081 2.65
    endloop
  endfacet
  facet normal 0.422503 -0.906361 0
    outer loop
      vertex 33.7866 -16.1613 2.65
      vertex 34.15 -15.9919 12.85
      vertex 33.7866 -16.1613 12.85
    endloop
  endfacet
  facet normal 0.422503 -0.906361 0
    outer loop
      vertex 34.15 -15.9919 12.85
      vertex 33.7866 -16.1613 2.65
      vertex 34.15 -15.9919 2.65
    endloop
  endfacet
  facet normal 0.573663 -0.819091 0
    outer loop
      vertex 34.15 -15.9919 2.65
      vertex 34.4784 -15.7619 12.85
      vertex 34.15 -15.9919 12.85
    endloop
  endfacet
  facet normal 0.573663 -0.819091 0
    outer loop
      vertex 34.4784 -15.7619 12.85
      vertex 34.15 -15.9919 2.65
      vertex 34.4784 -15.7619 2.65
    endloop
  endfacet
  facet normal 0.0870494 -0.996204 0
    outer loop
      vertex 33 -16.3 1.4
      vertex 33.3994 -16.2651 12.85
      vertex 33 -16.3 12.85
    endloop
  endfacet
  facet normal 0.0870494 -0.996204 0
    outer loop
      vertex 33.3994 -16.2651 12.85
      vertex 33 -16.3 1.4
      vertex 33.3994 -16.2651 1.4
    endloop
  endfacet
  facet normal -0.258936 0.965895 0
    outer loop
      vertex 32.6006 -11.7349 1.4
      vertex 32.2134 -11.8387 12.85
      vertex 32.6006 -11.7349 12.85
    endloop
  endfacet
  facet normal -0.258936 0.965895 0
    outer loop
      vertex 32.2134 -11.8387 12.85
      vertex 32.6006 -11.7349 1.4
      vertex 32.2134 -11.8387 1.4
    endloop
  endfacet
  facet normal -0.573663 0.819091 0
    outer loop
      vertex 31.85 -12.0081 1.4
      vertex 31.5216 -12.2381 12.85
      vertex 31.85 -12.0081 12.85
    endloop
  endfacet
  facet normal -0.573663 0.819091 0
    outer loop
      vertex 31.5216 -12.2381 12.85
      vertex 31.85 -12.0081 1.4
      vertex 31.5216 -12.2381 1.4
    endloop
  endfacet
  facet normal -0.819091 0.573663 0
    outer loop
      vertex 31.0081 -12.85 1.4
      vertex 31.2381 -12.5216 12.85
      vertex 31.2381 -12.5216 1.4
    endloop
  endfacet
  facet normal -0.819091 0.573663 0
    outer loop
      vertex 31.2381 -12.5216 12.85
      vertex 31.0081 -12.85 1.4
      vertex 31.0081 -12.85 12.85
    endloop
  endfacet
  facet normal 0.965912 0.25887 0
    outer loop
      vertex 35.1613 -13.2134 12.85
      vertex 35.2 -13.3578 2.65
      vertex 35.1613 -13.2134 2.65
    endloop
  endfacet
  facet normal 0.965895 0.258936 -9.97825e-07
    outer loop
      vertex 35.2651 -13.6006 12.85
      vertex 35.2 -13.3578 2.65
      vertex 35.1613 -13.2134 12.85
    endloop
  endfacet
  facet normal 0.965884 0.258975 -0
    outer loop
      vertex 35.2651 -13.6006 1.4
      vertex 35.2 -13.3578 2.65
      vertex 35.2651 -13.6006 12.85
    endloop
  endfacet
  facet normal 0.965884 0.258975 0
    outer loop
      vertex 35.2 -13.3578 2.65
      vertex 35.2651 -13.6006 1.4
      vertex 35.2 -13.3578 1.4
    endloop
  endfacet
  facet normal -0.0870494 -0.996204 0
    outer loop
      vertex 32.6006 -16.2651 1.4
      vertex 33 -16.3 12.85
      vertex 32.6006 -16.2651 12.85
    endloop
  endfacet
  facet normal -0.0870494 -0.996204 -0
    outer loop
      vertex 33 -16.3 12.85
      vertex 32.6006 -16.2651 1.4
      vertex 33 -16.3 1.4
    endloop
  endfacet
  facet normal -0.707107 0.707107 0
    outer loop
      vertex 31.2381 -12.5216 1.4
      vertex 31.5216 -12.2381 12.85
      vertex 31.5216 -12.2381 1.4
    endloop
  endfacet
  facet normal -0.707107 0.707107 0
    outer loop
      vertex 31.5216 -12.2381 12.85
      vertex 31.2381 -12.5216 1.4
      vertex 31.2381 -12.5216 12.85
    endloop
  endfacet
  facet normal 0.0870494 0.996204 -0
    outer loop
      vertex 33.3994 -11.7349 1.4
      vertex 33 -11.7 12.85
      vertex 33.3994 -11.7349 12.85
    endloop
  endfacet
  facet normal 0.0870494 0.996204 0
    outer loop
      vertex 33 -11.7 12.85
      vertex 33.3994 -11.7349 1.4
      vertex 33 -11.7 1.4
    endloop
  endfacet
  facet normal -0.819091 -0.573663 0
    outer loop
      vertex 31.2381 -15.4784 2.65
      vertex 31.0081 -15.15 12.85
      vertex 31.0081 -15.15 2.65
    endloop
  endfacet
  facet normal -0.819091 -0.573663 0
    outer loop
      vertex 31.0081 -15.15 12.85
      vertex 31.2381 -15.4784 2.65
      vertex 31.2381 -15.4784 12.85
    endloop
  endfacet
  facet normal -0.996204 0.0870494 0
    outer loop
      vertex 30.7 -14 1.4
      vertex 30.7349 -13.6006 12.85
      vertex 30.7349 -13.6006 1.4
    endloop
  endfacet
  facet normal -0.996204 0.0870494 0
    outer loop
      vertex 30.7349 -13.6006 12.85
      vertex 30.7 -14 1.4
      vertex 30.7 -14 12.85
    endloop
  endfacet
  facet normal -0.422503 0.906361 0
    outer loop
      vertex 32.2134 -11.8387 1.4
      vertex 31.85 -12.0081 12.85
      vertex 32.2134 -11.8387 12.85
    endloop
  endfacet
  facet normal -0.422503 0.906361 0
    outer loop
      vertex 31.85 -12.0081 12.85
      vertex 32.2134 -11.8387 1.4
      vertex 31.85 -12.0081 1.4
    endloop
  endfacet
  facet normal -0.996191 -0.087199 0
    outer loop
      vertex -37.4392 -15.1946 5.72205e-07
      vertex -37.5 -14.5 1.4
      vertex -37.5 -14.5 5.72205e-07
    endloop
  endfacet
  facet normal -0.996191 -0.087199 0
    outer loop
      vertex -37.5 -14.5 1.4
      vertex -37.4392 -15.1946 5.72205e-07
      vertex -37.4392 -15.1946 1.4
    endloop
  endfacet
  facet normal -0.906286 -0.422666 0
    outer loop
      vertex -36.9641 -16.5 5.72205e-07
      vertex -37.2588 -15.8681 1.4
      vertex -37.2588 -15.8681 5.72205e-07
    endloop
  endfacet
  facet normal -0.906286 -0.422666 0
    outer loop
      vertex -37.2588 -15.8681 1.4
      vertex -36.9641 -16.5 5.72205e-07
      vertex -36.9641 -16.5 1.4
    endloop
  endfacet
  facet normal 0 1 -0
    outer loop
      vertex 33.5 18.5 5.72205e-07
      vertex -33.5 18.5 1.4
      vertex 33.5 18.5 1.4
    endloop
  endfacet
  facet normal 0 1 0
    outer loop
      vertex -33.5 18.5 1.4
      vertex 33.5 18.5 5.72205e-07
      vertex -33.5 18.5 5.72205e-07
    endloop
  endfacet
  facet normal -0.707178 -0.707035 0
    outer loop
      vertex -36.0712 -17.5642 5.72205e-07
      vertex -36.5642 -17.0711 1.4
      vertex -36.5642 -17.0711 5.72205e-07
    endloop
  endfacet
  facet normal -0.707178 -0.707035 0
    outer loop
      vertex -36.5642 -17.0711 1.4
      vertex -36.0712 -17.5642 5.72205e-07
      vertex -36.0712 -17.5642 1.4
    endloop
  endfacet
  facet normal 0.087199 -0.996191 0
    outer loop
      vertex 33.5 -18.5 5.72205e-07
      vertex 34.1946 -18.4392 1.4
      vertex 33.5 -18.5 1.4
    endloop
  endfacet
  facet normal 0.087199 -0.996191 0
    outer loop
      vertex 34.1946 -18.4392 1.4
      vertex 33.5 -18.5 5.72205e-07
      vertex 34.1946 -18.4392 5.72205e-07
    endloop
  endfacet
  facet normal 0.965949 0.258734 0
    outer loop
      vertex 37.4392 15.1946 1.4
      vertex 37.2588 15.8681 5.72205e-07
      vertex 37.2588 15.8681 1.4
    endloop
  endfacet
  facet normal 0.965949 0.258734 0
    outer loop
      vertex 37.2588 15.8681 5.72205e-07
      vertex 37.4392 15.1946 1.4
      vertex 37.4392 15.1946 5.72205e-07
    endloop
  endfacet
  facet normal 0 -1 0
    outer loop
      vertex -33.5 -18.5 5.72205e-07
      vertex 33.5 -18.5 1.4
      vertex -33.5 -18.5 1.4
    endloop
  endfacet
  facet normal 0 -1 -0
    outer loop
      vertex 33.5 -18.5 1.4
      vertex -33.5 -18.5 5.72205e-07
      vertex 33.5 -18.5 5.72205e-07
    endloop
  endfacet
  facet normal 0.422666 0.906286 -0
    outer loop
      vertex 35.5 17.9641 5.72205e-07
      vertex 34.8681 18.2588 1.4
      vertex 35.5 17.9641 1.4
    endloop
  endfacet
  facet normal 0.422666 0.906286 0
    outer loop
      vertex 34.8681 18.2588 1.4
      vertex 35.5 17.9641 5.72205e-07
      vertex 34.8681 18.2588 5.72205e-07
    endloop
  endfacet
  facet normal 1 -0 0
    outer loop
      vertex 37.5 -14.5 1.4
      vertex 37.5 14.5 5.72205e-07
      vertex 37.5 14.5 1.4
    endloop
  endfacet
  facet normal 1 0 0
    outer loop
      vertex 37.5 14.5 5.72205e-07
      vertex 37.5 -14.5 1.4
      vertex 37.5 -14.5 5.72205e-07
    endloop
  endfacet
  facet normal -0.819144 -0.573587 0
    outer loop
      vertex -36.5642 -17.0711 5.72205e-07
      vertex -36.9641 -16.5 1.4
      vertex -36.9641 -16.5 5.72205e-07
    endloop
  endfacet
  facet normal -0.819144 -0.573587 0
    outer loop
      vertex -36.9641 -16.5 1.4
      vertex -36.5642 -17.0711 5.72205e-07
      vertex -36.5642 -17.0711 1.4
    endloop
  endfacet
  facet normal -0.906286 0.422666 0
    outer loop
      vertex -37.2588 15.8681 5.72205e-07
      vertex -36.9641 16.5 1.4
      vertex -36.9641 16.5 5.72205e-07
    endloop
  endfacet
  facet normal -0.906286 0.422666 0
    outer loop
      vertex -36.9641 16.5 1.4
      vertex -37.2588 15.8681 5.72205e-07
      vertex -37.2588 15.8681 1.4
    endloop
  endfacet
  facet normal 0.996191 -0.087199 0
    outer loop
      vertex 37.4392 -15.1946 1.4
      vertex 37.5 -14.5 5.72205e-07
      vertex 37.5 -14.5 1.4
    endloop
  endfacet
  facet normal 0.996191 -0.087199 0
    outer loop
      vertex 37.5 -14.5 5.72205e-07
      vertex 37.4392 -15.1946 1.4
      vertex 37.4392 -15.1946 5.72205e-07
    endloop
  endfacet
  facet normal 0.087199 0.996191 -0
    outer loop
      vertex 34.1946 18.4392 5.72205e-07
      vertex 33.5 18.5 1.4
      vertex 34.1946 18.4392 1.4
    endloop
  endfacet
  facet normal 0.087199 0.996191 0
    outer loop
      vertex 33.5 18.5 1.4
      vertex 34.1946 18.4392 5.72205e-07
      vertex 33.5 18.5 5.72205e-07
    endloop
  endfacet
  facet normal -0.57352 -0.819191 0
    outer loop
      vertex -36.0712 -17.5642 5.72205e-07
      vertex -35.5 -17.9641 1.4
      vertex -36.0712 -17.5642 1.4
    endloop
  endfacet
  facet normal -0.57352 -0.819191 -0
    outer loop
      vertex -35.5 -17.9641 1.4
      vertex -36.0712 -17.5642 5.72205e-07
      vertex -35.5 -17.9641 5.72205e-07
    endloop
  endfacet
  facet normal 0.258734 -0.965949 0
    outer loop
      vertex 34.1946 -18.4392 5.72205e-07
      vertex 34.8681 -18.2588 1.4
      vertex 34.1946 -18.4392 1.4
    endloop
  endfacet
  facet normal 0.258734 -0.965949 0
    outer loop
      vertex 34.8681 -18.2588 1.4
      vertex 34.1946 -18.4392 5.72205e-07
      vertex 34.8681 -18.2588 5.72205e-07
    endloop
  endfacet
  facet normal -1 0 0
    outer loop
      vertex -37.5 -14.5 5.72205e-07
      vertex -37.5 14.5 1.4
      vertex -37.5 14.5 5.72205e-07
    endloop
  endfacet
  facet normal -1 -0 0
    outer loop
      vertex -37.5 14.5 1.4
      vertex -37.5 -14.5 5.72205e-07
      vertex -37.5 -14.5 1.4
    endloop
  endfacet
  facet normal -0.258734 -0.965949 0
    outer loop
      vertex -34.8681 -18.2588 5.72205e-07
      vertex -34.1946 -18.4392 1.4
      vertex -34.8681 -18.2588 1.4
    endloop
  endfacet
  facet normal -0.258734 -0.965949 -0
    outer loop
      vertex -34.1946 -18.4392 1.4
      vertex -34.8681 -18.2588 5.72205e-07
      vertex -34.1946 -18.4392 5.72205e-07
    endloop
  endfacet
  facet normal -0.707178 0.707035 0
    outer loop
      vertex -36.5642 17.0711 5.72205e-07
      vertex -36.0712 17.5642 1.4
      vertex -36.0712 17.5642 5.72205e-07
    endloop
  endfacet
  facet normal -0.707178 0.707035 0
    outer loop
      vertex -36.0712 17.5642 1.4
      vertex -36.5642 17.0711 5.72205e-07
      vertex -36.5642 17.0711 1.4
    endloop
  endfacet
  facet normal 0.422666 -0.906286 0
    outer loop
      vertex 34.8681 -18.2588 5.72205e-07
      vertex 35.5 -17.9641 1.4
      vertex 34.8681 -18.2588 1.4
    endloop
  endfacet
  facet normal 0.422666 -0.906286 0
    outer loop
      vertex 35.5 -17.9641 1.4
      vertex 34.8681 -18.2588 5.72205e-07
      vertex 35.5 -17.9641 5.72205e-07
    endloop
  endfacet
  facet normal -0.965949 0.258734 0
    outer loop
      vertex -37.4392 15.1946 5.72205e-07
      vertex -37.2588 15.8681 1.4
      vertex -37.2588 15.8681 5.72205e-07
    endloop
  endfacet
  facet normal -0.965949 0.258734 0
    outer loop
      vertex -37.2588 15.8681 1.4
      vertex -37.4392 15.1946 5.72205e-07
      vertex -37.4392 15.1946 1.4
    endloop
  endfacet
  facet normal 0.707178 0.707035 0
    outer loop
      vertex 36.5642 17.0711 1.4
      vertex 36.0712 17.5642 5.72205e-07
      vertex 36.0712 17.5642 1.4
    endloop
  endfacet
  facet normal 0.707178 0.707035 0
    outer loop
      vertex 36.0712 17.5642 5.72205e-07
      vertex 36.5642 17.0711 1.4
      vertex 36.5642 17.0711 5.72205e-07
    endloop
  endfacet
  facet normal -0.422666 0.906286 0
    outer loop
      vertex -34.8681 18.2588 5.72205e-07
      vertex -35.5 17.9641 1.4
      vertex -34.8681 18.2588 1.4
    endloop
  endfacet
  facet normal -0.422666 0.906286 0
    outer loop
      vertex -35.5 17.9641 1.4
      vertex -34.8681 18.2588 5.72205e-07
      vertex -35.5 17.9641 5.72205e-07
    endloop
  endfacet
  facet normal 0.965949 -0.258734 0
    outer loop
      vertex 37.2588 -15.8681 1.4
      vertex 37.4392 -15.1946 5.72205e-07
      vertex 37.4392 -15.1946 1.4
    endloop
  endfacet
  facet normal 0.965949 -0.258734 0
    outer loop
      vertex 37.4392 -15.1946 5.72205e-07
      vertex 37.2588 -15.8681 1.4
      vertex 37.2588 -15.8681 5.72205e-07
    endloop
  endfacet
  facet normal -0.965949 -0.258734 0
    outer loop
      vertex -37.2588 -15.8681 5.72205e-07
      vertex -37.4392 -15.1946 1.4
      vertex -37.4392 -15.1946 5.72205e-07
    endloop
  endfacet
  facet normal -0.965949 -0.258734 0
    outer loop
      vertex -37.4392 -15.1946 1.4
      vertex -37.2588 -15.8681 5.72205e-07
      vertex -37.2588 -15.8681 1.4
    endloop
  endfacet
  facet normal -0.57352 0.819191 0
    outer loop
      vertex -35.5 17.9641 5.72205e-07
      vertex -36.0712 17.5642 1.4
      vertex -35.5 17.9641 1.4
    endloop
  endfacet
  facet normal -0.57352 0.819191 0
    outer loop
      vertex -36.0712 17.5642 1.4
      vertex -35.5 17.9641 5.72205e-07
      vertex -36.0712 17.5642 5.72205e-07
    endloop
  endfacet
  facet normal -0.422666 -0.906286 0
    outer loop
      vertex -35.5 -17.9641 5.72205e-07
      vertex -34.8681 -18.2588 1.4
      vertex -35.5 -17.9641 1.4
    endloop
  endfacet
  facet normal -0.422666 -0.906286 -0
    outer loop
      vertex -34.8681 -18.2588 1.4
      vertex -35.5 -17.9641 5.72205e-07
      vertex -34.8681 -18.2588 5.72205e-07
    endloop
  endfacet
  facet normal -0.819144 0.573587 0
    outer loop
      vertex -36.9641 16.5 5.72205e-07
      vertex -36.5642 17.0711 1.4
      vertex -36.5642 17.0711 5.72205e-07
    endloop
  endfacet
  facet normal -0.819144 0.573587 0
    outer loop
      vertex -36.5642 17.0711 1.4
      vertex -36.9641 16.5 5.72205e-07
      vertex -36.9641 16.5 1.4
    endloop
  endfacet
  facet normal 0.996191 0.087199 0
    outer loop
      vertex 37.5 14.5 1.4
      vertex 37.4392 15.1946 5.72205e-07
      vertex 37.4392 15.1946 1.4
    endloop
  endfacet
  facet normal 0.996191 0.087199 0
    outer loop
      vertex 37.4392 15.1946 5.72205e-07
      vertex 37.5 14.5 1.4
      vertex 37.5 14.5 5.72205e-07
    endloop
  endfacet
  facet normal 0.819144 -0.573587 0
    outer loop
      vertex 36.5642 -17.0711 1.4
      vertex 36.9641 -16.5 5.72205e-07
      vertex 36.9641 -16.5 1.4
    endloop
  endfacet
  facet normal 0.819144 -0.573587 0
    outer loop
      vertex 36.9641 -16.5 5.72205e-07
      vertex 36.5642 -17.0711 1.4
      vertex 36.5642 -17.0711 5.72205e-07
    endloop
  endfacet
  facet normal -0.087199 -0.996191 0
    outer loop
      vertex -34.1946 -18.4392 5.72205e-07
      vertex -33.5 -18.5 1.4
      vertex -34.1946 -18.4392 1.4
    endloop
  endfacet
  facet normal -0.087199 -0.996191 -0
    outer loop
      vertex -33.5 -18.5 1.4
      vertex -34.1946 -18.4392 5.72205e-07
      vertex -33.5 -18.5 5.72205e-07
    endloop
  endfacet
  facet normal 0.707178 -0.707035 0
    outer loop
      vertex 36.0712 -17.5642 1.4
      vertex 36.5642 -17.0711 5.72205e-07
      vertex 36.5642 -17.0711 1.4
    endloop
  endfacet
  facet normal 0.707178 -0.707035 0
    outer loop
      vertex 36.5642 -17.0711 5.72205e-07
      vertex 36.0712 -17.5642 1.4
      vertex 36.0712 -17.5642 5.72205e-07
    endloop
  endfacet
  facet normal -0.087199 0.996191 0
    outer loop
      vertex -33.5 18.5 5.72205e-07
      vertex -34.1946 18.4392 1.4
      vertex -33.5 18.5 1.4
    endloop
  endfacet
  facet normal -0.087199 0.996191 0
    outer loop
      vertex -34.1946 18.4392 1.4
      vertex -33.5 18.5 5.72205e-07
      vertex -34.1946 18.4392 5.72205e-07
    endloop
  endfacet
  facet normal -0.258734 0.965949 0
    outer loop
      vertex -34.1946 18.4392 5.72205e-07
      vertex -34.8681 18.2588 1.4
      vertex -34.1946 18.4392 1.4
    endloop
  endfacet
  facet normal -0.258734 0.965949 0
    outer loop
      vertex -34.8681 18.2588 1.4
      vertex -34.1946 18.4392 5.72205e-07
      vertex -34.8681 18.2588 5.72205e-07
    endloop
  endfacet
  facet normal 0.906286 0.422666 0
    outer loop
      vertex 37.2588 15.8681 1.4
      vertex 36.9641 16.5 5.72205e-07
      vertex 36.9641 16.5 1.4
    endloop
  endfacet
  facet normal 0.906286 0.422666 0
    outer loop
      vertex 36.9641 16.5 5.72205e-07
      vertex 37.2588 15.8681 1.4
      vertex 37.2588 15.8681 5.72205e-07
    endloop
  endfacet
  facet normal 0.906286 -0.422666 0
    outer loop
      vertex 36.9641 -16.5 1.4
      vertex 37.2588 -15.8681 5.72205e-07
      vertex 37.2588 -15.8681 1.4
    endloop
  endfacet
  facet normal 0.906286 -0.422666 0
    outer loop
      vertex 37.2588 -15.8681 5.72205e-07
      vertex 36.9641 -16.5 1.4
      vertex 36.9641 -16.5 5.72205e-07
    endloop
  endfacet
  facet normal 0.57352 -0.819191 0
    outer loop
      vertex 35.5 -17.9641 5.72205e-07
      vertex 36.0712 -17.5642 1.4
      vertex 35.5 -17.9641 1.4
    endloop
  endfacet
  facet normal 0.57352 -0.819191 0
    outer loop
      vertex 36.0712 -17.5642 1.4
      vertex 35.5 -17.9641 5.72205e-07
      vertex 36.0712 -17.5642 5.72205e-07
    endloop
  endfacet
  facet normal -0.996191 0.087199 0
    outer loop
      vertex -37.5 14.5 5.72205e-07
      vertex -37.4392 15.1946 1.4
      vertex -37.4392 15.1946 5.72205e-07
    endloop
  endfacet
  facet normal -0.996191 0.087199 0
    outer loop
      vertex -37.4392 15.1946 1.4
      vertex -37.5 14.5 5.72205e-07
      vertex -37.5 14.5 1.4
    endloop
  endfacet
  facet normal 0.258734 0.965949 -0
    outer loop
      vertex 34.8681 18.2588 5.72205e-07
      vertex 34.1946 18.4392 1.4
      vertex 34.8681 18.2588 1.4
    endloop
  endfacet
  facet normal 0.258734 0.965949 0
    outer loop
      vertex 34.1946 18.4392 1.4
      vertex 34.8681 18.2588 5.72205e-07
      vertex 34.1946 18.4392 5.72205e-07
    endloop
  endfacet
  facet normal 0.57352 0.819191 -0
    outer loop
      vertex 36.0712 17.5642 5.72205e-07
      vertex 35.5 17.9641 1.4
      vertex 36.0712 17.5642 1.4
    endloop
  endfacet
  facet normal 0.57352 0.819191 0
    outer loop
      vertex 35.5 17.9641 1.4
      vertex 36.0712 17.5642 5.72205e-07
      vertex 35.5 17.9641 5.72205e-07
    endloop
  endfacet
  facet normal 0 0 1
    outer loop
      vertex -37.4392 -15.1946 1.4
      vertex -35.2 -14.6422 1.4
      vertex -35.2651 -14.3994 1.4
    endloop
  endfacet
  facet normal 0 0 1
    outer loop
      vertex 37.5 14.5 1.4
      vertex 35.2 13.3578 1.4
      vertex 37.5 -14.5 1.4
    endloop
  endfacet
  facet normal 0 0 1
    outer loop
      vertex 37.5 -14.5 1.4
      vertex 35.2651 -13.6006 1.4
      vertex 35.3 -14 1.4
    endloop
  endfacet
  facet normal -0 0 1
    outer loop
      vertex 35.2 -13.3578 1.4
      vertex 37.5 -14.5 1.4
      vertex 35.2 13.3578 1.4
    endloop
  endfacet
  facet normal 0 0 1
    outer loop
      vertex 37.5 -14.5 1.4
      vertex 35.2 -13.3578 1.4
      vertex 35.2651 -13.6006 1.4
    endloop
  endfacet
  facet normal 0 0 1
    outer loop
      vertex 35.2651 14.3994 1.4
      vertex 37.5 14.5 1.4
      vertex 37.4392 15.1946 1.4
    endloop
  endfacet
  facet normal 0 0 1
    outer loop
      vertex 35.2651 13.6006 1.4
      vertex 37.5 14.5 1.4
      vertex 35.3 14 1.4
    endloop
  endfacet
  facet normal -0 0 1
    outer loop
      vertex 35.2 15.4 1.4
      vertex 37.4392 15.1946 1.4
      vertex 37.2588 15.8681 1.4
    endloop
  endfacet
  facet normal 0 0 1
    outer loop
      vertex 35.2 13.3578 1.4
      vertex 37.5 14.5 1.4
      vertex 35.2651 13.6006 1.4
    endloop
  endfacet
  facet normal 0 0 1
    outer loop
      vertex 35.1878 15.5389 1.4
      vertex 37.2588 15.8681 1.4
      vertex 36.9641 16.5 1.4
    endloop
  endfacet
  facet normal -0 0 1
    outer loop
      vertex 35.2651 -14.3994 1.4
      vertex 37.5 -14.5 1.4
      vertex 35.3 -14 1.4
    endloop
  endfacet
  facet normal 0 0 1
    outer loop
      vertex 35.0928 15.8 1.4
      vertex 36.9641 16.5 1.4
      vertex 36.5642 17.0711 1.4
    endloop
  endfacet
  facet normal 0 0 1
    outer loop
      vertex 37.5 -14.5 1.4
      vertex 35.2651 -14.3994 1.4
      vertex 37.4392 -15.1946 1.4
    endloop
  endfacet
  facet normal 0 0 1
    outer loop
      vertex 35.0128 15.9142 1.4
      vertex 36.5642 17.0711 1.4
      vertex 36.0712 17.5642 1.4
    endloop
  endfacet
  facet normal -0 0 1
    outer loop
      vertex 35.2 -14.6422 1.4
      vertex 37.4392 -15.1946 1.4
      vertex 35.2651 -14.3994 1.4
    endloop
  endfacet
  facet normal 0 0 1
    outer loop
      vertex 34.8 16.0928 1.4
      vertex 36.0712 17.5642 1.4
      vertex 35.5 17.9641 1.4
    endloop
  endfacet
  facet normal 0 0 1
    outer loop
      vertex 35.2 -15.4 1.4
      vertex 37.4392 -15.1946 1.4
      vertex 35.2 -14.6422 1.4
    endloop
  endfacet
  facet normal 0 0 1
    outer loop
      vertex 37.4392 -15.1946 1.4
      vertex 35.2 -15.4 1.4
      vertex 37.2588 -15.8681 1.4
    endloop
  endfacet
  facet normal 0 0 1
    outer loop
      vertex 37.5 14.5 1.4
      vertex 35.2651 14.3994 1.4
      vertex 35.3 14 1.4
    endloop
  endfacet
  facet normal 0 0 1
    outer loop
      vertex 37.4392 15.1946 1.4
      vertex 35.2 15.4 1.4
      vertex 35.2 14.6422 1.4
    endloop
  endfacet
  facet normal 0 0 1
    outer loop
      vertex 37.2588 15.8681 1.4
      vertex 35.1878 15.5389 1.4
      vertex 35.2 15.4 1.4
    endloop
  endfacet
  facet normal 0 0 1
    outer loop
      vertex 36.9641 16.5 1.4
      vertex 35.1518 15.6736 1.4
      vertex 35.1878 15.5389 1.4
    endloop
  endfacet
  facet normal 0 0 1
    outer loop
      vertex 36.9641 16.5 1.4
      vertex 35.0928 15.8 1.4
      vertex 35.1518 15.6736 1.4
    endloop
  endfacet
  facet normal 0 0 1
    outer loop
      vertex 36.5642 17.0711 1.4
      vertex 35.0128 15.9142 1.4
      vertex 35.0928 15.8 1.4
    endloop
  endfacet
  facet normal 0 0 1
    outer loop
      vertex 36.0712 17.5642 1.4
      vertex 34.9142 16.0128 1.4
      vertex 35.0128 15.9142 1.4
    endloop
  endfacet
  facet normal 0 0 1
    outer loop
      vertex 34.5389 16.1878 1.4
      vertex 35.5 17.9641 1.4
      vertex 34.8681 18.2588 1.4
    endloop
  endfacet
  facet normal 0 0 1
    outer loop
      vertex 36.0712 17.5642 1.4
      vertex 34.8 16.0928 1.4
      vertex 34.9142 16.0128 1.4
    endloop
  endfacet
  facet normal 0 0 1
    outer loop
      vertex 35.5 17.9641 1.4
      vertex 34.6736 16.1518 1.4
      vertex 34.8 16.0928 1.4
    endloop
  endfacet
  facet normal 0 0 1
    outer loop
      vertex 35.5 17.9641 1.4
      vertex 34.5389 16.1878 1.4
      vertex 34.6736 16.1518 1.4
    endloop
  endfacet
  facet normal 0 0 1
    outer loop
      vertex 34.8681 18.2588 1.4
      vertex 34.4 16.2 1.4
      vertex 34.5389 16.1878 1.4
    endloop
  endfacet
  facet normal 0 0 1
    outer loop
      vertex 34.1946 18.4392 1.4
      vertex 34.4 16.2 1.4
      vertex 34.8681 18.2588 1.4
    endloop
  endfacet
  facet normal 0 0 1
    outer loop
      vertex 34.1946 18.4392 1.4
      vertex 33.6422 16.2 1.4
      vertex 34.4 16.2 1.4
    endloop
  endfacet
  facet normal 0 0 1
    outer loop
      vertex 33.3994 16.2651 1.4
      vertex 34.1946 18.4392 1.4
      vertex 33.5 18.5 1.4
    endloop
  endfacet
  facet normal 0 0 1
    outer loop
      vertex 34.1946 18.4392 1.4
      vertex 33.3994 16.2651 1.4
      vertex 33.6422 16.2 1.4
    endloop
  endfacet
  facet normal 0 0 1
    outer loop
      vertex 33.5 18.5 1.4
      vertex 33 16.3 1.4
      vertex 33.3994 16.2651 1.4
    endloop
  endfacet
  facet normal 0 0 1
    outer loop
      vertex 33.5 18.5 1.4
      vertex 32.6006 16.2651 1.4
      vertex 33 16.3 1.4
    endloop
  endfacet
  facet normal 0 0 1
    outer loop
      vertex 33.5 18.5 1.4
      vertex 32.3578 16.2 1.4
      vertex 32.6006 16.2651 1.4
    endloop
  endfacet
  facet normal 0 0 1
    outer loop
      vertex 33.5 18.5 1.4
      vertex -32.3578 16.2 1.4
      vertex 32.3578 16.2 1.4
    endloop
  endfacet
  facet normal -0 0 1
    outer loop
      vertex -33.5 18.5 1.4
      vertex -32.3578 16.2 1.4
      vertex 33.5 18.5 1.4
    endloop
  endfacet
  facet normal 0 0 1
    outer loop
      vertex -32.3578 16.2 1.4
      vertex -33.5 18.5 1.4
      vertex -32.6006 16.2651 1.4
    endloop
  endfacet
  facet normal 0 0 1
    outer loop
      vertex -32.6006 16.2651 1.4
      vertex -33.5 18.5 1.4
      vertex -33 16.3 1.4
    endloop
  endfacet
  facet normal 0 0 1
    outer loop
      vertex -33.5 18.5 1.4
      vertex -33.3994 16.2651 1.4
      vertex -33 16.3 1.4
    endloop
  endfacet
  facet normal -0 0 1
    outer loop
      vertex -34.1946 18.4392 1.4
      vertex -33.3994 16.2651 1.4
      vertex -33.5 18.5 1.4
    endloop
  endfacet
  facet normal 0 0 1
    outer loop
      vertex -33.3994 16.2651 1.4
      vertex -34.1946 18.4392 1.4
      vertex -33.6422 16.2 1.4
    endloop
  endfacet
  facet normal 0 0 1
    outer loop
      vertex -34.1946 18.4392 1.4
      vertex -34.4 16.2 1.4
      vertex -33.6422 16.2 1.4
    endloop
  endfacet
  facet normal -0 0 1
    outer loop
      vertex -34.8681 18.2588 1.4
      vertex -34.4 16.2 1.4
      vertex -34.1946 18.4392 1.4
    endloop
  endfacet
  facet normal 0 0 1
    outer loop
      vertex -34.4 16.2 1.4
      vertex -34.8681 18.2588 1.4
      vertex -34.5389 16.1878 1.4
    endloop
  endfacet
  facet normal -0 0 1
    outer loop
      vertex -35.5 17.9641 1.4
      vertex -34.5389 16.1878 1.4
      vertex -34.8681 18.2588 1.4
    endloop
  endfacet
  facet normal 0 0 1
    outer loop
      vertex -34.5389 16.1878 1.4
      vertex -35.5 17.9641 1.4
      vertex -34.6736 16.1518 1.4
    endloop
  endfacet
  facet normal 0 0 1
    outer loop
      vertex -34.6736 16.1518 1.4
      vertex -35.5 17.9641 1.4
      vertex -34.8 16.0928 1.4
    endloop
  endfacet
  facet normal -0 0 1
    outer loop
      vertex -36.0712 17.5642 1.4
      vertex -34.8 16.0928 1.4
      vertex -35.5 17.9641 1.4
    endloop
  endfacet
  facet normal 0 0 1
    outer loop
      vertex -34.8 16.0928 1.4
      vertex -36.0712 17.5642 1.4
      vertex -34.9142 16.0128 1.4
    endloop
  endfacet
  facet normal 0 0 1
    outer loop
      vertex -34.9142 16.0128 1.4
      vertex -36.0712 17.5642 1.4
      vertex -35.0128 15.9142 1.4
    endloop
  endfacet
  facet normal -0 0 1
    outer loop
      vertex -36.5642 17.0711 1.4
      vertex -35.0128 15.9142 1.4
      vertex -36.0712 17.5642 1.4
    endloop
  endfacet
  facet normal -0 0 1
    outer loop
      vertex -37.4392 15.1946 1.4
      vertex -35.2 14.6422 1.4
      vertex -35.2 15.4 1.4
    endloop
  endfacet
  facet normal 0 0 1
    outer loop
      vertex -35.2 14.6422 1.4
      vertex -37.4392 15.1946 1.4
      vertex -35.2651 14.3994 1.4
    endloop
  endfacet
  facet normal 0 0 1
    outer loop
      vertex -35.1518 15.6736 1.4
      vertex -36.9641 16.5 1.4
      vertex -35.1878 15.5389 1.4
    endloop
  endfacet
  facet normal 0 0 1
    outer loop
      vertex -35.0928 15.8 1.4
      vertex -36.9641 16.5 1.4
      vertex -35.1518 15.6736 1.4
    endloop
  endfacet
  facet normal -0 0 1
    outer loop
      vertex -36.9641 16.5 1.4
      vertex -35.0928 15.8 1.4
      vertex -36.5642 17.0711 1.4
    endloop
  endfacet
  facet normal 0 0 1
    outer loop
      vertex -35.0128 15.9142 1.4
      vertex -36.5642 17.0711 1.4
      vertex -35.0928 15.8 1.4
    endloop
  endfacet
  facet normal 0 0 1
    outer loop
      vertex 37.2588 -15.8681 1.4
      vertex 35.1878 -15.5389 1.4
      vertex 36.9641 -16.5 1.4
    endloop
  endfacet
  facet normal -0 0 1
    outer loop
      vertex 35.1518 -15.6736 1.4
      vertex 36.9641 -16.5 1.4
      vertex 35.1878 -15.5389 1.4
    endloop
  endfacet
  facet normal -0 0 1
    outer loop
      vertex 35.1878 -15.5389 1.4
      vertex 37.2588 -15.8681 1.4
      vertex 35.2 -15.4 1.4
    endloop
  endfacet
  facet normal -0 0 1
    outer loop
      vertex 35.0928 -15.8 1.4
      vertex 36.9641 -16.5 1.4
      vertex 35.1518 -15.6736 1.4
    endloop
  endfacet
  facet normal 0 0 1
    outer loop
      vertex 36.9641 -16.5 1.4
      vertex 35.0928 -15.8 1.4
      vertex 36.5642 -17.0711 1.4
    endloop
  endfacet
  facet normal -0 0 1
    outer loop
      vertex 35.0128 -15.9142 1.4
      vertex 36.5642 -17.0711 1.4
      vertex 35.0928 -15.8 1.4
    endloop
  endfacet
  facet normal 0 0 1
    outer loop
      vertex 36.5642 -17.0711 1.4
      vertex 35.0128 -15.9142 1.4
      vertex 36.0712 -17.5642 1.4
    endloop
  endfacet
  facet normal -0 0 1
    outer loop
      vertex 34.9142 -16.0128 1.4
      vertex 36.0712 -17.5642 1.4
      vertex 35.0128 -15.9142 1.4
    endloop
  endfacet
  facet normal -0 0 1
    outer loop
      vertex 34.8 -16.0928 1.4
      vertex 36.0712 -17.5642 1.4
      vertex 34.9142 -16.0128 1.4
    endloop
  endfacet
  facet normal 0 0 1
    outer loop
      vertex 36.0712 -17.5642 1.4
      vertex 34.8 -16.0928 1.4
      vertex 35.5 -17.9641 1.4
    endloop
  endfacet
  facet normal -0 0 1
    outer loop
      vertex 34.6736 -16.1518 1.4
      vertex 35.5 -17.9641 1.4
      vertex 34.8 -16.0928 1.4
    endloop
  endfacet
  facet normal -0 0 1
    outer loop
      vertex 34.5389 -16.1878 1.4
      vertex 35.5 -17.9641 1.4
      vertex 34.6736 -16.1518 1.4
    endloop
  endfacet
  facet normal 0 0 1
    outer loop
      vertex 35.5 -17.9641 1.4
      vertex 34.5389 -16.1878 1.4
      vertex 34.8681 -18.2588 1.4
    endloop
  endfacet
  facet normal -0 0 1
    outer loop
      vertex 34.4 -16.2 1.4
      vertex 34.8681 -18.2588 1.4
      vertex 34.5389 -16.1878 1.4
    endloop
  endfacet
  facet normal 0 0 1
    outer loop
      vertex 34.4 -16.2 1.4
      vertex 34.1946 -18.4392 1.4
      vertex 34.8681 -18.2588 1.4
    endloop
  endfacet
  facet normal -0 0 1
    outer loop
      vertex 33.6422 -16.2 1.4
      vertex 34.1946 -18.4392 1.4
      vertex 34.4 -16.2 1.4
    endloop
  endfacet
  facet normal -0 0 1
    outer loop
      vertex 33.3994 -16.2651 1.4
      vertex 34.1946 -18.4392 1.4
      vertex 33.6422 -16.2 1.4
    endloop
  endfacet
  facet normal 0 0 1
    outer loop
      vertex 34.1946 -18.4392 1.4
      vertex 33.3994 -16.2651 1.4
      vertex 33.5 -18.5 1.4
    endloop
  endfacet
  facet normal -0 0 1
    outer loop
      vertex 33 -16.3 1.4
      vertex 33.5 -18.5 1.4
      vertex 33.3994 -16.2651 1.4
    endloop
  endfacet
  facet normal 0 0 1
    outer loop
      vertex 32.6006 -16.2651 1.4
      vertex 33.5 -18.5 1.4
      vertex 33 -16.3 1.4
    endloop
  endfacet
  facet normal 0 0 1
    outer loop
      vertex 32.3578 -16.2 1.4
      vertex 33.5 -18.5 1.4
      vertex 32.6006 -16.2651 1.4
    endloop
  endfacet
  facet normal -0 0 1
    outer loop
      vertex -32.3578 -16.2 1.4
      vertex 33.5 -18.5 1.4
      vertex 32.3578 -16.2 1.4
    endloop
  endfacet
  facet normal 0 0 1
    outer loop
      vertex -33.5 -18.5 1.4
      vertex -32.3578 -16.2 1.4
      vertex -32.6006 -16.2651 1.4
    endloop
  endfacet
  facet normal 0 0 1
    outer loop
      vertex -33.5 -18.5 1.4
      vertex -32.6006 -16.2651 1.4
      vertex -33 -16.3 1.4
    endloop
  endfacet
  facet normal 0 0 1
    outer loop
      vertex -32.3578 -16.2 1.4
      vertex -33.5 -18.5 1.4
      vertex 33.5 -18.5 1.4
    endloop
  endfacet
  facet normal 0 0 1
    outer loop
      vertex -33.3994 -16.2651 1.4
      vertex -33.5 -18.5 1.4
      vertex -33 -16.3 1.4
    endloop
  endfacet
  facet normal 0 0 1
    outer loop
      vertex -34.1946 -18.4392 1.4
      vertex -33.3994 -16.2651 1.4
      vertex -33.6422 -16.2 1.4
    endloop
  endfacet
  facet normal 0 0 1
    outer loop
      vertex -33.3994 -16.2651 1.4
      vertex -34.1946 -18.4392 1.4
      vertex -33.5 -18.5 1.4
    endloop
  endfacet
  facet normal -0 0 1
    outer loop
      vertex -34.4 -16.2 1.4
      vertex -34.1946 -18.4392 1.4
      vertex -33.6422 -16.2 1.4
    endloop
  endfacet
  facet normal 0 0 1
    outer loop
      vertex -34.8681 -18.2588 1.4
      vertex -34.4 -16.2 1.4
      vertex -34.5389 -16.1878 1.4
    endloop
  endfacet
  facet normal 0 0 1
    outer loop
      vertex -35.5 -17.9641 1.4
      vertex -34.5389 -16.1878 1.4
      vertex -34.6736 -16.1518 1.4
    endloop
  endfacet
  facet normal 0 0 1
    outer loop
      vertex -35.5 -17.9641 1.4
      vertex -34.6736 -16.1518 1.4
      vertex -34.8 -16.0928 1.4
    endloop
  endfacet
  facet normal 0 0 1
    outer loop
      vertex -34.4 -16.2 1.4
      vertex -34.8681 -18.2588 1.4
      vertex -34.1946 -18.4392 1.4
    endloop
  endfacet
  facet normal 0 0 1
    outer loop
      vertex -36.0712 -17.5642 1.4
      vertex -34.8 -16.0928 1.4
      vertex -34.9142 -16.0128 1.4
    endloop
  endfacet
  facet normal 0 0 1
    outer loop
      vertex -36.0712 -17.5642 1.4
      vertex -34.9142 -16.0128 1.4
      vertex -35.0128 -15.9142 1.4
    endloop
  endfacet
  facet normal 0 0 1
    outer loop
      vertex -36.5642 -17.0711 1.4
      vertex -35.0128 -15.9142 1.4
      vertex -35.0928 -15.8 1.4
    endloop
  endfacet
  facet normal 0 0 1
    outer loop
      vertex -36.9641 -16.5 1.4
      vertex -35.0928 -15.8 1.4
      vertex -35.1518 -15.6736 1.4
    endloop
  endfacet
  facet normal 0 0 1
    outer loop
      vertex -36.9641 -16.5 1.4
      vertex -35.1518 -15.6736 1.4
      vertex -35.1878 -15.5389 1.4
    endloop
  endfacet
  facet normal 0 0 1
    outer loop
      vertex -37.5 -14.5 1.4
      vertex -35.2651 -14.3994 1.4
      vertex -35.3 -14 1.4
    endloop
  endfacet
  facet normal 0 0 1
    outer loop
      vertex -34.5389 -16.1878 1.4
      vertex -35.5 -17.9641 1.4
      vertex -34.8681 -18.2588 1.4
    endloop
  endfacet
  facet normal 0 0 1
    outer loop
      vertex -37.2588 -15.8681 1.4
      vertex -35.1878 -15.5389 1.4
      vertex -35.2 -15.4 1.4
    endloop
  endfacet
  facet normal 0 0 1
    outer loop
      vertex -35.2 -14.6422 1.4
      vertex -37.4392 -15.1946 1.4
      vertex -35.2 -15.4 1.4
    endloop
  endfacet
  facet normal 0 0 1
    outer loop
      vertex -35.3 14 1.4
      vertex -37.5 14.5 1.4
      vertex -35.3 -14 1.4
    endloop
  endfacet
  facet normal -0 0 1
    outer loop
      vertex -37.2588 15.8681 1.4
      vertex -35.1878 15.5389 1.4
      vertex -36.9641 16.5 1.4
    endloop
  endfacet
  facet normal 0 0 1
    outer loop
      vertex -37.5 -14.5 1.4
      vertex -35.3 -14 1.4
      vertex -37.5 14.5 1.4
    endloop
  endfacet
  facet normal 0 0 1
    outer loop
      vertex -35.1878 15.5389 1.4
      vertex -37.2588 15.8681 1.4
      vertex -35.2 15.4 1.4
    endloop
  endfacet
  facet normal 0 0 1
    outer loop
      vertex -35.2651 -14.3994 1.4
      vertex -37.5 -14.5 1.4
      vertex -37.4392 -15.1946 1.4
    endloop
  endfacet
  facet normal 0 0 1
    outer loop
      vertex -37.4392 15.1946 1.4
      vertex -35.2 15.4 1.4
      vertex -37.2588 15.8681 1.4
    endloop
  endfacet
  facet normal 0 0 1
    outer loop
      vertex -34.8 -16.0928 1.4
      vertex -36.0712 -17.5642 1.4
      vertex -35.5 -17.9641 1.4
    endloop
  endfacet
  facet normal -0 0 1
    outer loop
      vertex -37.5 14.5 1.4
      vertex -35.2651 14.3994 1.4
      vertex -37.4392 15.1946 1.4
    endloop
  endfacet
  facet normal 0 0 1
    outer loop
      vertex -35.0128 -15.9142 1.4
      vertex -36.5642 -17.0711 1.4
      vertex -36.0712 -17.5642 1.4
    endloop
  endfacet
  facet normal 0 0 1
    outer loop
      vertex -35.2651 14.3994 1.4
      vertex -37.5 14.5 1.4
      vertex -35.3 14 1.4
    endloop
  endfacet
  facet normal 0 0 1
    outer loop
      vertex -35.0928 -15.8 1.4
      vertex -36.9641 -16.5 1.4
      vertex -36.5642 -17.0711 1.4
    endloop
  endfacet
  facet normal 0 0 1
    outer loop
      vertex -35.1878 -15.5389 1.4
      vertex -37.2588 -15.8681 1.4
      vertex -36.9641 -16.5 1.4
    endloop
  endfacet
  facet normal 0 0 1
    outer loop
      vertex -35.2 -15.4 1.4
      vertex -37.4392 -15.1946 1.4
      vertex -37.2588 -15.8681 1.4
    endloop
  endfacet
  facet normal 0 0 1
    outer loop
      vertex 37.4392 15.1946 1.4
      vertex 35.2 14.6422 1.4
      vertex 35.2651 14.3994 1.4
    endloop
  endfacet
  facet normal 0 0 1
    outer loop
      vertex -35.2651 13.6006 1.4
      vertex -35.2 -13.3578 1.4
      vertex -35.2 13.3578 1.4
    endloop
  endfacet
  facet normal 0 0 1
    outer loop
      vertex -35.2651 13.6006 1.4
      vertex -35.2651 -13.6006 1.4
      vertex -35.2 -13.3578 1.4
    endloop
  endfacet
  facet normal 0 0 1
    outer loop
      vertex -35.3 14 1.4
      vertex -35.2651 -13.6006 1.4
      vertex -35.2651 13.6006 1.4
    endloop
  endfacet
  facet normal 0 0 1
    outer loop
      vertex -35.2651 -13.6006 1.4
      vertex -35.3 14 1.4
      vertex -35.3 -14 1.4
    endloop
  endfacet
  facet normal 0 0 1
    outer loop
      vertex 26.95 12.255 1.4
      vertex 30.7 14 1.4
      vertex 30.7349 14.3994 1.4
    endloop
  endfacet
  facet normal 0 0 1
    outer loop
      vertex 26.95 12.255 1.4
      vertex 29.85 5 1.4
      vertex 29.85 11 1.4
    endloop
  endfacet
  facet normal 0 0 1
    outer loop
      vertex 29.85 5 1.4
      vertex 26.95 12.255 1.4
      vertex 29.85 -5 1.4
    endloop
  endfacet
  facet normal 0 0 1
    outer loop
      vertex 26.95 -12.255 1.4
      vertex 29.85 -5 1.4
      vertex 26.95 12.255 1.4
    endloop
  endfacet
  facet normal 0 0 1
    outer loop
      vertex 30.7 14 1.4
      vertex 26.95 12.255 1.4
      vertex 29.85 11 1.4
    endloop
  endfacet
  facet normal 0 0 1
    outer loop
      vertex 30.8387 14.7866 1.4
      vertex 26.95 12.255 1.4
      vertex 30.7349 14.3994 1.4
    endloop
  endfacet
  facet normal 0 0 1
    outer loop
      vertex 30.9382 15 1.4
      vertex 26.95 12.255 1.4
      vertex 30.8387 14.7866 1.4
    endloop
  endfacet
  facet normal 0 0 1
    outer loop
      vertex 30.9382 15 1.4
      vertex -22.4 12.255 1.4
      vertex 26.95 12.255 1.4
    endloop
  endfacet
  facet normal 0 0 1
    outer loop
      vertex -29.85 8 1.4
      vertex -22.4 12.255 1.4
      vertex -29.85 12 1.4
    endloop
  endfacet
  facet normal -0 0 1
    outer loop
      vertex -30.9382 15 1.4
      vertex -22.4 12.255 1.4
      vertex 30.9382 15 1.4
    endloop
  endfacet
  facet normal -0 -0 1
    outer loop
      vertex -30.7349 14.3994 1.4
      vertex -22.4 12.255 1.4
      vertex -30.8387 14.7866 1.4
    endloop
  endfacet
  facet normal 0 0 1
    outer loop
      vertex -29.85 12 1.4
      vertex -30.7349 14.3994 1.4
      vertex -30.7 14 1.4
    endloop
  endfacet
  facet normal 0 0 1
    outer loop
      vertex -22.4 12.255 1.4
      vertex -30.7349 14.3994 1.4
      vertex -29.85 12 1.4
    endloop
  endfacet
  facet normal 0 0 1
    outer loop
      vertex -22.4 12.255 1.4
      vertex -30.9382 15 1.4
      vertex -30.8387 14.7866 1.4
    endloop
  endfacet
  facet normal -0 0 1
    outer loop
      vertex 29.85 5 1.4
      vertex 30.85 -5 1.4
      vertex 30.85 5 1.4
    endloop
  endfacet
  facet normal 0 0 1
    outer loop
      vertex 30.85 -5 1.4
      vertex 29.85 5 1.4
      vertex 29.85 -5 1.4
    endloop
  endfacet
  facet normal 0 0 1
    outer loop
      vertex 30.85 5 1.4
      vertex 34 11.9382 1.4
      vertex 33.7866 11.8387 1.4
    endloop
  endfacet
  facet normal 0 0 1
    outer loop
      vertex 34 11.9382 1.4
      vertex 30.85 5 1.4
      vertex 34 -11.9382 1.4
    endloop
  endfacet
  facet normal 0 0 1
    outer loop
      vertex 30.85 5 1.4
      vertex 33.7866 11.8387 1.4
      vertex 33.3994 11.7349 1.4
    endloop
  endfacet
  facet normal -0 0 1
    outer loop
      vertex 30.85 -5 1.4
      vertex 34 -11.9382 1.4
      vertex 30.85 5 1.4
    endloop
  endfacet
  facet normal 0 0 1
    outer loop
      vertex 30.85 5 1.4
      vertex 33.3994 11.7349 1.4
      vertex 33 11.7 1.4
    endloop
  endfacet
  facet normal 0 0 1
    outer loop
      vertex 34 -11.9382 1.4
      vertex 30.85 -5 1.4
      vertex 33.7866 -11.8387 1.4
    endloop
  endfacet
  facet normal 0 0 1
    outer loop
      vertex 30.85 11 1.4
      vertex 33 11.7 1.4
      vertex 32.6006 11.7349 1.4
    endloop
  endfacet
  facet normal 0 0 1
    outer loop
      vertex 33.7866 -11.8387 1.4
      vertex 30.85 -5 1.4
      vertex 33.3994 -11.7349 1.4
    endloop
  endfacet
  facet normal 0 0 1
    outer loop
      vertex 30.85 11 1.4
      vertex 32.6006 11.7349 1.4
      vertex 32.2134 11.8387 1.4
    endloop
  endfacet
  facet normal 0 0 1
    outer loop
      vertex 33.3994 -11.7349 1.4
      vertex 30.85 -5 1.4
      vertex 33 -11.7 1.4
    endloop
  endfacet
  facet normal 0 0 1
    outer loop
      vertex 30.85 11 1.4
      vertex 32.2134 11.8387 1.4
      vertex 31.85 12.0081 1.4
    endloop
  endfacet
  facet normal -0 0 1
    outer loop
      vertex 30.85 -11 1.4
      vertex 33 -11.7 1.4
      vertex 30.85 -5 1.4
    endloop
  endfacet
  facet normal 0 0 1
    outer loop
      vertex 30.85 11 1.4
      vertex 31.85 12.0081 1.4
      vertex 31.5216 12.2381 1.4
    endloop
  endfacet
  facet normal 0 0 1
    outer loop
      vertex 33 -11.7 1.4
      vertex 30.85 -11 1.4
      vertex 32.6006 -11.7349 1.4
    endloop
  endfacet
  facet normal 0 0 1
    outer loop
      vertex 30.85 11 1.4
      vertex 31.5216 12.2381 1.4
      vertex 31.2381 12.5216 1.4
    endloop
  endfacet
  facet normal 0 0 1
    outer loop
      vertex 32.6006 -11.7349 1.4
      vertex 30.85 -11 1.4
      vertex 32.2134 -11.8387 1.4
    endloop
  endfacet
  facet normal 0 0 1
    outer loop
      vertex 29.85 11 1.4
      vertex 31.2381 12.5216 1.4
      vertex 31.0081 12.85 1.4
    endloop
  endfacet
  facet normal 0 0 1
    outer loop
      vertex 32.2134 -11.8387 1.4
      vertex 30.85 -11 1.4
      vertex 31.85 -12.0081 1.4
    endloop
  endfacet
  facet normal 0 0 1
    outer loop
      vertex 33 11.7 1.4
      vertex 30.85 11 1.4
      vertex 30.85 5 1.4
    endloop
  endfacet
  facet normal 0 0 1
    outer loop
      vertex 29.85 11 1.4
      vertex 31.0081 12.85 1.4
      vertex 30.8387 13.2134 1.4
    endloop
  endfacet
  facet normal 0 0 1
    outer loop
      vertex 29.85 11 1.4
      vertex 30.8387 13.2134 1.4
      vertex 30.7349 13.6006 1.4
    endloop
  endfacet
  facet normal 0 0 1
    outer loop
      vertex 29.85 11 1.4
      vertex 30.7349 13.6006 1.4
      vertex 30.7 14 1.4
    endloop
  endfacet
  facet normal 0 0 1
    outer loop
      vertex 31.2381 12.5216 1.4
      vertex 29.85 11 1.4
      vertex 30.85 11 1.4
    endloop
  endfacet
  facet normal 0 0 1
    outer loop
      vertex 31.85 -12.0081 1.4
      vertex 30.85 -11 1.4
      vertex 31.5216 -12.2381 1.4
    endloop
  endfacet
  facet normal 0 0 1
    outer loop
      vertex 31.5216 -12.2381 1.4
      vertex 30.85 -11 1.4
      vertex 31.2381 -12.5216 1.4
    endloop
  endfacet
  facet normal -0 0 1
    outer loop
      vertex 29.85 -11 1.4
      vertex 31.2381 -12.5216 1.4
      vertex 30.85 -11 1.4
    endloop
  endfacet
  facet normal 0 0 1
    outer loop
      vertex 31.2381 -12.5216 1.4
      vertex 29.85 -11 1.4
      vertex 31.0081 -12.85 1.4
    endloop
  endfacet
  facet normal 0 0 1
    outer loop
      vertex 31.0081 -12.85 1.4
      vertex 29.85 -11 1.4
      vertex 30.8387 -13.2134 1.4
    endloop
  endfacet
  facet normal -0 0 1
    outer loop
      vertex 26.95 -12.255 1.4
      vertex 30.8387 -13.2134 1.4
      vertex 29.85 -11 1.4
    endloop
  endfacet
  facet normal 0 0 1
    outer loop
      vertex 30.8387 -13.2134 1.4
      vertex 26.95 -12.255 1.4
      vertex 30.7349 -13.6006 1.4
    endloop
  endfacet
  facet normal 0 0 1
    outer loop
      vertex 30.7349 -13.6006 1.4
      vertex 26.95 -12.255 1.4
      vertex 30.7 -14 1.4
    endloop
  endfacet
  facet normal 0 0 1
    outer loop
      vertex 29.85 -5 1.4
      vertex 26.95 -12.255 1.4
      vertex 29.85 -11 1.4
    endloop
  endfacet
  facet normal 0 0 1
    outer loop
      vertex 30.7 -14 1.4
      vertex 26.95 -12.255 1.4
      vertex 30.7349 -14.3994 1.4
    endloop
  endfacet
  facet normal 0 0 1
    outer loop
      vertex 26.95 -12.255 1.4
      vertex 30.8387 -14.7866 1.4
      vertex 30.7349 -14.3994 1.4
    endloop
  endfacet
  facet normal 0 0 1
    outer loop
      vertex 26.95 -12.255 1.4
      vertex 30.9382 -15 1.4
      vertex 30.8387 -14.7866 1.4
    endloop
  endfacet
  facet normal -0 0 1
    outer loop
      vertex -22.4 -12.255 1.4
      vertex 30.9382 -15 1.4
      vertex 26.95 -12.255 1.4
    endloop
  endfacet
  facet normal 0 0 1
    outer loop
      vertex -22.4 12.255 1.4
      vertex -29.85 8 1.4
      vertex -22.4 -12.255 1.4
    endloop
  endfacet
  facet normal -0 0 1
    outer loop
      vertex -29.85 -8 1.4
      vertex -22.4 -12.255 1.4
      vertex -29.85 8 1.4
    endloop
  endfacet
  facet normal -0 0 1
    outer loop
      vertex -29.85 -12 1.4
      vertex -22.4 -12.255 1.4
      vertex -29.85 -8 1.4
    endloop
  endfacet
  facet normal 0 0 1
    outer loop
      vertex -30.7349 -14.3994 1.4
      vertex -22.4 -12.255 1.4
      vertex -29.85 -12 1.4
    endloop
  endfacet
  facet normal 0 0 1
    outer loop
      vertex -30.7349 -14.3994 1.4
      vertex -29.85 -12 1.4
      vertex -30.7 -14 1.4
    endloop
  endfacet
  facet normal 0 0 1
    outer loop
      vertex -22.4 -12.255 1.4
      vertex -30.7349 -14.3994 1.4
      vertex -30.8387 -14.7866 1.4
    endloop
  endfacet
  facet normal 0 0 1
    outer loop
      vertex -30.9382 -15 1.4
      vertex -22.4 -12.255 1.4
      vertex -30.8387 -14.7866 1.4
    endloop
  endfacet
  facet normal 0 0 1
    outer loop
      vertex -22.4 -12.255 1.4
      vertex -30.9382 -15 1.4
      vertex 30.9382 -15 1.4
    endloop
  endfacet
  facet normal 0 0 1
    outer loop
      vertex -29.85 -12 1.4
      vertex -30.7349 -13.6006 1.4
      vertex -30.7 -14 1.4
    endloop
  endfacet
  facet normal 0 0 1
    outer loop
      vertex -29.85 -12 1.4
      vertex -30.8387 -13.2134 1.4
      vertex -30.7349 -13.6006 1.4
    endloop
  endfacet
  facet normal 0 0 1
    outer loop
      vertex -31.0081 -12.85 1.4
      vertex -29.85 -12 1.4
      vertex -30.85 -12 1.4
    endloop
  endfacet
  facet normal 0 0 1
    outer loop
      vertex -29.85 -12 1.4
      vertex -31.0081 -12.85 1.4
      vertex -30.8387 -13.2134 1.4
    endloop
  endfacet
  facet normal 0 0 1
    outer loop
      vertex -30.85 -8 1.4
      vertex -31.0081 -12.85 1.4
      vertex -30.85 -12 1.4
    endloop
  endfacet
  facet normal 0 0 1
    outer loop
      vertex -32.2134 11.8387 1.4
      vertex -30.85 12 1.4
      vertex -31.85 12.0081 1.4
    endloop
  endfacet
  facet normal 0 0 1
    outer loop
      vertex -30.85 -8 1.4
      vertex -31.2381 -12.5216 1.4
      vertex -31.0081 -12.85 1.4
    endloop
  endfacet
  facet normal 0 0 1
    outer loop
      vertex -30.85 12 1.4
      vertex -32.2134 11.8387 1.4
      vertex -30.85 8 1.4
    endloop
  endfacet
  facet normal 0 0 1
    outer loop
      vertex -30.85 -8 1.4
      vertex -31.5216 -12.2381 1.4
      vertex -31.2381 -12.5216 1.4
    endloop
  endfacet
  facet normal -0 0 1
    outer loop
      vertex -32.6006 11.7349 1.4
      vertex -30.85 8 1.4
      vertex -32.2134 11.8387 1.4
    endloop
  endfacet
  facet normal 0 0 1
    outer loop
      vertex -30.85 -8 1.4
      vertex -31.85 -12.0081 1.4
      vertex -31.5216 -12.2381 1.4
    endloop
  endfacet
  facet normal -0 0 1
    outer loop
      vertex -33 11.7 1.4
      vertex -30.85 8 1.4
      vertex -32.6006 11.7349 1.4
    endloop
  endfacet
  facet normal 0 0 1
    outer loop
      vertex -30.85 -8 1.4
      vertex -32.2134 -11.8387 1.4
      vertex -31.85 -12.0081 1.4
    endloop
  endfacet
  facet normal 0 0 1
    outer loop
      vertex -33.3994 11.7349 1.4
      vertex -30.85 8 1.4
      vertex -33 11.7 1.4
    endloop
  endfacet
  facet normal 0 0 1
    outer loop
      vertex -30.85 -8 1.4
      vertex -32.6006 -11.7349 1.4
      vertex -32.2134 -11.8387 1.4
    endloop
  endfacet
  facet normal 0 0 1
    outer loop
      vertex -33.7866 11.8387 1.4
      vertex -30.85 8 1.4
      vertex -33.3994 11.7349 1.4
    endloop
  endfacet
  facet normal 0 0 1
    outer loop
      vertex -30.85 -8 1.4
      vertex -33 -11.7 1.4
      vertex -32.6006 -11.7349 1.4
    endloop
  endfacet
  facet normal 0 0 1
    outer loop
      vertex -34 11.9382 1.4
      vertex -30.85 8 1.4
      vertex -33.7866 11.8387 1.4
    endloop
  endfacet
  facet normal 0 0 1
    outer loop
      vertex -30.85 -8 1.4
      vertex -33.3994 -11.7349 1.4
      vertex -33 -11.7 1.4
    endloop
  endfacet
  facet normal 0 0 1
    outer loop
      vertex -30.85 8 1.4
      vertex -34 11.9382 1.4
      vertex -30.85 -8 1.4
    endloop
  endfacet
  facet normal 0 0 1
    outer loop
      vertex -30.85 -8 1.4
      vertex -33.7866 -11.8387 1.4
      vertex -33.3994 -11.7349 1.4
    endloop
  endfacet
  facet normal 0 0 1
    outer loop
      vertex -34 -11.9382 1.4
      vertex -30.85 -8 1.4
      vertex -34 11.9382 1.4
    endloop
  endfacet
  facet normal 0 0 1
    outer loop
      vertex -30.85 -8 1.4
      vertex -34 -11.9382 1.4
      vertex -33.7866 -11.8387 1.4
    endloop
  endfacet
  facet normal -0 0 1
    outer loop
      vertex -30.85 8 1.4
      vertex -29.85 -8 1.4
      vertex -29.85 8 1.4
    endloop
  endfacet
  facet normal 0 0 1
    outer loop
      vertex -29.85 -8 1.4
      vertex -30.85 8 1.4
      vertex -30.85 -8 1.4
    endloop
  endfacet
  facet normal -0 0 1
    outer loop
      vertex -30.7349 13.6006 1.4
      vertex -29.85 12 1.4
      vertex -30.7 14 1.4
    endloop
  endfacet
  facet normal -0 0 1
    outer loop
      vertex -30.8387 13.2134 1.4
      vertex -29.85 12 1.4
      vertex -30.7349 13.6006 1.4
    endloop
  endfacet
  facet normal -0 0 1
    outer loop
      vertex -31.0081 12.85 1.4
      vertex -29.85 12 1.4
      vertex -30.8387 13.2134 1.4
    endloop
  endfacet
  facet normal -0 0 1
    outer loop
      vertex -31.2381 12.5216 1.4
      vertex -30.85 12 1.4
      vertex -31.0081 12.85 1.4
    endloop
  endfacet
  facet normal -0 0 1
    outer loop
      vertex -31.5216 12.2381 1.4
      vertex -30.85 12 1.4
      vertex -31.2381 12.5216 1.4
    endloop
  endfacet
  facet normal -0 0 1
    outer loop
      vertex -31.85 12.0081 1.4
      vertex -30.85 12 1.4
      vertex -31.5216 12.2381 1.4
    endloop
  endfacet
  facet normal 0 0 1
    outer loop
      vertex -29.85 12 1.4
      vertex -31.0081 12.85 1.4
      vertex -30.85 12 1.4
    endloop
  endfacet
  facet normal 0.819144 0.573587 0
    outer loop
      vertex 36.9641 16.5 1.4
      vertex 36.5642 17.0711 5.72205e-07
      vertex 36.5642 17.0711 1.4
    endloop
  endfacet
  facet normal 0.819144 0.573587 0
    outer loop
      vertex 36.5642 17.0711 5.72205e-07
      vertex 36.9641 16.5 1.4
      vertex 36.9641 16.5 5.72205e-07
    endloop
  endfacet
  facet normal 0 0 -1
    outer loop
      vertex 33.5 -18.5 5.72205e-07
      vertex 37.5 -14.5 5.72205e-07
      vertex 37.4392 -15.1946 5.72205e-07
    endloop
  endfacet
  facet normal 0 0 -1
    outer loop
      vertex 37.5 -14.5 5.72205e-07
      vertex 26.95 -12.255 5.72205e-07
      vertex 37.5 14.5 5.72205e-07
    endloop
  endfacet
  facet normal 0 0 -1
    outer loop
      vertex 33.5 -18.5 5.72205e-07
      vertex 37.4392 -15.1946 5.72205e-07
      vertex 37.2588 -15.8681 5.72205e-07
    endloop
  endfacet
  facet normal 0 0 -1
    outer loop
      vertex 26.95 12.255 5.72205e-07
      vertex 37.5 14.5 5.72205e-07
      vertex 26.95 -12.255 5.72205e-07
    endloop
  endfacet
  facet normal 0 0 -1
    outer loop
      vertex 33.5 -18.5 5.72205e-07
      vertex 37.2588 -15.8681 5.72205e-07
      vertex 36.9641 -16.5 5.72205e-07
    endloop
  endfacet
  facet normal 0 -0 -1
    outer loop
      vertex 33.5 18.5 5.72205e-07
      vertex 37.5 14.5 5.72205e-07
      vertex 26.95 12.255 5.72205e-07
    endloop
  endfacet
  facet normal 0 0 -1
    outer loop
      vertex 33.5 -18.5 5.72205e-07
      vertex 36.9641 -16.5 5.72205e-07
      vertex 36.5642 -17.0711 5.72205e-07
    endloop
  endfacet
  facet normal 0 0 -1
    outer loop
      vertex 37.5 14.5 5.72205e-07
      vertex 33.5 18.5 5.72205e-07
      vertex 37.4392 15.1946 5.72205e-07
    endloop
  endfacet
  facet normal 0 0 -1
    outer loop
      vertex 33.5 -18.5 5.72205e-07
      vertex 36.5642 -17.0711 5.72205e-07
      vertex 36.0712 -17.5642 5.72205e-07
    endloop
  endfacet
  facet normal 0 0 -1
    outer loop
      vertex 37.4392 15.1946 5.72205e-07
      vertex 33.5 18.5 5.72205e-07
      vertex 37.2588 15.8681 5.72205e-07
    endloop
  endfacet
  facet normal 0 0 -1
    outer loop
      vertex 33.5 -18.5 5.72205e-07
      vertex 36.0712 -17.5642 5.72205e-07
      vertex 35.5 -17.9641 5.72205e-07
    endloop
  endfacet
  facet normal 0 0 -1
    outer loop
      vertex 37.2588 15.8681 5.72205e-07
      vertex 33.5 18.5 5.72205e-07
      vertex 36.9641 16.5 5.72205e-07
    endloop
  endfacet
  facet normal 0 0 -1
    outer loop
      vertex 33.5 -18.5 5.72205e-07
      vertex 35.5 -17.9641 5.72205e-07
      vertex 34.8681 -18.2588 5.72205e-07
    endloop
  endfacet
  facet normal 0 0 -1
    outer loop
      vertex 36.9641 16.5 5.72205e-07
      vertex 33.5 18.5 5.72205e-07
      vertex 36.5642 17.0711 5.72205e-07
    endloop
  endfacet
  facet normal 0 0 -1
    outer loop
      vertex 33.5 -18.5 5.72205e-07
      vertex 34.8681 -18.2588 5.72205e-07
      vertex 34.1946 -18.4392 5.72205e-07
    endloop
  endfacet
  facet normal 0 0 -1
    outer loop
      vertex 36.5642 17.0711 5.72205e-07
      vertex 33.5 18.5 5.72205e-07
      vertex 36.0712 17.5642 5.72205e-07
    endloop
  endfacet
  facet normal -0 0 -1
    outer loop
      vertex 37.5 -14.5 5.72205e-07
      vertex 33.5 -18.5 5.72205e-07
      vertex 26.95 -12.255 5.72205e-07
    endloop
  endfacet
  facet normal 0 0 -1
    outer loop
      vertex 36.0712 17.5642 5.72205e-07
      vertex 33.5 18.5 5.72205e-07
      vertex 35.5 17.9641 5.72205e-07
    endloop
  endfacet
  facet normal 0 0 -1
    outer loop
      vertex 35.5 17.9641 5.72205e-07
      vertex 33.5 18.5 5.72205e-07
      vertex 34.8681 18.2588 5.72205e-07
    endloop
  endfacet
  facet normal 0 0 -1
    outer loop
      vertex 33.5 -18.5 5.72205e-07
      vertex -22.4 -12.255 5.72205e-07
      vertex 26.95 -12.255 5.72205e-07
    endloop
  endfacet
  facet normal 0 0 -1
    outer loop
      vertex -37.5 -14.5 5.72205e-07
      vertex -22.4 -12.255 5.72205e-07
      vertex -33.5 -18.5 5.72205e-07
    endloop
  endfacet
  facet normal 0 0 -1
    outer loop
      vertex -33.5 -18.5 5.72205e-07
      vertex -22.4 -12.255 5.72205e-07
      vertex 33.5 -18.5 5.72205e-07
    endloop
  endfacet
  facet normal 0 0 -1
    outer loop
      vertex 34.8681 18.2588 5.72205e-07
      vertex 33.5 18.5 5.72205e-07
      vertex 34.1946 18.4392 5.72205e-07
    endloop
  endfacet
  facet normal 0 0 -1
    outer loop
      vertex -22.4 12.255 5.72205e-07
      vertex 33.5 18.5 5.72205e-07
      vertex 26.95 12.255 5.72205e-07
    endloop
  endfacet
  facet normal 0 0 -1
    outer loop
      vertex -22.4 12.255 5.72205e-07
      vertex -33.5 18.5 5.72205e-07
      vertex 33.5 18.5 5.72205e-07
    endloop
  endfacet
  facet normal -0 0 -1
    outer loop
      vertex -22.4 -12.255 5.72205e-07
      vertex -37.5 -14.5 5.72205e-07
      vertex -22.4 12.255 5.72205e-07
    endloop
  endfacet
  facet normal 0 0 -1
    outer loop
      vertex -37.5 -14.5 5.72205e-07
      vertex -33.5 -18.5 5.72205e-07
      vertex -34.1946 -18.4392 5.72205e-07
    endloop
  endfacet
  facet normal 0 0 -1
    outer loop
      vertex -37.5 14.5 5.72205e-07
      vertex -22.4 12.255 5.72205e-07
      vertex -37.5 -14.5 5.72205e-07
    endloop
  endfacet
  facet normal 0 0 -1
    outer loop
      vertex -37.5 -14.5 5.72205e-07
      vertex -34.1946 -18.4392 5.72205e-07
      vertex -34.8681 -18.2588 5.72205e-07
    endloop
  endfacet
  facet normal 0 0 -1
    outer loop
      vertex -22.4 12.255 5.72205e-07
      vertex -37.5 14.5 5.72205e-07
      vertex -33.5 18.5 5.72205e-07
    endloop
  endfacet
  facet normal 0 0 -1
    outer loop
      vertex -37.5 -14.5 5.72205e-07
      vertex -34.8681 -18.2588 5.72205e-07
      vertex -35.5 -17.9641 5.72205e-07
    endloop
  endfacet
  facet normal 0 0 -1
    outer loop
      vertex -33.5 18.5 5.72205e-07
      vertex -37.5 14.5 5.72205e-07
      vertex -34.1946 18.4392 5.72205e-07
    endloop
  endfacet
  facet normal 0 0 -1
    outer loop
      vertex -37.5 -14.5 5.72205e-07
      vertex -35.5 -17.9641 5.72205e-07
      vertex -36.0712 -17.5642 5.72205e-07
    endloop
  endfacet
  facet normal 0 0 -1
    outer loop
      vertex -34.1946 18.4392 5.72205e-07
      vertex -37.5 14.5 5.72205e-07
      vertex -34.8681 18.2588 5.72205e-07
    endloop
  endfacet
  facet normal 0 0 -1
    outer loop
      vertex -37.5 -14.5 5.72205e-07
      vertex -36.0712 -17.5642 5.72205e-07
      vertex -36.5642 -17.0711 5.72205e-07
    endloop
  endfacet
  facet normal 0 0 -1
    outer loop
      vertex -34.8681 18.2588 5.72205e-07
      vertex -37.5 14.5 5.72205e-07
      vertex -35.5 17.9641 5.72205e-07
    endloop
  endfacet
  facet normal 0 0 -1
    outer loop
      vertex -37.5 -14.5 5.72205e-07
      vertex -36.5642 -17.0711 5.72205e-07
      vertex -36.9641 -16.5 5.72205e-07
    endloop
  endfacet
  facet normal 0 0 -1
    outer loop
      vertex -35.5 17.9641 5.72205e-07
      vertex -37.5 14.5 5.72205e-07
      vertex -36.0712 17.5642 5.72205e-07
    endloop
  endfacet
  facet normal 0 0 -1
    outer loop
      vertex -37.5 -14.5 5.72205e-07
      vertex -36.9641 -16.5 5.72205e-07
      vertex -37.2588 -15.8681 5.72205e-07
    endloop
  endfacet
  facet normal 0 0 -1
    outer loop
      vertex -36.0712 17.5642 5.72205e-07
      vertex -37.5 14.5 5.72205e-07
      vertex -36.5642 17.0711 5.72205e-07
    endloop
  endfacet
  facet normal 0 0 -1
    outer loop
      vertex -37.5 -14.5 5.72205e-07
      vertex -37.2588 -15.8681 5.72205e-07
      vertex -37.4392 -15.1946 5.72205e-07
    endloop
  endfacet
  facet normal 0 0 -1
    outer loop
      vertex -36.5642 17.0711 5.72205e-07
      vertex -37.5 14.5 5.72205e-07
      vertex -36.9641 16.5 5.72205e-07
    endloop
  endfacet
  facet normal 0 0 -1
    outer loop
      vertex -36.9641 16.5 5.72205e-07
      vertex -37.5 14.5 5.72205e-07
      vertex -37.2588 15.8681 5.72205e-07
    endloop
  endfacet
  facet normal 0 0 -1
    outer loop
      vertex -37.2588 15.8681 5.72205e-07
      vertex -37.5 14.5 5.72205e-07
      vertex -37.4392 15.1946 5.72205e-07
    endloop
  endfacet
  facet normal -0.0870665 -0.996203 0
    outer loop
      vertex -33 14.85 3.86
      vertex -32.8524 14.8371 12.85
      vertex -33 14.85 12.85
    endloop
  endfacet
  facet normal -0.0870665 -0.996203 -0
    outer loop
      vertex -32.8524 14.8371 12.85
      vertex -33 14.85 3.86
      vertex -32.8524 14.8371 3.86
    endloop
  endfacet
  facet normal -0.96583 0.259175 0
    outer loop
      vertex -32.2013 13.7093 3.86
      vertex -32.1629 13.8524 12.85
      vertex -32.1629 13.8524 3.86
    endloop
  endfacet
  facet normal -0.96583 0.259175 0
    outer loop
      vertex -32.1629 13.8524 12.85
      vertex -32.2013 13.7093 3.86
      vertex -32.2013 13.7093 12.85
    endloop
  endfacet
  facet normal -0.996203 0.0870665 0
    outer loop
      vertex -32.1629 13.8524 3.86
      vertex -32.15 14 12.85
      vertex -32.15 14 3.86
    endloop
  endfacet
  facet normal -0.996203 0.0870665 0
    outer loop
      vertex -32.15 14 12.85
      vertex -32.1629 13.8524 3.86
      vertex -32.1629 13.8524 12.85
    endloop
  endfacet
  facet normal -0.906373 0.422479 0
    outer loop
      vertex -32.2639 13.575 3.86
      vertex -32.2013 13.7093 12.85
      vertex -32.2013 13.7093 3.86
    endloop
  endfacet
  facet normal -0.906373 0.422479 0
    outer loop
      vertex -32.2013 13.7093 12.85
      vertex -32.2639 13.575 3.86
      vertex -32.2639 13.575 12.85
    endloop
  endfacet
  facet normal 0.96583 0.259175 0
    outer loop
      vertex -33.7987 13.7093 12.85
      vertex -33.8371 13.8524 3.86
      vertex -33.8371 13.8524 12.85
    endloop
  endfacet
  facet normal 0.96583 0.259175 0
    outer loop
      vertex -33.8371 13.8524 3.86
      vertex -33.7987 13.7093 12.85
      vertex -33.7987 13.7093 3.86
    endloop
  endfacet
  facet normal 0.707107 -0.707107 0
    outer loop
      vertex -33.6511 14.5464 3.86
      vertex -33.5464 14.6511 12.85
      vertex -33.6511 14.5464 12.85
    endloop
  endfacet
  facet normal 0.707107 -0.707107 0
    outer loop
      vertex -33.5464 14.6511 12.85
      vertex -33.6511 14.5464 3.86
      vertex -33.5464 14.6511 3.86
    endloop
  endfacet
  facet normal -0.707107 0.707107 0
    outer loop
      vertex -32.4536 13.3489 3.86
      vertex -32.3489 13.4536 12.85
      vertex -32.3489 13.4536 3.86
    endloop
  endfacet
  facet normal -0.707107 0.707107 0
    outer loop
      vertex -32.3489 13.4536 12.85
      vertex -32.4536 13.3489 3.86
      vertex -32.4536 13.3489 12.85
    endloop
  endfacet
  facet normal 0.573553 0.819169 -0
    outer loop
      vertex -33.425 13.2639 3.86
      vertex -33.5464 13.3489 12.85
      vertex -33.425 13.2639 12.85
    endloop
  endfacet
  facet normal 0.573553 0.819169 0
    outer loop
      vertex -33.5464 13.3489 12.85
      vertex -33.425 13.2639 3.86
      vertex -33.5464 13.3489 3.86
    endloop
  endfacet
  facet normal -0.259175 -0.96583 0
    outer loop
      vertex -32.8524 14.8371 3.86
      vertex -32.7093 14.7987 12.85
      vertex -32.8524 14.8371 12.85
    endloop
  endfacet
  facet normal -0.259175 -0.96583 -0
    outer loop
      vertex -32.7093 14.7987 12.85
      vertex -32.8524 14.8371 3.86
      vertex -32.7093 14.7987 3.86
    endloop
  endfacet
  facet normal 0.259175 -0.96583 0
    outer loop
      vertex -33.2907 14.7987 3.86
      vertex -33.1476 14.8371 12.85
      vertex -33.2907 14.7987 12.85
    endloop
  endfacet
  facet normal 0.259175 -0.96583 0
    outer loop
      vertex -33.1476 14.8371 12.85
      vertex -33.2907 14.7987 3.86
      vertex -33.1476 14.8371 3.86
    endloop
  endfacet
  facet normal -0.96583 -0.259175 0
    outer loop
      vertex -32.1629 14.1476 3.86
      vertex -32.2013 14.2907 12.85
      vertex -32.2013 14.2907 3.86
    endloop
  endfacet
  facet normal -0.96583 -0.259175 0
    outer loop
      vertex -32.2013 14.2907 12.85
      vertex -32.1629 14.1476 3.86
      vertex -32.1629 14.1476 12.85
    endloop
  endfacet
  facet normal 0.996203 -0.0870665 0
    outer loop
      vertex -33.85 14 12.85
      vertex -33.8371 14.1476 3.86
      vertex -33.8371 14.1476 12.85
    endloop
  endfacet
  facet normal 0.996203 -0.0870665 0
    outer loop
      vertex -33.8371 14.1476 3.86
      vertex -33.85 14 12.85
      vertex -33.85 14 3.86
    endloop
  endfacet
  facet normal -0.819169 -0.573553 0
    outer loop
      vertex -32.2639 14.425 3.86
      vertex -32.3489 14.5464 12.85
      vertex -32.3489 14.5464 3.86
    endloop
  endfacet
  facet normal -0.819169 -0.573553 0
    outer loop
      vertex -32.3489 14.5464 12.85
      vertex -32.2639 14.425 3.86
      vertex -32.2639 14.425 12.85
    endloop
  endfacet
  facet normal -0.906373 -0.422479 0
    outer loop
      vertex -32.2013 14.2907 3.86
      vertex -32.2639 14.425 12.85
      vertex -32.2639 14.425 3.86
    endloop
  endfacet
  facet normal -0.906373 -0.422479 0
    outer loop
      vertex -32.2639 14.425 12.85
      vertex -32.2013 14.2907 3.86
      vertex -32.2013 14.2907 12.85
    endloop
  endfacet
  facet normal -0.422479 0.906373 0
    outer loop
      vertex -32.575 13.2639 3.86
      vertex -32.7093 13.2013 12.85
      vertex -32.575 13.2639 12.85
    endloop
  endfacet
  facet normal -0.422479 0.906373 0
    outer loop
      vertex -32.7093 13.2013 12.85
      vertex -32.575 13.2639 3.86
      vertex -32.7093 13.2013 3.86
    endloop
  endfacet
  facet normal 0.96583 -0.259175 0
    outer loop
      vertex -33.8371 14.1476 12.85
      vertex -33.7987 14.2907 3.86
      vertex -33.7987 14.2907 12.85
    endloop
  endfacet
  facet normal 0.96583 -0.259175 0
    outer loop
      vertex -33.7987 14.2907 3.86
      vertex -33.8371 14.1476 12.85
      vertex -33.8371 14.1476 3.86
    endloop
  endfacet
  facet normal -0.819169 0.573553 0
    outer loop
      vertex -32.3489 13.4536 3.86
      vertex -32.2639 13.575 12.85
      vertex -32.2639 13.575 3.86
    endloop
  endfacet
  facet normal -0.819169 0.573553 0
    outer loop
      vertex -32.2639 13.575 12.85
      vertex -32.3489 13.4536 3.86
      vertex -32.3489 13.4536 12.85
    endloop
  endfacet
  facet normal -0.573553 -0.819169 0
    outer loop
      vertex -32.575 14.7361 3.86
      vertex -32.4536 14.6511 12.85
      vertex -32.575 14.7361 12.85
    endloop
  endfacet
  facet normal -0.573553 -0.819169 -0
    outer loop
      vertex -32.4536 14.6511 12.85
      vertex -32.575 14.7361 3.86
      vertex -32.4536 14.6511 3.86
    endloop
  endfacet
  facet normal -0.422479 -0.906373 0
    outer loop
      vertex -32.7093 14.7987 3.86
      vertex -32.575 14.7361 12.85
      vertex -32.7093 14.7987 12.85
    endloop
  endfacet
  facet normal -0.422479 -0.906373 -0
    outer loop
      vertex -32.575 14.7361 12.85
      vertex -32.7093 14.7987 3.86
      vertex -32.575 14.7361 3.86
    endloop
  endfacet
  facet normal 0.259175 0.96583 -0
    outer loop
      vertex -33.1476 13.1629 3.86
      vertex -33.2907 13.2013 12.85
      vertex -33.1476 13.1629 12.85
    endloop
  endfacet
  facet normal 0.259175 0.96583 0
    outer loop
      vertex -33.2907 13.2013 12.85
      vertex -33.1476 13.1629 3.86
      vertex -33.2907 13.2013 3.86
    endloop
  endfacet
  facet normal -0.996203 -0.0870665 0
    outer loop
      vertex -32.15 14 3.86
      vertex -32.1629 14.1476 12.85
      vertex -32.1629 14.1476 3.86
    endloop
  endfacet
  facet normal -0.996203 -0.0870665 0
    outer loop
      vertex -32.1629 14.1476 12.85
      vertex -32.15 14 3.86
      vertex -32.15 14 12.85
    endloop
  endfacet
  facet normal 0.0870665 0.996203 -0
    outer loop
      vertex -33 13.15 3.86
      vertex -33.1476 13.1629 12.85
      vertex -33 13.15 12.85
    endloop
  endfacet
  facet normal 0.0870665 0.996203 0
    outer loop
      vertex -33.1476 13.1629 12.85
      vertex -33 13.15 3.86
      vertex -33.1476 13.1629 3.86
    endloop
  endfacet
  facet normal 0.707107 0.707107 -0
    outer loop
      vertex -33.5464 13.3489 3.86
      vertex -33.6511 13.4536 12.85
      vertex -33.5464 13.3489 12.85
    endloop
  endfacet
  facet normal 0.707107 0.707107 0
    outer loop
      vertex -33.6511 13.4536 12.85
      vertex -33.5464 13.3489 3.86
      vertex -33.6511 13.4536 3.86
    endloop
  endfacet
  facet normal 0.906373 0.422479 0
    outer loop
      vertex -33.7361 13.575 12.85
      vertex -33.7987 13.7093 3.86
      vertex -33.7987 13.7093 12.85
    endloop
  endfacet
  facet normal 0.906373 0.422479 0
    outer loop
      vertex -33.7987 13.7093 3.86
      vertex -33.7361 13.575 12.85
      vertex -33.7361 13.575 3.86
    endloop
  endfacet
  facet normal 0.573553 -0.819169 0
    outer loop
      vertex -33.5464 14.6511 3.86
      vertex -33.425 14.7361 12.85
      vertex -33.5464 14.6511 12.85
    endloop
  endfacet
  facet normal 0.573553 -0.819169 0
    outer loop
      vertex -33.425 14.7361 12.85
      vertex -33.5464 14.6511 3.86
      vertex -33.425 14.7361 3.86
    endloop
  endfacet
  facet normal -0.573553 0.819169 0
    outer loop
      vertex -32.4536 13.3489 3.86
      vertex -32.575 13.2639 12.85
      vertex -32.4536 13.3489 12.85
    endloop
  endfacet
  facet normal -0.573553 0.819169 0
    outer loop
      vertex -32.575 13.2639 12.85
      vertex -32.4536 13.3489 3.86
      vertex -32.575 13.2639 3.86
    endloop
  endfacet
  facet normal 0.422479 0.906373 -0
    outer loop
      vertex -33.2907 13.2013 3.86
      vertex -33.425 13.2639 12.85
      vertex -33.2907 13.2013 12.85
    endloop
  endfacet
  facet normal 0.422479 0.906373 0
    outer loop
      vertex -33.425 13.2639 12.85
      vertex -33.2907 13.2013 3.86
      vertex -33.425 13.2639 3.86
    endloop
  endfacet
  facet normal 0.906373 -0.422479 0
    outer loop
      vertex -33.7987 14.2907 12.85
      vertex -33.7361 14.425 3.86
      vertex -33.7361 14.425 12.85
    endloop
  endfacet
  facet normal 0.906373 -0.422479 0
    outer loop
      vertex -33.7361 14.425 3.86
      vertex -33.7987 14.2907 12.85
      vertex -33.7987 14.2907 3.86
    endloop
  endfacet
  facet normal -0.0870665 0.996203 0
    outer loop
      vertex -32.8524 13.1629 3.86
      vertex -33 13.15 12.85
      vertex -32.8524 13.1629 12.85
    endloop
  endfacet
  facet normal -0.0870665 0.996203 0
    outer loop
      vertex -33 13.15 12.85
      vertex -32.8524 13.1629 3.86
      vertex -33 13.15 3.86
    endloop
  endfacet
  facet normal 0.819169 -0.573553 0
    outer loop
      vertex -33.7361 14.425 12.85
      vertex -33.6511 14.5464 3.86
      vertex -33.6511 14.5464 12.85
    endloop
  endfacet
  facet normal 0.819169 -0.573553 0
    outer loop
      vertex -33.6511 14.5464 3.86
      vertex -33.7361 14.425 12.85
      vertex -33.7361 14.425 3.86
    endloop
  endfacet
  facet normal -0.707107 -0.707107 0
    outer loop
      vertex -32.3489 14.5464 3.86
      vertex -32.4536 14.6511 12.85
      vertex -32.4536 14.6511 3.86
    endloop
  endfacet
  facet normal -0.707107 -0.707107 0
    outer loop
      vertex -32.4536 14.6511 12.85
      vertex -32.3489 14.5464 3.86
      vertex -32.3489 14.5464 12.85
    endloop
  endfacet
  facet normal 0 0 1
    outer loop
      vertex -32.1629 14.1476 3.86
      vertex -32.1629 13.8524 3.86
      vertex -32.15 14 3.86
    endloop
  endfacet
  facet normal 0 0 1
    outer loop
      vertex -32.2013 14.2907 3.86
      vertex -32.1629 13.8524 3.86
      vertex -32.1629 14.1476 3.86
    endloop
  endfacet
  facet normal 0 0 1
    outer loop
      vertex -32.2013 14.2907 3.86
      vertex -32.2013 13.7093 3.86
      vertex -32.1629 13.8524 3.86
    endloop
  endfacet
  facet normal 0 0 1
    outer loop
      vertex -32.2639 14.425 3.86
      vertex -32.2013 13.7093 3.86
      vertex -32.2013 14.2907 3.86
    endloop
  endfacet
  facet normal 0 0 1
    outer loop
      vertex -32.2639 14.425 3.86
      vertex -32.2639 13.575 3.86
      vertex -32.2013 13.7093 3.86
    endloop
  endfacet
  facet normal 0 0 1
    outer loop
      vertex -32.3489 14.5464 3.86
      vertex -32.2639 13.575 3.86
      vertex -32.2639 14.425 3.86
    endloop
  endfacet
  facet normal 0 0 1
    outer loop
      vertex -32.3489 14.5464 3.86
      vertex -32.3489 13.4536 3.86
      vertex -32.2639 13.575 3.86
    endloop
  endfacet
  facet normal 0 0 1
    outer loop
      vertex -32.4536 14.6511 3.86
      vertex -32.3489 13.4536 3.86
      vertex -32.3489 14.5464 3.86
    endloop
  endfacet
  facet normal 0 0 1
    outer loop
      vertex -32.4536 14.6511 3.86
      vertex -32.4536 13.3489 3.86
      vertex -32.3489 13.4536 3.86
    endloop
  endfacet
  facet normal 0 0 1
    outer loop
      vertex -32.575 14.7361 3.86
      vertex -32.4536 13.3489 3.86
      vertex -32.4536 14.6511 3.86
    endloop
  endfacet
  facet normal 0 0 1
    outer loop
      vertex -32.575 14.7361 3.86
      vertex -32.575 13.2639 3.86
      vertex -32.4536 13.3489 3.86
    endloop
  endfacet
  facet normal 0 0 1
    outer loop
      vertex -32.7093 14.7987 3.86
      vertex -32.575 13.2639 3.86
      vertex -32.575 14.7361 3.86
    endloop
  endfacet
  facet normal 0 0 1
    outer loop
      vertex -32.7093 14.7987 3.86
      vertex -32.7093 13.2013 3.86
      vertex -32.575 13.2639 3.86
    endloop
  endfacet
  facet normal 0 0 1
    outer loop
      vertex -32.8524 14.8371 3.86
      vertex -32.7093 13.2013 3.86
      vertex -32.7093 14.7987 3.86
    endloop
  endfacet
  facet normal 0 0 1
    outer loop
      vertex -32.8524 14.8371 3.86
      vertex -32.8524 13.1629 3.86
      vertex -32.7093 13.2013 3.86
    endloop
  endfacet
  facet normal 0 0 1
    outer loop
      vertex -33 14.85 3.86
      vertex -32.8524 13.1629 3.86
      vertex -32.8524 14.8371 3.86
    endloop
  endfacet
  facet normal 0 0 1
    outer loop
      vertex -33 14.85 3.86
      vertex -33 13.15 3.86
      vertex -32.8524 13.1629 3.86
    endloop
  endfacet
  facet normal -0 0 1
    outer loop
      vertex -33.1476 14.8371 3.86
      vertex -33 13.15 3.86
      vertex -33 14.85 3.86
    endloop
  endfacet
  facet normal 0 0 1
    outer loop
      vertex -33.1476 14.8371 3.86
      vertex -33.1476 13.1629 3.86
      vertex -33 13.15 3.86
    endloop
  endfacet
  facet normal -0 0 1
    outer loop
      vertex -33.2907 14.7987 3.86
      vertex -33.1476 13.1629 3.86
      vertex -33.1476 14.8371 3.86
    endloop
  endfacet
  facet normal 0 0 1
    outer loop
      vertex -33.2907 14.7987 3.86
      vertex -33.2907 13.2013 3.86
      vertex -33.1476 13.1629 3.86
    endloop
  endfacet
  facet normal -0 0 1
    outer loop
      vertex -33.425 14.7361 3.86
      vertex -33.2907 13.2013 3.86
      vertex -33.2907 14.7987 3.86
    endloop
  endfacet
  facet normal 0 0 1
    outer loop
      vertex -33.425 14.7361 3.86
      vertex -33.425 13.2639 3.86
      vertex -33.2907 13.2013 3.86
    endloop
  endfacet
  facet normal -0 0 1
    outer loop
      vertex -33.5464 14.6511 3.86
      vertex -33.425 13.2639 3.86
      vertex -33.425 14.7361 3.86
    endloop
  endfacet
  facet normal 0 0 1
    outer loop
      vertex -33.5464 14.6511 3.86
      vertex -33.5464 13.3489 3.86
      vertex -33.425 13.2639 3.86
    endloop
  endfacet
  facet normal -0 0 1
    outer loop
      vertex -33.6511 14.5464 3.86
      vertex -33.5464 13.3489 3.86
      vertex -33.5464 14.6511 3.86
    endloop
  endfacet
  facet normal 0 0 1
    outer loop
      vertex -33.6511 14.5464 3.86
      vertex -33.6511 13.4536 3.86
      vertex -33.5464 13.3489 3.86
    endloop
  endfacet
  facet normal -0 0 1
    outer loop
      vertex -33.7361 14.425 3.86
      vertex -33.6511 13.4536 3.86
      vertex -33.6511 14.5464 3.86
    endloop
  endfacet
  facet normal 0 0 1
    outer loop
      vertex -33.7361 14.425 3.86
      vertex -33.7361 13.575 3.86
      vertex -33.6511 13.4536 3.86
    endloop
  endfacet
  facet normal -0 0 1
    outer loop
      vertex -33.7987 14.2907 3.86
      vertex -33.7361 13.575 3.86
      vertex -33.7361 14.425 3.86
    endloop
  endfacet
  facet normal 0 0 1
    outer loop
      vertex -33.7987 14.2907 3.86
      vertex -33.7987 13.7093 3.86
      vertex -33.7361 13.575 3.86
    endloop
  endfacet
  facet normal -0 0 1
    outer loop
      vertex -33.8371 14.1476 3.86
      vertex -33.7987 13.7093 3.86
      vertex -33.7987 14.2907 3.86
    endloop
  endfacet
  facet normal 0 0 1
    outer loop
      vertex -33.8371 14.1476 3.86
      vertex -33.8371 13.8524 3.86
      vertex -33.7987 13.7093 3.86
    endloop
  endfacet
  facet normal 0 -0 1
    outer loop
      vertex -33.8371 13.8524 3.86
      vertex -33.8371 14.1476 3.86
      vertex -33.85 14 3.86
    endloop
  endfacet
  facet normal -0.259175 0.96583 0
    outer loop
      vertex -32.7093 13.2013 3.86
      vertex -32.8524 13.1629 12.85
      vertex -32.7093 13.2013 12.85
    endloop
  endfacet
  facet normal -0.259175 0.96583 0
    outer loop
      vertex -32.8524 13.1629 12.85
      vertex -32.7093 13.2013 3.86
      vertex -32.8524 13.1629 3.86
    endloop
  endfacet
  facet normal 0.996203 0.0870665 0
    outer loop
      vertex -33.8371 13.8524 12.85
      vertex -33.85 14 3.86
      vertex -33.85 14 12.85
    endloop
  endfacet
  facet normal 0.996203 0.0870665 0
    outer loop
      vertex -33.85 14 3.86
      vertex -33.8371 13.8524 12.85
      vertex -33.8371 13.8524 3.86
    endloop
  endfacet
  facet normal 0.422479 -0.906373 0
    outer loop
      vertex -33.425 14.7361 3.86
      vertex -33.2907 14.7987 12.85
      vertex -33.425 14.7361 12.85
    endloop
  endfacet
  facet normal 0.422479 -0.906373 0
    outer loop
      vertex -33.2907 14.7987 12.85
      vertex -33.425 14.7361 3.86
      vertex -33.2907 14.7987 3.86
    endloop
  endfacet
  facet normal 0.819169 0.573553 0
    outer loop
      vertex -33.6511 13.4536 12.85
      vertex -33.7361 13.575 3.86
      vertex -33.7361 13.575 12.85
    endloop
  endfacet
  facet normal 0.819169 0.573553 0
    outer loop
      vertex -33.7361 13.575 3.86
      vertex -33.6511 13.4536 12.85
      vertex -33.6511 13.4536 3.86
    endloop
  endfacet
  facet normal 0.0870665 -0.996203 0
    outer loop
      vertex -33.1476 14.8371 3.86
      vertex -33 14.85 12.85
      vertex -33.1476 14.8371 12.85
    endloop
  endfacet
  facet normal 0.0870665 -0.996203 0
    outer loop
      vertex -33 14.85 12.85
      vertex -33.1476 14.8371 3.86
      vertex -33 14.85 3.86
    endloop
  endfacet
  facet normal -0.96583 0.259175 0
    outer loop
      vertex -32.2013 -14.2907 3.86
      vertex -32.1629 -14.1476 12.85
      vertex -32.1629 -14.1476 3.86
    endloop
  endfacet
  facet normal -0.96583 0.259175 0
    outer loop
      vertex -32.1629 -14.1476 12.85
      vertex -32.2013 -14.2907 3.86
      vertex -32.2013 -14.2907 12.85
    endloop
  endfacet
  facet normal -0.996203 0.0870665 0
    outer loop
      vertex -32.1629 -14.1476 3.86
      vertex -32.15 -14 12.85
      vertex -32.15 -14 3.86
    endloop
  endfacet
  facet normal -0.996203 0.0870665 0
    outer loop
      vertex -32.15 -14 12.85
      vertex -32.1629 -14.1476 3.86
      vertex -32.1629 -14.1476 12.85
    endloop
  endfacet
  facet normal -0.906373 0.422479 0
    outer loop
      vertex -32.2639 -14.425 3.86
      vertex -32.2013 -14.2907 12.85
      vertex -32.2013 -14.2907 3.86
    endloop
  endfacet
  facet normal -0.906373 0.422479 0
    outer loop
      vertex -32.2013 -14.2907 12.85
      vertex -32.2639 -14.425 3.86
      vertex -32.2639 -14.425 12.85
    endloop
  endfacet
  facet normal -0.573553 -0.819169 0
    outer loop
      vertex -32.575 -13.2639 3.86
      vertex -32.4536 -13.3489 12.85
      vertex -32.575 -13.2639 12.85
    endloop
  endfacet
  facet normal -0.573553 -0.819169 -0
    outer loop
      vertex -32.4536 -13.3489 12.85
      vertex -32.575 -13.2639 3.86
      vertex -32.4536 -13.3489 3.86
    endloop
  endfacet
  facet normal -0.0870665 -0.996203 0
    outer loop
      vertex -33 -13.15 3.86
      vertex -32.8524 -13.1629 12.85
      vertex -33 -13.15 12.85
    endloop
  endfacet
  facet normal -0.0870665 -0.996203 -0
    outer loop
      vertex -32.8524 -13.1629 12.85
      vertex -33 -13.15 3.86
      vertex -32.8524 -13.1629 3.86
    endloop
  endfacet
  facet normal 0.996203 -0.0870665 0
    outer loop
      vertex -33.85 -14 12.85
      vertex -33.8371 -13.8524 3.86
      vertex -33.8371 -13.8524 12.85
    endloop
  endfacet
  facet normal 0.996203 -0.0870665 0
    outer loop
      vertex -33.8371 -13.8524 3.86
      vertex -33.85 -14 12.85
      vertex -33.85 -14 3.86
    endloop
  endfacet
  facet normal -0.996203 -0.0870665 0
    outer loop
      vertex -32.15 -14 3.86
      vertex -32.1629 -13.8524 12.85
      vertex -32.1629 -13.8524 3.86
    endloop
  endfacet
  facet normal -0.996203 -0.0870665 0
    outer loop
      vertex -32.1629 -13.8524 12.85
      vertex -32.15 -14 3.86
      vertex -32.15 -14 12.85
    endloop
  endfacet
  facet normal -0.259175 -0.96583 0
    outer loop
      vertex -32.8524 -13.1629 3.86
      vertex -32.7093 -13.2013 12.85
      vertex -32.8524 -13.1629 12.85
    endloop
  endfacet
  facet normal -0.259175 -0.96583 -0
    outer loop
      vertex -32.7093 -13.2013 12.85
      vertex -32.8524 -13.1629 3.86
      vertex -32.7093 -13.2013 3.86
    endloop
  endfacet
  facet normal -0.819169 0.573553 0
    outer loop
      vertex -32.3489 -14.5464 3.86
      vertex -32.2639 -14.425 12.85
      vertex -32.2639 -14.425 3.86
    endloop
  endfacet
  facet normal -0.819169 0.573553 0
    outer loop
      vertex -32.2639 -14.425 12.85
      vertex -32.3489 -14.5464 3.86
      vertex -32.3489 -14.5464 12.85
    endloop
  endfacet
  facet normal -0.707107 0.707107 0
    outer loop
      vertex -32.4536 -14.6511 3.86
      vertex -32.3489 -14.5464 12.85
      vertex -32.3489 -14.5464 3.86
    endloop
  endfacet
  facet normal -0.707107 0.707107 0
    outer loop
      vertex -32.3489 -14.5464 12.85
      vertex -32.4536 -14.6511 3.86
      vertex -32.4536 -14.6511 12.85
    endloop
  endfacet
  facet normal 0.819169 -0.573553 0
    outer loop
      vertex -33.7361 -13.575 12.85
      vertex -33.6511 -13.4536 3.86
      vertex -33.6511 -13.4536 12.85
    endloop
  endfacet
  facet normal 0.819169 -0.573553 0
    outer loop
      vertex -33.6511 -13.4536 3.86
      vertex -33.7361 -13.575 12.85
      vertex -33.7361 -13.575 3.86
    endloop
  endfacet
  facet normal -0.96583 -0.259175 0
    outer loop
      vertex -32.1629 -13.8524 3.86
      vertex -32.2013 -13.7093 12.85
      vertex -32.2013 -13.7093 3.86
    endloop
  endfacet
  facet normal -0.96583 -0.259175 0
    outer loop
      vertex -32.2013 -13.7093 12.85
      vertex -32.1629 -13.8524 3.86
      vertex -32.1629 -13.8524 12.85
    endloop
  endfacet
  facet normal 0.259175 0.96583 -0
    outer loop
      vertex -33.1476 -14.8371 3.86
      vertex -33.2907 -14.7987 12.85
      vertex -33.1476 -14.8371 12.85
    endloop
  endfacet
  facet normal 0.259175 0.96583 0
    outer loop
      vertex -33.2907 -14.7987 12.85
      vertex -33.1476 -14.8371 3.86
      vertex -33.2907 -14.7987 3.86
    endloop
  endfacet
  facet normal 0.707107 -0.707107 0
    outer loop
      vertex -33.6511 -13.4536 3.86
      vertex -33.5464 -13.3489 12.85
      vertex -33.6511 -13.4536 12.85
    endloop
  endfacet
  facet normal 0.707107 -0.707107 0
    outer loop
      vertex -33.5464 -13.3489 12.85
      vertex -33.6511 -13.4536 3.86
      vertex -33.5464 -13.3489 3.86
    endloop
  endfacet
  facet normal 0.422479 -0.906373 0
    outer loop
      vertex -33.425 -13.2639 3.86
      vertex -33.2907 -13.2013 12.85
      vertex -33.425 -13.2639 12.85
    endloop
  endfacet
  facet normal 0.422479 -0.906373 0
    outer loop
      vertex -33.2907 -13.2013 12.85
      vertex -33.425 -13.2639 3.86
      vertex -33.2907 -13.2013 3.86
    endloop
  endfacet
  facet normal -0.819169 -0.573553 0
    outer loop
      vertex -32.2639 -13.575 3.86
      vertex -32.3489 -13.4536 12.85
      vertex -32.3489 -13.4536 3.86
    endloop
  endfacet
  facet normal -0.819169 -0.573553 0
    outer loop
      vertex -32.3489 -13.4536 12.85
      vertex -32.2639 -13.575 3.86
      vertex -32.2639 -13.575 12.85
    endloop
  endfacet
  facet normal 0.906373 -0.422479 0
    outer loop
      vertex -33.7987 -13.7093 12.85
      vertex -33.7361 -13.575 3.86
      vertex -33.7361 -13.575 12.85
    endloop
  endfacet
  facet normal 0.906373 -0.422479 0
    outer loop
      vertex -33.7361 -13.575 3.86
      vertex -33.7987 -13.7093 12.85
      vertex -33.7987 -13.7093 3.86
    endloop
  endfacet
  facet normal 0.422479 0.906373 -0
    outer loop
      vertex -33.2907 -14.7987 3.86
      vertex -33.425 -14.7361 12.85
      vertex -33.2907 -14.7987 12.85
    endloop
  endfacet
  facet normal 0.422479 0.906373 0
    outer loop
      vertex -33.425 -14.7361 12.85
      vertex -33.2907 -14.7987 3.86
      vertex -33.425 -14.7361 3.86
    endloop
  endfacet
  facet normal 0.906373 0.422479 0
    outer loop
      vertex -33.7361 -14.425 12.85
      vertex -33.7987 -14.2907 3.86
      vertex -33.7987 -14.2907 12.85
    endloop
  endfacet
  facet normal 0.906373 0.422479 0
    outer loop
      vertex -33.7987 -14.2907 3.86
      vertex -33.7361 -14.425 12.85
      vertex -33.7361 -14.425 3.86
    endloop
  endfacet
  facet normal -0.0870665 0.996203 0
    outer loop
      vertex -32.8524 -14.8371 3.86
      vertex -33 -14.85 12.85
      vertex -32.8524 -14.8371 12.85
    endloop
  endfacet
  facet normal -0.0870665 0.996203 0
    outer loop
      vertex -33 -14.85 12.85
      vertex -32.8524 -14.8371 3.86
      vertex -33 -14.85 3.86
    endloop
  endfacet
  facet normal 0.0870665 0.996203 -0
    outer loop
      vertex -33 -14.85 3.86
      vertex -33.1476 -14.8371 12.85
      vertex -33 -14.85 12.85
    endloop
  endfacet
  facet normal 0.0870665 0.996203 0
    outer loop
      vertex -33.1476 -14.8371 12.85
      vertex -33 -14.85 3.86
      vertex -33.1476 -14.8371 3.86
    endloop
  endfacet
  facet normal -0.707107 -0.707107 0
    outer loop
      vertex -32.3489 -13.4536 3.86
      vertex -32.4536 -13.3489 12.85
      vertex -32.4536 -13.3489 3.86
    endloop
  endfacet
  facet normal -0.707107 -0.707107 0
    outer loop
      vertex -32.4536 -13.3489 12.85
      vertex -32.3489 -13.4536 3.86
      vertex -32.3489 -13.4536 12.85
    endloop
  endfacet
  facet normal -0.259175 0.96583 0
    outer loop
      vertex -32.7093 -14.7987 3.86
      vertex -32.8524 -14.8371 12.85
      vertex -32.7093 -14.7987 12.85
    endloop
  endfacet
  facet normal -0.259175 0.96583 0
    outer loop
      vertex -32.8524 -14.8371 12.85
      vertex -32.7093 -14.7987 3.86
      vertex -32.8524 -14.8371 3.86
    endloop
  endfacet
  facet normal -0.906373 -0.422479 0
    outer loop
      vertex -32.2013 -13.7093 3.86
      vertex -32.2639 -13.575 12.85
      vertex -32.2639 -13.575 3.86
    endloop
  endfacet
  facet normal -0.906373 -0.422479 0
    outer loop
      vertex -32.2639 -13.575 12.85
      vertex -32.2013 -13.7093 3.86
      vertex -32.2013 -13.7093 12.85
    endloop
  endfacet
  facet normal -0.422479 -0.906373 0
    outer loop
      vertex -32.7093 -13.2013 3.86
      vertex -32.575 -13.2639 12.85
      vertex -32.7093 -13.2013 12.85
    endloop
  endfacet
  facet normal -0.422479 -0.906373 -0
    outer loop
      vertex -32.575 -13.2639 12.85
      vertex -32.7093 -13.2013 3.86
      vertex -32.575 -13.2639 3.86
    endloop
  endfacet
  facet normal 0.819169 0.573553 0
    outer loop
      vertex -33.6511 -14.5464 12.85
      vertex -33.7361 -14.425 3.86
      vertex -33.7361 -14.425 12.85
    endloop
  endfacet
  facet normal 0.819169 0.573553 0
    outer loop
      vertex -33.7361 -14.425 3.86
      vertex -33.6511 -14.5464 12.85
      vertex -33.6511 -14.5464 3.86
    endloop
  endfacet
  facet normal 0.996203 0.0870665 0
    outer loop
      vertex -33.8371 -14.1476 12.85
      vertex -33.85 -14 3.86
      vertex -33.85 -14 12.85
    endloop
  endfacet
  facet normal 0.996203 0.0870665 0
    outer loop
      vertex -33.85 -14 3.86
      vertex -33.8371 -14.1476 12.85
      vertex -33.8371 -14.1476 3.86
    endloop
  endfacet
  facet normal -0.573553 0.819169 0
    outer loop
      vertex -32.4536 -14.6511 3.86
      vertex -32.575 -14.7361 12.85
      vertex -32.4536 -14.6511 12.85
    endloop
  endfacet
  facet normal -0.573553 0.819169 0
    outer loop
      vertex -32.575 -14.7361 12.85
      vertex -32.4536 -14.6511 3.86
      vertex -32.575 -14.7361 3.86
    endloop
  endfacet
  facet normal 0.96583 -0.259175 0
    outer loop
      vertex -33.8371 -13.8524 12.85
      vertex -33.7987 -13.7093 3.86
      vertex -33.7987 -13.7093 12.85
    endloop
  endfacet
  facet normal 0.96583 -0.259175 0
    outer loop
      vertex -33.7987 -13.7093 3.86
      vertex -33.8371 -13.8524 12.85
      vertex -33.8371 -13.8524 3.86
    endloop
  endfacet
  facet normal 0.0870665 -0.996203 0
    outer loop
      vertex -33.1476 -13.1629 3.86
      vertex -33 -13.15 12.85
      vertex -33.1476 -13.1629 12.85
    endloop
  endfacet
  facet normal 0.0870665 -0.996203 0
    outer loop
      vertex -33 -13.15 12.85
      vertex -33.1476 -13.1629 3.86
      vertex -33 -13.15 3.86
    endloop
  endfacet
  facet normal -0.422479 0.906373 0
    outer loop
      vertex -32.575 -14.7361 3.86
      vertex -32.7093 -14.7987 12.85
      vertex -32.575 -14.7361 12.85
    endloop
  endfacet
  facet normal -0.422479 0.906373 0
    outer loop
      vertex -32.7093 -14.7987 12.85
      vertex -32.575 -14.7361 3.86
      vertex -32.7093 -14.7987 3.86
    endloop
  endfacet
  facet normal 0.707107 0.707107 -0
    outer loop
      vertex -33.5464 -14.6511 3.86
      vertex -33.6511 -14.5464 12.85
      vertex -33.5464 -14.6511 12.85
    endloop
  endfacet
  facet normal 0.707107 0.707107 0
    outer loop
      vertex -33.6511 -14.5464 12.85
      vertex -33.5464 -14.6511 3.86
      vertex -33.6511 -14.5464 3.86
    endloop
  endfacet
  facet normal 0.573553 -0.819169 0
    outer loop
      vertex -33.5464 -13.3489 3.86
      vertex -33.425 -13.2639 12.85
      vertex -33.5464 -13.3489 12.85
    endloop
  endfacet
  facet normal 0.573553 -0.819169 0
    outer loop
      vertex -33.425 -13.2639 12.85
      vertex -33.5464 -13.3489 3.86
      vertex -33.425 -13.2639 3.86
    endloop
  endfacet
  facet normal 0.259175 -0.96583 0
    outer loop
      vertex -33.2907 -13.2013 3.86
      vertex -33.1476 -13.1629 12.85
      vertex -33.2907 -13.2013 12.85
    endloop
  endfacet
  facet normal 0.259175 -0.96583 0
    outer loop
      vertex -33.1476 -13.1629 12.85
      vertex -33.2907 -13.2013 3.86
      vertex -33.1476 -13.1629 3.86
    endloop
  endfacet
  facet normal 0 0 1
    outer loop
      vertex -32.1629 -13.8524 3.86
      vertex -32.1629 -14.1476 3.86
      vertex -32.15 -14 3.86
    endloop
  endfacet
  facet normal 0 0 1
    outer loop
      vertex -32.2013 -13.7093 3.86
      vertex -32.1629 -14.1476 3.86
      vertex -32.1629 -13.8524 3.86
    endloop
  endfacet
  facet normal 0 0 1
    outer loop
      vertex -32.2013 -13.7093 3.86
      vertex -32.2013 -14.2907 3.86
      vertex -32.1629 -14.1476 3.86
    endloop
  endfacet
  facet normal 0 0 1
    outer loop
      vertex -32.2639 -13.575 3.86
      vertex -32.2013 -14.2907 3.86
      vertex -32.2013 -13.7093 3.86
    endloop
  endfacet
  facet normal 0 0 1
    outer loop
      vertex -32.2639 -13.575 3.86
      vertex -32.2639 -14.425 3.86
      vertex -32.2013 -14.2907 3.86
    endloop
  endfacet
  facet normal 0 0 1
    outer loop
      vertex -32.3489 -13.4536 3.86
      vertex -32.2639 -14.425 3.86
      vertex -32.2639 -13.575 3.86
    endloop
  endfacet
  facet normal 0 0 1
    outer loop
      vertex -32.3489 -13.4536 3.86
      vertex -32.3489 -14.5464 3.86
      vertex -32.2639 -14.425 3.86
    endloop
  endfacet
  facet normal 0 0 1
    outer loop
      vertex -32.4536 -13.3489 3.86
      vertex -32.3489 -14.5464 3.86
      vertex -32.3489 -13.4536 3.86
    endloop
  endfacet
  facet normal 0 0 1
    outer loop
      vertex -32.4536 -13.3489 3.86
      vertex -32.4536 -14.6511 3.86
      vertex -32.3489 -14.5464 3.86
    endloop
  endfacet
  facet normal 0 0 1
    outer loop
      vertex -32.575 -13.2639 3.86
      vertex -32.4536 -14.6511 3.86
      vertex -32.4536 -13.3489 3.86
    endloop
  endfacet
  facet normal 0 0 1
    outer loop
      vertex -32.575 -13.2639 3.86
      vertex -32.575 -14.7361 3.86
      vertex -32.4536 -14.6511 3.86
    endloop
  endfacet
  facet normal 0 0 1
    outer loop
      vertex -32.7093 -13.2013 3.86
      vertex -32.575 -14.7361 3.86
      vertex -32.575 -13.2639 3.86
    endloop
  endfacet
  facet normal 0 0 1
    outer loop
      vertex -32.7093 -13.2013 3.86
      vertex -32.7093 -14.7987 3.86
      vertex -32.575 -14.7361 3.86
    endloop
  endfacet
  facet normal 0 0 1
    outer loop
      vertex -32.8524 -13.1629 3.86
      vertex -32.7093 -14.7987 3.86
      vertex -32.7093 -13.2013 3.86
    endloop
  endfacet
  facet normal 0 0 1
    outer loop
      vertex -32.8524 -13.1629 3.86
      vertex -32.8524 -14.8371 3.86
      vertex -32.7093 -14.7987 3.86
    endloop
  endfacet
  facet normal 0 0 1
    outer loop
      vertex -33 -13.15 3.86
      vertex -32.8524 -14.8371 3.86
      vertex -32.8524 -13.1629 3.86
    endloop
  endfacet
  facet normal 0 0 1
    outer loop
      vertex -33 -13.15 3.86
      vertex -33 -14.85 3.86
      vertex -32.8524 -14.8371 3.86
    endloop
  endfacet
  facet normal -0 0 1
    outer loop
      vertex -33.1476 -13.1629 3.86
      vertex -33 -14.85 3.86
      vertex -33 -13.15 3.86
    endloop
  endfacet
  facet normal 0 0 1
    outer loop
      vertex -33.1476 -13.1629 3.86
      vertex -33.1476 -14.8371 3.86
      vertex -33 -14.85 3.86
    endloop
  endfacet
  facet normal -0 0 1
    outer loop
      vertex -33.2907 -13.2013 3.86
      vertex -33.1476 -14.8371 3.86
      vertex -33.1476 -13.1629 3.86
    endloop
  endfacet
  facet normal 0 0 1
    outer loop
      vertex -33.2907 -13.2013 3.86
      vertex -33.2907 -14.7987 3.86
      vertex -33.1476 -14.8371 3.86
    endloop
  endfacet
  facet normal -0 0 1
    outer loop
      vertex -33.425 -13.2639 3.86
      vertex -33.2907 -14.7987 3.86
      vertex -33.2907 -13.2013 3.86
    endloop
  endfacet
  facet normal 0 0 1
    outer loop
      vertex -33.425 -13.2639 3.86
      vertex -33.425 -14.7361 3.86
      vertex -33.2907 -14.7987 3.86
    endloop
  endfacet
  facet normal -0 0 1
    outer loop
      vertex -33.5464 -13.3489 3.86
      vertex -33.425 -14.7361 3.86
      vertex -33.425 -13.2639 3.86
    endloop
  endfacet
  facet normal 0 0 1
    outer loop
      vertex -33.5464 -13.3489 3.86
      vertex -33.5464 -14.6511 3.86
      vertex -33.425 -14.7361 3.86
    endloop
  endfacet
  facet normal -0 0 1
    outer loop
      vertex -33.6511 -13.4536 3.86
      vertex -33.5464 -14.6511 3.86
      vertex -33.5464 -13.3489 3.86
    endloop
  endfacet
  facet normal 0 0 1
    outer loop
      vertex -33.6511 -13.4536 3.86
      vertex -33.6511 -14.5464 3.86
      vertex -33.5464 -14.6511 3.86
    endloop
  endfacet
  facet normal -0 0 1
    outer loop
      vertex -33.7361 -13.575 3.86
      vertex -33.6511 -14.5464 3.86
      vertex -33.6511 -13.4536 3.86
    endloop
  endfacet
  facet normal 0 0 1
    outer loop
      vertex -33.7361 -13.575 3.86
      vertex -33.7361 -14.425 3.86
      vertex -33.6511 -14.5464 3.86
    endloop
  endfacet
  facet normal -0 0 1
    outer loop
      vertex -33.7987 -13.7093 3.86
      vertex -33.7361 -14.425 3.86
      vertex -33.7361 -13.575 3.86
    endloop
  endfacet
  facet normal 0 0 1
    outer loop
      vertex -33.7987 -13.7093 3.86
      vertex -33.7987 -14.2907 3.86
      vertex -33.7361 -14.425 3.86
    endloop
  endfacet
  facet normal -0 0 1
    outer loop
      vertex -33.8371 -13.8524 3.86
      vertex -33.7987 -14.2907 3.86
      vertex -33.7987 -13.7093 3.86
    endloop
  endfacet
  facet normal 0 0 1
    outer loop
      vertex -33.8371 -13.8524 3.86
      vertex -33.8371 -14.1476 3.86
      vertex -33.7987 -14.2907 3.86
    endloop
  endfacet
  facet normal 0 -0 1
    outer loop
      vertex -33.8371 -14.1476 3.86
      vertex -33.8371 -13.8524 3.86
      vertex -33.85 -14 3.86
    endloop
  endfacet
  facet normal 0.96583 0.259175 0
    outer loop
      vertex -33.7987 -14.2907 12.85
      vertex -33.8371 -14.1476 3.86
      vertex -33.8371 -14.1476 12.85
    endloop
  endfacet
  facet normal 0.96583 0.259175 0
    outer loop
      vertex -33.8371 -14.1476 3.86
      vertex -33.7987 -14.2907 12.85
      vertex -33.7987 -14.2907 3.86
    endloop
  endfacet
  facet normal 0.573553 0.819169 -0
    outer loop
      vertex -33.425 -14.7361 3.86
      vertex -33.5464 -14.6511 12.85
      vertex -33.425 -14.7361 12.85
    endloop
  endfacet
  facet normal 0.573553 0.819169 0
    outer loop
      vertex -33.5464 -14.6511 12.85
      vertex -33.425 -14.7361 3.86
      vertex -33.5464 -14.6511 3.86
    endloop
  endfacet
  facet normal 0.996203 0.0870665 0
    outer loop
      vertex 32.1629 13.8524 12.85
      vertex 32.15 14 3.86
      vertex 32.15 14 12.85
    endloop
  endfacet
  facet normal 0.996203 0.0870665 0
    outer loop
      vertex 32.15 14 3.86
      vertex 32.1629 13.8524 12.85
      vertex 32.1629 13.8524 3.86
    endloop
  endfacet
  facet normal -0.96583 0.259175 0
    outer loop
      vertex 33.7987 13.7093 3.86
      vertex 33.8371 13.8524 12.85
      vertex 33.8371 13.8524 3.86
    endloop
  endfacet
  facet normal -0.96583 0.259175 0
    outer loop
      vertex 33.8371 13.8524 12.85
      vertex 33.7987 13.7093 3.86
      vertex 33.7987 13.7093 12.85
    endloop
  endfacet
  facet normal -0.996203 0.0870665 0
    outer loop
      vertex 33.8371 13.8524 3.86
      vertex 33.85 14 12.85
      vertex 33.85 14 3.86
    endloop
  endfacet
  facet normal -0.996203 0.0870665 0
    outer loop
      vertex 33.85 14 12.85
      vertex 33.8371 13.8524 3.86
      vertex 33.8371 13.8524 12.85
    endloop
  endfacet
  facet normal -0.906373 0.422479 0
    outer loop
      vertex 33.7361 13.575 3.86
      vertex 33.7987 13.7093 12.85
      vertex 33.7987 13.7093 3.86
    endloop
  endfacet
  facet normal -0.906373 0.422479 0
    outer loop
      vertex 33.7987 13.7093 12.85
      vertex 33.7361 13.575 3.86
      vertex 33.7361 13.575 12.85
    endloop
  endfacet
  facet normal -0.259175 -0.96583 0
    outer loop
      vertex 33.1476 14.8371 3.86
      vertex 33.2907 14.7987 12.85
      vertex 33.1476 14.8371 12.85
    endloop
  endfacet
  facet normal -0.259175 -0.96583 -0
    outer loop
      vertex 33.2907 14.7987 12.85
      vertex 33.1476 14.8371 3.86
      vertex 33.2907 14.7987 3.86
    endloop
  endfacet
  facet normal -0.573553 -0.819169 0
    outer loop
      vertex 33.425 14.7361 3.86
      vertex 33.5464 14.6511 12.85
      vertex 33.425 14.7361 12.85
    endloop
  endfacet
  facet normal -0.573553 -0.819169 -0
    outer loop
      vertex 33.5464 14.6511 12.85
      vertex 33.425 14.7361 3.86
      vertex 33.5464 14.6511 3.86
    endloop
  endfacet
  facet normal 0.96583 0.259175 0
    outer loop
      vertex 32.2013 13.7093 12.85
      vertex 32.1629 13.8524 3.86
      vertex 32.1629 13.8524 12.85
    endloop
  endfacet
  facet normal 0.96583 0.259175 0
    outer loop
      vertex 32.1629 13.8524 3.86
      vertex 32.2013 13.7093 12.85
      vertex 32.2013 13.7093 3.86
    endloop
  endfacet
  facet normal -0.0870665 -0.996203 0
    outer loop
      vertex 33 14.85 3.86
      vertex 33.1476 14.8371 12.85
      vertex 33 14.85 12.85
    endloop
  endfacet
  facet normal -0.0870665 -0.996203 -0
    outer loop
      vertex 33.1476 14.8371 12.85
      vertex 33 14.85 3.86
      vertex 33.1476 14.8371 3.86
    endloop
  endfacet
  facet normal -0.96583 -0.259175 0
    outer loop
      vertex 33.8371 14.1476 3.86
      vertex 33.7987 14.2907 12.85
      vertex 33.7987 14.2907 3.86
    endloop
  endfacet
  facet normal -0.96583 -0.259175 0
    outer loop
      vertex 33.7987 14.2907 12.85
      vertex 33.8371 14.1476 3.86
      vertex 33.8371 14.1476 12.85
    endloop
  endfacet
  facet normal -0.906373 -0.422479 0
    outer loop
      vertex 33.7987 14.2907 3.86
      vertex 33.7361 14.425 12.85
      vertex 33.7361 14.425 3.86
    endloop
  endfacet
  facet normal -0.906373 -0.422479 0
    outer loop
      vertex 33.7361 14.425 12.85
      vertex 33.7987 14.2907 3.86
      vertex 33.7987 14.2907 12.85
    endloop
  endfacet
  facet normal -0.422479 -0.906373 0
    outer loop
      vertex 33.2907 14.7987 3.86
      vertex 33.425 14.7361 12.85
      vertex 33.2907 14.7987 12.85
    endloop
  endfacet
  facet normal -0.422479 -0.906373 -0
    outer loop
      vertex 33.425 14.7361 12.85
      vertex 33.2907 14.7987 3.86
      vertex 33.425 14.7361 3.86
    endloop
  endfacet
  facet normal 0.259175 0.96583 -0
    outer loop
      vertex 32.8524 13.1629 3.86
      vertex 32.7093 13.2013 12.85
      vertex 32.8524 13.1629 12.85
    endloop
  endfacet
  facet normal 0.259175 0.96583 0
    outer loop
      vertex 32.7093 13.2013 12.85
      vertex 32.8524 13.1629 3.86
      vertex 32.7093 13.2013 3.86
    endloop
  endfacet
  facet normal -0.0870665 0.996203 0
    outer loop
      vertex 33.1476 13.1629 3.86
      vertex 33 13.15 12.85
      vertex 33.1476 13.1629 12.85
    endloop
  endfacet
  facet normal -0.0870665 0.996203 0
    outer loop
      vertex 33 13.15 12.85
      vertex 33.1476 13.1629 3.86
      vertex 33 13.15 3.86
    endloop
  endfacet
  facet normal 0.422479 0.906373 -0
    outer loop
      vertex 32.7093 13.2013 3.86
      vertex 32.575 13.2639 12.85
      vertex 32.7093 13.2013 12.85
    endloop
  endfacet
  facet normal 0.422479 0.906373 0
    outer loop
      vertex 32.575 13.2639 12.85
      vertex 32.7093 13.2013 3.86
      vertex 32.575 13.2639 3.86
    endloop
  endfacet
  facet normal -0.996203 -0.0870665 0
    outer loop
      vertex 33.85 14 3.86
      vertex 33.8371 14.1476 12.85
      vertex 33.8371 14.1476 3.86
    endloop
  endfacet
  facet normal -0.996203 -0.0870665 0
    outer loop
      vertex 33.8371 14.1476 12.85
      vertex 33.85 14 3.86
      vertex 33.85 14 12.85
    endloop
  endfacet
  facet normal 0.906373 -0.422479 0
    outer loop
      vertex 32.2013 14.2907 12.85
      vertex 32.2639 14.425 3.86
      vertex 32.2639 14.425 12.85
    endloop
  endfacet
  facet normal 0.906373 -0.422479 0
    outer loop
      vertex 32.2639 14.425 3.86
      vertex 32.2013 14.2907 12.85
      vertex 32.2013 14.2907 3.86
    endloop
  endfacet
  facet normal 0.707107 -0.707107 0
    outer loop
      vertex 32.3489 14.5464 12.85
      vertex 32.4536 14.6511 3.86
      vertex 32.4536 14.6511 12.85
    endloop
  endfacet
  facet normal 0.707107 -0.707107 0
    outer loop
      vertex 32.4536 14.6511 3.86
      vertex 32.3489 14.5464 12.85
      vertex 32.3489 14.5464 3.86
    endloop
  endfacet
  facet normal 0.573553 0.819169 -0
    outer loop
      vertex 32.575 13.2639 3.86
      vertex 32.4536 13.3489 12.85
      vertex 32.575 13.2639 12.85
    endloop
  endfacet
  facet normal 0.573553 0.819169 0
    outer loop
      vertex 32.4536 13.3489 12.85
      vertex 32.575 13.2639 3.86
      vertex 32.4536 13.3489 3.86
    endloop
  endfacet
  facet normal -0.819169 -0.573553 0
    outer loop
      vertex 33.7361 14.425 3.86
      vertex 33.6511 14.5464 12.85
      vertex 33.6511 14.5464 3.86
    endloop
  endfacet
  facet normal -0.819169 -0.573553 0
    outer loop
      vertex 33.6511 14.5464 12.85
      vertex 33.7361 14.425 3.86
      vertex 33.7361 14.425 12.85
    endloop
  endfacet
  facet normal -0.819169 0.573553 0
    outer loop
      vertex 33.6511 13.4536 3.86
      vertex 33.7361 13.575 12.85
      vertex 33.7361 13.575 3.86
    endloop
  endfacet
  facet normal -0.819169 0.573553 0
    outer loop
      vertex 33.7361 13.575 12.85
      vertex 33.6511 13.4536 3.86
      vertex 33.6511 13.4536 12.85
    endloop
  endfacet
  facet normal 0.573553 -0.819169 0
    outer loop
      vertex 32.4536 14.6511 3.86
      vertex 32.575 14.7361 12.85
      vertex 32.4536 14.6511 12.85
    endloop
  endfacet
  facet normal 0.573553 -0.819169 0
    outer loop
      vertex 32.575 14.7361 12.85
      vertex 32.4536 14.6511 3.86
      vertex 32.575 14.7361 3.86
    endloop
  endfacet
  facet normal -0.422479 0.906373 0
    outer loop
      vertex 33.425 13.2639 3.86
      vertex 33.2907 13.2013 12.85
      vertex 33.425 13.2639 12.85
    endloop
  endfacet
  facet normal -0.422479 0.906373 0
    outer loop
      vertex 33.2907 13.2013 12.85
      vertex 33.425 13.2639 3.86
      vertex 33.2907 13.2013 3.86
    endloop
  endfacet
  facet normal -0.707107 0.707107 0
    outer loop
      vertex 33.6511 13.4536 3.86
      vertex 33.5464 13.3489 12.85
      vertex 33.6511 13.4536 12.85
    endloop
  endfacet
  facet normal -0.707107 0.707107 0
    outer loop
      vertex 33.5464 13.3489 12.85
      vertex 33.6511 13.4536 3.86
      vertex 33.5464 13.3489 3.86
    endloop
  endfacet
  facet normal 0.906373 0.422479 0
    outer loop
      vertex 32.2639 13.575 12.85
      vertex 32.2013 13.7093 3.86
      vertex 32.2013 13.7093 12.85
    endloop
  endfacet
  facet normal 0.906373 0.422479 0
    outer loop
      vertex 32.2013 13.7093 3.86
      vertex 32.2639 13.575 12.85
      vertex 32.2639 13.575 3.86
    endloop
  endfacet
  facet normal -0.573553 0.819169 0
    outer loop
      vertex 33.5464 13.3489 3.86
      vertex 33.425 13.2639 12.85
      vertex 33.5464 13.3489 12.85
    endloop
  endfacet
  facet normal -0.573553 0.819169 0
    outer loop
      vertex 33.425 13.2639 12.85
      vertex 33.5464 13.3489 3.86
      vertex 33.425 13.2639 3.86
    endloop
  endfacet
  facet normal 0.996203 -0.0870665 0
    outer loop
      vertex 32.15 14 12.85
      vertex 32.1629 14.1476 3.86
      vertex 32.1629 14.1476 12.85
    endloop
  endfacet
  facet normal 0.996203 -0.0870665 0
    outer loop
      vertex 32.1629 14.1476 3.86
      vertex 32.15 14 12.85
      vertex 32.15 14 3.86
    endloop
  endfacet
  facet normal 0.0870665 0.996203 -0
    outer loop
      vertex 33 13.15 3.86
      vertex 32.8524 13.1629 12.85
      vertex 33 13.15 12.85
    endloop
  endfacet
  facet normal 0.0870665 0.996203 0
    outer loop
      vertex 32.8524 13.1629 12.85
      vertex 33 13.15 3.86
      vertex 32.8524 13.1629 3.86
    endloop
  endfacet
  facet normal 0.96583 -0.259175 0
    outer loop
      vertex 32.1629 14.1476 12.85
      vertex 32.2013 14.2907 3.86
      vertex 32.2013 14.2907 12.85
    endloop
  endfacet
  facet normal 0.96583 -0.259175 0
    outer loop
      vertex 32.2013 14.2907 3.86
      vertex 32.1629 14.1476 12.85
      vertex 32.1629 14.1476 3.86
    endloop
  endfacet
  facet normal 0.819169 -0.573553 0
    outer loop
      vertex 32.2639 14.425 12.85
      vertex 32.3489 14.5464 3.86
      vertex 32.3489 14.5464 12.85
    endloop
  endfacet
  facet normal 0.819169 -0.573553 0
    outer loop
      vertex 32.3489 14.5464 3.86
      vertex 32.2639 14.425 12.85
      vertex 32.2639 14.425 3.86
    endloop
  endfacet
  facet normal 0 0 1
    outer loop
      vertex 33.8371 14.1476 3.86
      vertex 33.8371 13.8524 3.86
      vertex 33.85 14 3.86
    endloop
  endfacet
  facet normal 0 0 1
    outer loop
      vertex 33.7987 14.2907 3.86
      vertex 33.8371 13.8524 3.86
      vertex 33.8371 14.1476 3.86
    endloop
  endfacet
  facet normal 0 0 1
    outer loop
      vertex 33.7987 14.2907 3.86
      vertex 33.7987 13.7093 3.86
      vertex 33.8371 13.8524 3.86
    endloop
  endfacet
  facet normal 0 0 1
    outer loop
      vertex 33.7361 14.425 3.86
      vertex 33.7987 13.7093 3.86
      vertex 33.7987 14.2907 3.86
    endloop
  endfacet
  facet normal 0 0 1
    outer loop
      vertex 33.7361 14.425 3.86
      vertex 33.7361 13.575 3.86
      vertex 33.7987 13.7093 3.86
    endloop
  endfacet
  facet normal 0 0 1
    outer loop
      vertex 33.6511 14.5464 3.86
      vertex 33.7361 13.575 3.86
      vertex 33.7361 14.425 3.86
    endloop
  endfacet
  facet normal 0 0 1
    outer loop
      vertex 33.6511 14.5464 3.86
      vertex 33.6511 13.4536 3.86
      vertex 33.7361 13.575 3.86
    endloop
  endfacet
  facet normal 0 0 1
    outer loop
      vertex 33.5464 14.6511 3.86
      vertex 33.6511 13.4536 3.86
      vertex 33.6511 14.5464 3.86
    endloop
  endfacet
  facet normal 0 0 1
    outer loop
      vertex 33.5464 14.6511 3.86
      vertex 33.5464 13.3489 3.86
      vertex 33.6511 13.4536 3.86
    endloop
  endfacet
  facet normal 0 0 1
    outer loop
      vertex 33.425 14.7361 3.86
      vertex 33.5464 13.3489 3.86
      vertex 33.5464 14.6511 3.86
    endloop
  endfacet
  facet normal 0 0 1
    outer loop
      vertex 33.425 14.7361 3.86
      vertex 33.425 13.2639 3.86
      vertex 33.5464 13.3489 3.86
    endloop
  endfacet
  facet normal 0 0 1
    outer loop
      vertex 33.2907 14.7987 3.86
      vertex 33.425 13.2639 3.86
      vertex 33.425 14.7361 3.86
    endloop
  endfacet
  facet normal 0 0 1
    outer loop
      vertex 33.2907 14.7987 3.86
      vertex 33.2907 13.2013 3.86
      vertex 33.425 13.2639 3.86
    endloop
  endfacet
  facet normal 0 0 1
    outer loop
      vertex 33.1476 14.8371 3.86
      vertex 33.2907 13.2013 3.86
      vertex 33.2907 14.7987 3.86
    endloop
  endfacet
  facet normal 0 0 1
    outer loop
      vertex 33.1476 14.8371 3.86
      vertex 33.1476 13.1629 3.86
      vertex 33.2907 13.2013 3.86
    endloop
  endfacet
  facet normal 0 0 1
    outer loop
      vertex 33 14.85 3.86
      vertex 33.1476 13.1629 3.86
      vertex 33.1476 14.8371 3.86
    endloop
  endfacet
  facet normal 0 0 1
    outer loop
      vertex 33 14.85 3.86
      vertex 33 13.15 3.86
      vertex 33.1476 13.1629 3.86
    endloop
  endfacet
  facet normal -0 0 1
    outer loop
      vertex 32.8524 14.8371 3.86
      vertex 33 13.15 3.86
      vertex 33 14.85 3.86
    endloop
  endfacet
  facet normal 0 0 1
    outer loop
      vertex 32.8524 14.8371 3.86
      vertex 32.8524 13.1629 3.86
      vertex 33 13.15 3.86
    endloop
  endfacet
  facet normal -0 0 1
    outer loop
      vertex 32.7093 14.7987 3.86
      vertex 32.8524 13.1629 3.86
      vertex 32.8524 14.8371 3.86
    endloop
  endfacet
  facet normal 0 0 1
    outer loop
      vertex 32.7093 14.7987 3.86
      vertex 32.7093 13.2013 3.86
      vertex 32.8524 13.1629 3.86
    endloop
  endfacet
  facet normal -0 0 1
    outer loop
      vertex 32.575 14.7361 3.86
      vertex 32.7093 13.2013 3.86
      vertex 32.7093 14.7987 3.86
    endloop
  endfacet
  facet normal 0 0 1
    outer loop
      vertex 32.575 14.7361 3.86
      vertex 32.575 13.2639 3.86
      vertex 32.7093 13.2013 3.86
    endloop
  endfacet
  facet normal -0 0 1
    outer loop
      vertex 32.4536 14.6511 3.86
      vertex 32.575 13.2639 3.86
      vertex 32.575 14.7361 3.86
    endloop
  endfacet
  facet normal 0 0 1
    outer loop
      vertex 32.4536 14.6511 3.86
      vertex 32.4536 13.3489 3.86
      vertex 32.575 13.2639 3.86
    endloop
  endfacet
  facet normal -0 0 1
    outer loop
      vertex 32.3489 14.5464 3.86
      vertex 32.4536 13.3489 3.86
      vertex 32.4536 14.6511 3.86
    endloop
  endfacet
  facet normal 0 0 1
    outer loop
      vertex 32.3489 14.5464 3.86
      vertex 32.3489 13.4536 3.86
      vertex 32.4536 13.3489 3.86
    endloop
  endfacet
  facet normal -0 0 1
    outer loop
      vertex 32.2639 14.425 3.86
      vertex 32.3489 13.4536 3.86
      vertex 32.3489 14.5464 3.86
    endloop
  endfacet
  facet normal 0 0 1
    outer loop
      vertex 32.2639 14.425 3.86
      vertex 32.2639 13.575 3.86
      vertex 32.3489 13.4536 3.86
    endloop
  endfacet
  facet normal -0 0 1
    outer loop
      vertex 32.2013 14.2907 3.86
      vertex 32.2639 13.575 3.86
      vertex 32.2639 14.425 3.86
    endloop
  endfacet
  facet normal 0 0 1
    outer loop
      vertex 32.2013 14.2907 3.86
      vertex 32.2013 13.7093 3.86
      vertex 32.2639 13.575 3.86
    endloop
  endfacet
  facet normal -0 0 1
    outer loop
      vertex 32.1629 14.1476 3.86
      vertex 32.2013 13.7093 3.86
      vertex 32.2013 14.2907 3.86
    endloop
  endfacet
  facet normal 0 0 1
    outer loop
      vertex 32.1629 14.1476 3.86
      vertex 32.1629 13.8524 3.86
      vertex 32.2013 13.7093 3.86
    endloop
  endfacet
  facet normal 0 -0 1
    outer loop
      vertex 32.1629 13.8524 3.86
      vertex 32.1629 14.1476 3.86
      vertex 32.15 14 3.86
    endloop
  endfacet
  facet normal 0.259175 -0.96583 0
    outer loop
      vertex 32.7093 14.7987 3.86
      vertex 32.8524 14.8371 12.85
      vertex 32.7093 14.7987 12.85
    endloop
  endfacet
  facet normal 0.259175 -0.96583 0
    outer loop
      vertex 32.8524 14.8371 12.85
      vertex 32.7093 14.7987 3.86
      vertex 32.8524 14.8371 3.86
    endloop
  endfacet
  facet normal -0.707107 -0.707107 0
    outer loop
      vertex 33.5464 14.6511 3.86
      vertex 33.6511 14.5464 12.85
      vertex 33.5464 14.6511 12.85
    endloop
  endfacet
  facet normal -0.707107 -0.707107 -0
    outer loop
      vertex 33.6511 14.5464 12.85
      vertex 33.5464 14.6511 3.86
      vertex 33.6511 14.5464 3.86
    endloop
  endfacet
  facet normal 0.707107 0.707107 0
    outer loop
      vertex 32.4536 13.3489 12.85
      vertex 32.3489 13.4536 3.86
      vertex 32.3489 13.4536 12.85
    endloop
  endfacet
  facet normal 0.707107 0.707107 0
    outer loop
      vertex 32.3489 13.4536 3.86
      vertex 32.4536 13.3489 12.85
      vertex 32.4536 13.3489 3.86
    endloop
  endfacet
  facet normal 0.819169 0.573553 0
    outer loop
      vertex 32.3489 13.4536 12.85
      vertex 32.2639 13.575 3.86
      vertex 32.2639 13.575 12.85
    endloop
  endfacet
  facet normal 0.819169 0.573553 0
    outer loop
      vertex 32.2639 13.575 3.86
      vertex 32.3489 13.4536 12.85
      vertex 32.3489 13.4536 3.86
    endloop
  endfacet
  facet normal -0.259175 0.96583 0
    outer loop
      vertex 33.2907 13.2013 3.86
      vertex 33.1476 13.1629 12.85
      vertex 33.2907 13.2013 12.85
    endloop
  endfacet
  facet normal -0.259175 0.96583 0
    outer loop
      vertex 33.1476 13.1629 12.85
      vertex 33.2907 13.2013 3.86
      vertex 33.1476 13.1629 3.86
    endloop
  endfacet
  facet normal 0.0870665 -0.996203 0
    outer loop
      vertex 32.8524 14.8371 3.86
      vertex 33 14.85 12.85
      vertex 32.8524 14.8371 12.85
    endloop
  endfacet
  facet normal 0.0870665 -0.996203 0
    outer loop
      vertex 33 14.85 12.85
      vertex 32.8524 14.8371 3.86
      vertex 33 14.85 3.86
    endloop
  endfacet
  facet normal 0.422479 -0.906373 0
    outer loop
      vertex 32.575 14.7361 3.86
      vertex 32.7093 14.7987 12.85
      vertex 32.575 14.7361 12.85
    endloop
  endfacet
  facet normal 0.422479 -0.906373 0
    outer loop
      vertex 32.7093 14.7987 12.85
      vertex 32.575 14.7361 3.86
      vertex 32.7093 14.7987 3.86
    endloop
  endfacet
  facet normal -0.96583 0.259175 0
    outer loop
      vertex 33.7987 -14.2907 3.86
      vertex 33.8371 -14.1476 12.85
      vertex 33.8371 -14.1476 3.86
    endloop
  endfacet
  facet normal -0.96583 0.259175 0
    outer loop
      vertex 33.8371 -14.1476 12.85
      vertex 33.7987 -14.2907 3.86
      vertex 33.7987 -14.2907 12.85
    endloop
  endfacet
  facet normal -0.996203 0.0870665 0
    outer loop
      vertex 33.8371 -14.1476 3.86
      vertex 33.85 -14 12.85
      vertex 33.85 -14 3.86
    endloop
  endfacet
  facet normal -0.996203 0.0870665 0
    outer loop
      vertex 33.85 -14 12.85
      vertex 33.8371 -14.1476 3.86
      vertex 33.8371 -14.1476 12.85
    endloop
  endfacet
  facet normal -0.906373 0.422479 0
    outer loop
      vertex 33.7361 -14.425 3.86
      vertex 33.7987 -14.2907 12.85
      vertex 33.7987 -14.2907 3.86
    endloop
  endfacet
  facet normal -0.906373 0.422479 0
    outer loop
      vertex 33.7987 -14.2907 12.85
      vertex 33.7361 -14.425 3.86
      vertex 33.7361 -14.425 12.85
    endloop
  endfacet
  facet normal -0.573553 -0.819169 0
    outer loop
      vertex 33.425 -13.2639 3.86
      vertex 33.5464 -13.3489 12.85
      vertex 33.425 -13.2639 12.85
    endloop
  endfacet
  facet normal -0.573553 -0.819169 -0
    outer loop
      vertex 33.5464 -13.3489 12.85
      vertex 33.425 -13.2639 3.86
      vertex 33.5464 -13.3489 3.86
    endloop
  endfacet
  facet normal -0.0870665 -0.996203 0
    outer loop
      vertex 33 -13.15 3.86
      vertex 33.1476 -13.1629 12.85
      vertex 33 -13.15 12.85
    endloop
  endfacet
  facet normal -0.0870665 -0.996203 -0
    outer loop
      vertex 33.1476 -13.1629 12.85
      vertex 33 -13.15 3.86
      vertex 33.1476 -13.1629 3.86
    endloop
  endfacet
  facet normal -0.996203 -0.0870665 0
    outer loop
      vertex 33.85 -14 3.86
      vertex 33.8371 -13.8524 12.85
      vertex 33.8371 -13.8524 3.86
    endloop
  endfacet
  facet normal -0.996203 -0.0870665 0
    outer loop
      vertex 33.8371 -13.8524 12.85
      vertex 33.85 -14 3.86
      vertex 33.85 -14 12.85
    endloop
  endfacet
  facet normal -0.259175 -0.96583 0
    outer loop
      vertex 33.1476 -13.1629 3.86
      vertex 33.2907 -13.2013 12.85
      vertex 33.1476 -13.1629 12.85
    endloop
  endfacet
  facet normal -0.259175 -0.96583 -0
    outer loop
      vertex 33.2907 -13.2013 12.85
      vertex 33.1476 -13.1629 3.86
      vertex 33.2907 -13.2013 3.86
    endloop
  endfacet
  facet normal -0.819169 0.573553 0
    outer loop
      vertex 33.6511 -14.5464 3.86
      vertex 33.7361 -14.425 12.85
      vertex 33.7361 -14.425 3.86
    endloop
  endfacet
  facet normal -0.819169 0.573553 0
    outer loop
      vertex 33.7361 -14.425 12.85
      vertex 33.6511 -14.5464 3.86
      vertex 33.6511 -14.5464 12.85
    endloop
  endfacet
  facet normal 0.819169 -0.573553 0
    outer loop
      vertex 32.2639 -13.575 12.85
      vertex 32.3489 -13.4536 3.86
      vertex 32.3489 -13.4536 12.85
    endloop
  endfacet
  facet normal 0.819169 -0.573553 0
    outer loop
      vertex 32.3489 -13.4536 3.86
      vertex 32.2639 -13.575 12.85
      vertex 32.2639 -13.575 3.86
    endloop
  endfacet
  facet normal 0 0 1
    outer loop
      vertex 33.8371 -13.8524 3.86
      vertex 33.8371 -14.1476 3.86
      vertex 33.85 -14 3.86
    endloop
  endfacet
  facet normal 0 0 1
    outer loop
      vertex 33.7987 -13.7093 3.86
      vertex 33.8371 -14.1476 3.86
      vertex 33.8371 -13.8524 3.86
    endloop
  endfacet
  facet normal 0 0 1
    outer loop
      vertex 33.7987 -13.7093 3.86
      vertex 33.7987 -14.2907 3.86
      vertex 33.8371 -14.1476 3.86
    endloop
  endfacet
  facet normal 0 0 1
    outer loop
      vertex 33.7361 -13.575 3.86
      vertex 33.7987 -14.2907 3.86
      vertex 33.7987 -13.7093 3.86
    endloop
  endfacet
  facet normal 0 0 1
    outer loop
      vertex 33.7361 -13.575 3.86
      vertex 33.7361 -14.425 3.86
      vertex 33.7987 -14.2907 3.86
    endloop
  endfacet
  facet normal 0 0 1
    outer loop
      vertex 33.6511 -13.4536 3.86
      vertex 33.7361 -14.425 3.86
      vertex 33.7361 -13.575 3.86
    endloop
  endfacet
  facet normal 0 0 1
    outer loop
      vertex 33.6511 -13.4536 3.86
      vertex 33.6511 -14.5464 3.86
      vertex 33.7361 -14.425 3.86
    endloop
  endfacet
  facet normal 0 0 1
    outer loop
      vertex 33.5464 -13.3489 3.86
      vertex 33.6511 -14.5464 3.86
      vertex 33.6511 -13.4536 3.86
    endloop
  endfacet
  facet normal 0 0 1
    outer loop
      vertex 33.5464 -13.3489 3.86
      vertex 33.5464 -14.6511 3.86
      vertex 33.6511 -14.5464 3.86
    endloop
  endfacet
  facet normal 0 0 1
    outer loop
      vertex 33.425 -13.2639 3.86
      vertex 33.5464 -14.6511 3.86
      vertex 33.5464 -13.3489 3.86
    endloop
  endfacet
  facet normal 0 0 1
    outer loop
      vertex 33.425 -13.2639 3.86
      vertex 33.425 -14.7361 3.86
      vertex 33.5464 -14.6511 3.86
    endloop
  endfacet
  facet normal 0 0 1
    outer loop
      vertex 33.2907 -13.2013 3.86
      vertex 33.425 -14.7361 3.86
      vertex 33.425 -13.2639 3.86
    endloop
  endfacet
  facet normal 0 0 1
    outer loop
      vertex 33.2907 -13.2013 3.86
      vertex 33.2907 -14.7987 3.86
      vertex 33.425 -14.7361 3.86
    endloop
  endfacet
  facet normal 0 0 1
    outer loop
      vertex 33.1476 -13.1629 3.86
      vertex 33.2907 -14.7987 3.86
      vertex 33.2907 -13.2013 3.86
    endloop
  endfacet
  facet normal 0 0 1
    outer loop
      vertex 33.1476 -13.1629 3.86
      vertex 33.1476 -14.8371 3.86
      vertex 33.2907 -14.7987 3.86
    endloop
  endfacet
  facet normal 0 0 1
    outer loop
      vertex 33 -13.15 3.86
      vertex 33.1476 -14.8371 3.86
      vertex 33.1476 -13.1629 3.86
    endloop
  endfacet
  facet normal 0 0 1
    outer loop
      vertex 33 -13.15 3.86
      vertex 33 -14.85 3.86
      vertex 33.1476 -14.8371 3.86
    endloop
  endfacet
  facet normal -0 0 1
    outer loop
      vertex 32.8524 -13.1629 3.86
      vertex 33 -14.85 3.86
      vertex 33 -13.15 3.86
    endloop
  endfacet
  facet normal 0 0 1
    outer loop
      vertex 32.8524 -13.1629 3.86
      vertex 32.8524 -14.8371 3.86
      vertex 33 -14.85 3.86
    endloop
  endfacet
  facet normal -0 0 1
    outer loop
      vertex 32.7093 -13.2013 3.86
      vertex 32.8524 -14.8371 3.86
      vertex 32.8524 -13.1629 3.86
    endloop
  endfacet
  facet normal 0 0 1
    outer loop
      vertex 32.7093 -13.2013 3.86
      vertex 32.7093 -14.7987 3.86
      vertex 32.8524 -14.8371 3.86
    endloop
  endfacet
  facet normal -0 0 1
    outer loop
      vertex 32.575 -13.2639 3.86
      vertex 32.7093 -14.7987 3.86
      vertex 32.7093 -13.2013 3.86
    endloop
  endfacet
  facet normal 0 0 1
    outer loop
      vertex 32.575 -13.2639 3.86
      vertex 32.575 -14.7361 3.86
      vertex 32.7093 -14.7987 3.86
    endloop
  endfacet
  facet normal -0 0 1
    outer loop
      vertex 32.4536 -13.3489 3.86
      vertex 32.575 -14.7361 3.86
      vertex 32.575 -13.2639 3.86
    endloop
  endfacet
  facet normal 0 0 1
    outer loop
      vertex 32.4536 -13.3489 3.86
      vertex 32.4536 -14.6511 3.86
      vertex 32.575 -14.7361 3.86
    endloop
  endfacet
  facet normal -0 0 1
    outer loop
      vertex 32.3489 -13.4536 3.86
      vertex 32.4536 -14.6511 3.86
      vertex 32.4536 -13.3489 3.86
    endloop
  endfacet
  facet normal 0 0 1
    outer loop
      vertex 32.3489 -13.4536 3.86
      vertex 32.3489 -14.5464 3.86
      vertex 32.4536 -14.6511 3.86
    endloop
  endfacet
  facet normal -0 0 1
    outer loop
      vertex 32.2639 -13.575 3.86
      vertex 32.3489 -14.5464 3.86
      vertex 32.3489 -13.4536 3.86
    endloop
  endfacet
  facet normal 0 0 1
    outer loop
      vertex 32.2639 -13.575 3.86
      vertex 32.2639 -14.425 3.86
      vertex 32.3489 -14.5464 3.86
    endloop
  endfacet
  facet normal -0 0 1
    outer loop
      vertex 32.2013 -13.7093 3.86
      vertex 32.2639 -14.425 3.86
      vertex 32.2639 -13.575 3.86
    endloop
  endfacet
  facet normal 0 0 1
    outer loop
      vertex 32.2013 -13.7093 3.86
      vertex 32.2013 -14.2907 3.86
      vertex 32.2639 -14.425 3.86
    endloop
  endfacet
  facet normal -0 0 1
    outer loop
      vertex 32.1629 -13.8524 3.86
      vertex 32.2013 -14.2907 3.86
      vertex 32.2013 -13.7093 3.86
    endloop
  endfacet
  facet normal 0 0 1
    outer loop
      vertex 32.1629 -13.8524 3.86
      vertex 32.1629 -14.1476 3.86
      vertex 32.2013 -14.2907 3.86
    endloop
  endfacet
  facet normal 0 -0 1
    outer loop
      vertex 32.1629 -14.1476 3.86
      vertex 32.1629 -13.8524 3.86
      vertex 32.15 -14 3.86
    endloop
  endfacet
  facet normal 0.707107 -0.707107 0
    outer loop
      vertex 32.3489 -13.4536 12.85
      vertex 32.4536 -13.3489 3.86
      vertex 32.4536 -13.3489 12.85
    endloop
  endfacet
  facet normal 0.707107 -0.707107 0
    outer loop
      vertex 32.4536 -13.3489 3.86
      vertex 32.3489 -13.4536 12.85
      vertex 32.3489 -13.4536 3.86
    endloop
  endfacet
  facet normal -0.96583 -0.259175 0
    outer loop
      vertex 33.8371 -13.8524 3.86
      vertex 33.7987 -13.7093 12.85
      vertex 33.7987 -13.7093 3.86
    endloop
  endfacet
  facet normal -0.96583 -0.259175 0
    outer loop
      vertex 33.7987 -13.7093 12.85
      vertex 33.8371 -13.8524 3.86
      vertex 33.8371 -13.8524 12.85
    endloop
  endfacet
  facet normal 0.259175 0.96583 -0
    outer loop
      vertex 32.8524 -14.8371 3.86
      vertex 32.7093 -14.7987 12.85
      vertex 32.8524 -14.8371 12.85
    endloop
  endfacet
  facet normal 0.259175 0.96583 0
    outer loop
      vertex 32.7093 -14.7987 12.85
      vertex 32.8524 -14.8371 3.86
      vertex 32.7093 -14.7987 3.86
    endloop
  endfacet
  facet normal 0.996203 -0.0870665 0
    outer loop
      vertex 32.15 -14 12.85
      vertex 32.1629 -13.8524 3.86
      vertex 32.1629 -13.8524 12.85
    endloop
  endfacet
  facet normal 0.996203 -0.0870665 0
    outer loop
      vertex 32.1629 -13.8524 3.86
      vertex 32.15 -14 12.85
      vertex 32.15 -14 3.86
    endloop
  endfacet
  facet normal -0.573553 0.819169 0
    outer loop
      vertex 33.5464 -14.6511 3.86
      vertex 33.425 -14.7361 12.85
      vertex 33.5464 -14.6511 12.85
    endloop
  endfacet
  facet normal -0.573553 0.819169 0
    outer loop
      vertex 33.425 -14.7361 12.85
      vertex 33.5464 -14.6511 3.86
      vertex 33.425 -14.7361 3.86
    endloop
  endfacet
  facet normal 0.0870665 -0.996203 0
    outer loop
      vertex 32.8524 -13.1629 3.86
      vertex 33 -13.15 12.85
      vertex 32.8524 -13.1629 12.85
    endloop
  endfacet
  facet normal 0.0870665 -0.996203 0
    outer loop
      vertex 33 -13.15 12.85
      vertex 32.8524 -13.1629 3.86
      vertex 33 -13.15 3.86
    endloop
  endfacet
  facet normal 0.996203 0.0870665 0
    outer loop
      vertex 32.1629 -14.1476 12.85
      vertex 32.15 -14 3.86
      vertex 32.15 -14 12.85
    endloop
  endfacet
  facet normal 0.996203 0.0870665 0
    outer loop
      vertex 32.15 -14 3.86
      vertex 32.1629 -14.1476 12.85
      vertex 32.1629 -14.1476 3.86
    endloop
  endfacet
  facet normal -0.819169 -0.573553 0
    outer loop
      vertex 33.7361 -13.575 3.86
      vertex 33.6511 -13.4536 12.85
      vertex 33.6511 -13.4536 3.86
    endloop
  endfacet
  facet normal -0.819169 -0.573553 0
    outer loop
      vertex 33.6511 -13.4536 12.85
      vertex 33.7361 -13.575 3.86
      vertex 33.7361 -13.575 12.85
    endloop
  endfacet
  facet normal 0.0870665 0.996203 -0
    outer loop
      vertex 33 -14.85 3.86
      vertex 32.8524 -14.8371 12.85
      vertex 33 -14.85 12.85
    endloop
  endfacet
  facet normal 0.0870665 0.996203 0
    outer loop
      vertex 32.8524 -14.8371 12.85
      vertex 33 -14.85 3.86
      vertex 32.8524 -14.8371 3.86
    endloop
  endfacet
  facet normal 0.906373 -0.422479 0
    outer loop
      vertex 32.2013 -13.7093 12.85
      vertex 32.2639 -13.575 3.86
      vertex 32.2639 -13.575 12.85
    endloop
  endfacet
  facet normal 0.906373 -0.422479 0
    outer loop
      vertex 32.2639 -13.575 3.86
      vertex 32.2013 -13.7093 12.85
      vertex 32.2013 -13.7093 3.86
    endloop
  endfacet
  facet normal 0.422479 0.906373 -0
    outer loop
      vertex 32.7093 -14.7987 3.86
      vertex 32.575 -14.7361 12.85
      vertex 32.7093 -14.7987 12.85
    endloop
  endfacet
  facet normal 0.422479 0.906373 0
    outer loop
      vertex 32.575 -14.7361 12.85
      vertex 32.7093 -14.7987 3.86
      vertex 32.575 -14.7361 3.86
    endloop
  endfacet
  facet normal 0.906373 0.422479 0
    outer loop
      vertex 32.2639 -14.425 12.85
      vertex 32.2013 -14.2907 3.86
      vertex 32.2013 -14.2907 12.85
    endloop
  endfacet
  facet normal 0.906373 0.422479 0
    outer loop
      vertex 32.2013 -14.2907 3.86
      vertex 32.2639 -14.425 12.85
      vertex 32.2639 -14.425 3.86
    endloop
  endfacet
  facet normal -0.707107 -0.707107 0
    outer loop
      vertex 33.5464 -13.3489 3.86
      vertex 33.6511 -13.4536 12.85
      vertex 33.5464 -13.3489 12.85
    endloop
  endfacet
  facet normal -0.707107 -0.707107 -0
    outer loop
      vertex 33.6511 -13.4536 12.85
      vertex 33.5464 -13.3489 3.86
      vertex 33.6511 -13.4536 3.86
    endloop
  endfacet
  facet normal -0.259175 0.96583 0
    outer loop
      vertex 33.2907 -14.7987 3.86
      vertex 33.1476 -14.8371 12.85
      vertex 33.2907 -14.7987 12.85
    endloop
  endfacet
  facet normal -0.259175 0.96583 0
    outer loop
      vertex 33.1476 -14.8371 12.85
      vertex 33.2907 -14.7987 3.86
      vertex 33.1476 -14.8371 3.86
    endloop
  endfacet
  facet normal -0.906373 -0.422479 0
    outer loop
      vertex 33.7987 -13.7093 3.86
      vertex 33.7361 -13.575 12.85
      vertex 33.7361 -13.575 3.86
    endloop
  endfacet
  facet normal -0.906373 -0.422479 0
    outer loop
      vertex 33.7361 -13.575 12.85
      vertex 33.7987 -13.7093 3.86
      vertex 33.7987 -13.7093 12.85
    endloop
  endfacet
  facet normal -0.422479 -0.906373 0
    outer loop
      vertex 33.2907 -13.2013 3.86
      vertex 33.425 -13.2639 12.85
      vertex 33.2907 -13.2013 12.85
    endloop
  endfacet
  facet normal -0.422479 -0.906373 -0
    outer loop
      vertex 33.425 -13.2639 12.85
      vertex 33.2907 -13.2013 3.86
      vertex 33.425 -13.2639 3.86
    endloop
  endfacet
  facet normal 0.819169 0.573553 0
    outer loop
      vertex 32.3489 -14.5464 12.85
      vertex 32.2639 -14.425 3.86
      vertex 32.2639 -14.425 12.85
    endloop
  endfacet
  facet normal 0.819169 0.573553 0
    outer loop
      vertex 32.2639 -14.425 3.86
      vertex 32.3489 -14.5464 12.85
      vertex 32.3489 -14.5464 3.86
    endloop
  endfacet
  facet normal 0.96583 -0.259175 0
    outer loop
      vertex 32.1629 -13.8524 12.85
      vertex 32.2013 -13.7093 3.86
      vertex 32.2013 -13.7093 12.85
    endloop
  endfacet
  facet normal 0.96583 -0.259175 0
    outer loop
      vertex 32.2013 -13.7093 3.86
      vertex 32.1629 -13.8524 12.85
      vertex 32.1629 -13.8524 3.86
    endloop
  endfacet
  facet normal -0.422479 0.906373 0
    outer loop
      vertex 33.425 -14.7361 3.86
      vertex 33.2907 -14.7987 12.85
      vertex 33.425 -14.7361 12.85
    endloop
  endfacet
  facet normal -0.422479 0.906373 0
    outer loop
      vertex 33.2907 -14.7987 12.85
      vertex 33.425 -14.7361 3.86
      vertex 33.2907 -14.7987 3.86
    endloop
  endfacet
  facet normal 0.707107 0.707107 0
    outer loop
      vertex 32.4536 -14.6511 12.85
      vertex 32.3489 -14.5464 3.86
      vertex 32.3489 -14.5464 12.85
    endloop
  endfacet
  facet normal 0.707107 0.707107 0
    outer loop
      vertex 32.3489 -14.5464 3.86
      vertex 32.4536 -14.6511 12.85
      vertex 32.4536 -14.6511 3.86
    endloop
  endfacet
  facet normal 0.422479 -0.906373 0
    outer loop
      vertex 32.575 -13.2639 3.86
      vertex 32.7093 -13.2013 12.85
      vertex 32.575 -13.2639 12.85
    endloop
  endfacet
  facet normal 0.422479 -0.906373 0
    outer loop
      vertex 32.7093 -13.2013 12.85
      vertex 32.575 -13.2639 3.86
      vertex 32.7093 -13.2013 3.86
    endloop
  endfacet
  facet normal 0.573553 -0.819169 0
    outer loop
      vertex 32.4536 -13.3489 3.86
      vertex 32.575 -13.2639 12.85
      vertex 32.4536 -13.3489 12.85
    endloop
  endfacet
  facet normal 0.573553 -0.819169 0
    outer loop
      vertex 32.575 -13.2639 12.85
      vertex 32.4536 -13.3489 3.86
      vertex 32.575 -13.2639 3.86
    endloop
  endfacet
  facet normal 0.259175 -0.96583 0
    outer loop
      vertex 32.7093 -13.2013 3.86
      vertex 32.8524 -13.1629 12.85
      vertex 32.7093 -13.2013 12.85
    endloop
  endfacet
  facet normal 0.259175 -0.96583 0
    outer loop
      vertex 32.8524 -13.1629 12.85
      vertex 32.7093 -13.2013 3.86
      vertex 32.8524 -13.1629 3.86
    endloop
  endfacet
  facet normal -0.0870665 0.996203 0
    outer loop
      vertex 33.1476 -14.8371 3.86
      vertex 33 -14.85 12.85
      vertex 33.1476 -14.8371 12.85
    endloop
  endfacet
  facet normal -0.0870665 0.996203 0
    outer loop
      vertex 33 -14.85 12.85
      vertex 33.1476 -14.8371 3.86
      vertex 33 -14.85 3.86
    endloop
  endfacet
  facet normal 0.96583 0.259175 0
    outer loop
      vertex 32.2013 -14.2907 12.85
      vertex 32.1629 -14.1476 3.86
      vertex 32.1629 -14.1476 12.85
    endloop
  endfacet
  facet normal 0.96583 0.259175 0
    outer loop
      vertex 32.1629 -14.1476 3.86
      vertex 32.2013 -14.2907 12.85
      vertex 32.2013 -14.2907 3.86
    endloop
  endfacet
  facet normal -0.707107 0.707107 0
    outer loop
      vertex 33.6511 -14.5464 3.86
      vertex 33.5464 -14.6511 12.85
      vertex 33.6511 -14.5464 12.85
    endloop
  endfacet
  facet normal -0.707107 0.707107 0
    outer loop
      vertex 33.5464 -14.6511 12.85
      vertex 33.6511 -14.5464 3.86
      vertex 33.5464 -14.6511 3.86
    endloop
  endfacet
  facet normal 0.573553 0.819169 -0
    outer loop
      vertex 32.575 -14.7361 3.86
      vertex 32.4536 -14.6511 12.85
      vertex 32.575 -14.7361 12.85
    endloop
  endfacet
  facet normal 0.573553 0.819169 0
    outer loop
      vertex 32.4536 -14.6511 12.85
      vertex 32.575 -14.7361 3.86
      vertex 32.4536 -14.6511 3.86
    endloop
  endfacet
  facet normal -1 0 0
    outer loop
      vertex 26.95 -12.255 5.72205e-07
      vertex 26.95 12.255 1.4
      vertex 26.95 12.255 5.72205e-07
    endloop
  endfacet
  facet normal -1 -0 0
    outer loop
      vertex 26.95 12.255 1.4
      vertex 26.95 -12.255 5.72205e-07
      vertex 26.95 -12.255 1.4
    endloop
  endfacet
  facet normal 1 -0 0
    outer loop
      vertex -22.4 -12.255 1.4
      vertex -22.4 12.255 5.72205e-07
      vertex -22.4 12.255 1.4
    endloop
  endfacet
  facet normal 1 0 0
    outer loop
      vertex -22.4 12.255 5.72205e-07
      vertex -22.4 -12.255 1.4
      vertex -22.4 -12.255 5.72205e-07
    endloop
  endfacet
  facet normal 0 1 -0
    outer loop
      vertex 26.95 -12.255 5.72205e-07
      vertex -22.4 -12.255 1.4
      vertex 26.95 -12.255 1.4
    endloop
  endfacet
  facet normal 0 1 0
    outer loop
      vertex -22.4 -12.255 1.4
      vertex 26.95 -12.255 5.72205e-07
      vertex -22.4 -12.255 5.72205e-07
    endloop
  endfacet
  facet normal 0 -1 0
    outer loop
      vertex -22.4 12.255 5.72205e-07
      vertex 26.95 12.255 1.4
      vertex -22.4 12.255 1.4
    endloop
  endfacet
  facet normal 0 -1 -0
    outer loop
      vertex 26.95 12.255 1.4
      vertex -22.4 12.255 5.72205e-07
      vertex 26.95 12.255 5.72205e-07
    endloop
  endfacet
endsolid OpenSCAD_Model
