solid OpenSCAD_Model
  facet normal -0.996191 0.087199 0
    outer loop
      vertex -37.5 14.5 0
      vertex -37.4392 15.1946 13.45
      vertex -37.4392 15.1946 0
    endloop
  endfacet
  facet normal -0.996191 0.087199 0
    outer loop
      vertex -37.4392 15.1946 13.45
      vertex -37.5 14.5 0
      vertex -37.5 14.5 13.45
    endloop
  endfacet
  facet normal -0.906286 0.422666 0
    outer loop
      vertex -37.2588 15.8681 0
      vertex -36.9641 16.5 13.45
      vertex -36.9641 16.5 0
    endloop
  endfacet
  facet normal -0.906286 0.422666 0
    outer loop
      vertex -36.9641 16.5 13.45
      vertex -37.2588 15.8681 0
      vertex -37.2588 15.8681 13.45
    endloop
  endfacet
  facet normal 0 -1 0
    outer loop
      vertex -23.6874 -18.5 7.07265
      vertex -33.5 -18.5 13.45
      vertex -24 -18.5 7.1
    endloop
  endfacet
  facet normal 0 -1 0
    outer loop
      vertex -33.5 -18.5 13.45
      vertex -24.3126 -18.5 7.07265
      vertex -24 -18.5 7.1
    endloop
  endfacet
  facet normal 0 -1 0
    outer loop
      vertex -33.5 -18.5 13.45
      vertex -24.6156 -18.5 6.99145
      vertex -24.3126 -18.5 7.07265
    endloop
  endfacet
  facet normal 0 -1 0
    outer loop
      vertex -33.5 -18.5 13.45
      vertex -24.9 -18.5 6.85885
      vertex -24.6156 -18.5 6.99145
    endloop
  endfacet
  facet normal 0 -1 0
    outer loop
      vertex -33.5 -18.5 13.45
      vertex -25.157 -18.5 6.67888
      vertex -24.9 -18.5 6.85885
    endloop
  endfacet
  facet normal 0 -1 0
    outer loop
      vertex -33.5 -18.5 13.45
      vertex -25.3789 -18.5 6.45702
      vertex -25.157 -18.5 6.67888
    endloop
  endfacet
  facet normal 0 -1 0
    outer loop
      vertex -33.5 -18.5 13.45
      vertex -25.5588 -18.5 6.2
      vertex -25.3789 -18.5 6.45702
    endloop
  endfacet
  facet normal 0 -1 0
    outer loop
      vertex -33.5 -18.5 13.45
      vertex -25.6914 -18.5 5.91564
      vertex -25.5588 -18.5 6.2
    endloop
  endfacet
  facet normal 0 -1 0
    outer loop
      vertex -33.5 -18.5 13.45
      vertex -25.7727 -18.5 5.61257
      vertex -25.6914 -18.5 5.91564
    endloop
  endfacet
  facet normal 0 -1 0
    outer loop
      vertex -33.5 -18.5 0
      vertex -25.7727 -18.5 5.61257
      vertex -33.5 -18.5 13.45
    endloop
  endfacet
  facet normal 0 -1 0
    outer loop
      vertex -25.7727 -18.5 5.61257
      vertex -33.5 -18.5 0
      vertex -25.8 -18.5 5.3
    endloop
  endfacet
  facet normal 0 -1 -0
    outer loop
      vertex -25.8 -18.5 5.3
      vertex -33.5 -18.5 0
      vertex -25.7727 -18.5 4.98743
    endloop
  endfacet
  facet normal 0 -1 -0
    outer loop
      vertex -25.7727 -18.5 4.98743
      vertex -33.5 -18.5 0
      vertex -25.6914 -18.5 4.68436
    endloop
  endfacet
  facet normal 0 -1 -0
    outer loop
      vertex -25.6914 -18.5 4.68436
      vertex -33.5 -18.5 0
      vertex -25.5588 -18.5 4.4
    endloop
  endfacet
  facet normal 0 -1 -0
    outer loop
      vertex -24.3126 -18.5 3.52735
      vertex -33.5 -18.5 0
      vertex -24 -18.5 3.5
    endloop
  endfacet
  facet normal 0 -1 -0
    outer loop
      vertex -24.6156 -18.5 3.60855
      vertex -33.5 -18.5 0
      vertex -24.3126 -18.5 3.52735
    endloop
  endfacet
  facet normal 0 -1 -0
    outer loop
      vertex -24.9 -18.5 3.74115
      vertex -33.5 -18.5 0
      vertex -24.6156 -18.5 3.60855
    endloop
  endfacet
  facet normal 0 -1 -0
    outer loop
      vertex -25.157 -18.5 3.92112
      vertex -33.5 -18.5 0
      vertex -24.9 -18.5 3.74115
    endloop
  endfacet
  facet normal 0 -1 -0
    outer loop
      vertex -25.3789 -18.5 4.14298
      vertex -33.5 -18.5 0
      vertex -25.157 -18.5 3.92112
    endloop
  endfacet
  facet normal 0 -1 -0
    outer loop
      vertex -25.5588 -18.5 4.4
      vertex -33.5 -18.5 0
      vertex -25.3789 -18.5 4.14298
    endloop
  endfacet
  facet normal 0 -1 0
    outer loop
      vertex -23.3844 -18.5 6.99145
      vertex -33.5 -18.5 13.45
      vertex -23.6874 -18.5 7.07265
    endloop
  endfacet
  facet normal 0 -1 0
    outer loop
      vertex -23.1 -18.5 6.85885
      vertex -33.5 -18.5 13.45
      vertex -23.3844 -18.5 6.99145
    endloop
  endfacet
  facet normal 0 -1 0
    outer loop
      vertex -33.5 -18.5 13.45
      vertex -23.1 -18.5 6.85885
      vertex 33.5 -18.5 13.45
    endloop
  endfacet
  facet normal 0 -1 0
    outer loop
      vertex -22.843 -18.5 6.67888
      vertex 33.5 -18.5 13.45
      vertex -23.1 -18.5 6.85885
    endloop
  endfacet
  facet normal 0 -1 0
    outer loop
      vertex -22.6211 -18.5 6.45702
      vertex 33.5 -18.5 13.45
      vertex -22.843 -18.5 6.67888
    endloop
  endfacet
  facet normal 0 -1 0
    outer loop
      vertex -22.4412 -18.5 6.2
      vertex 33.5 -18.5 13.45
      vertex -22.6211 -18.5 6.45702
    endloop
  endfacet
  facet normal 0 -1 0
    outer loop
      vertex -22.3086 -18.5 5.91564
      vertex 33.5 -18.5 13.45
      vertex -22.4412 -18.5 6.2
    endloop
  endfacet
  facet normal 0 -1 0
    outer loop
      vertex -22.2273 -18.5 5.61257
      vertex 33.5 -18.5 13.45
      vertex -22.3086 -18.5 5.91564
    endloop
  endfacet
  facet normal 0 -1 0
    outer loop
      vertex -22.2 -18.5 5.3
      vertex 33.5 -18.5 13.45
      vertex -22.2273 -18.5 5.61257
    endloop
  endfacet
  facet normal 0 -1 0
    outer loop
      vertex 33.5 -18.5 0
      vertex -22.2 -18.5 5.3
      vertex -22.2273 -18.5 4.98743
    endloop
  endfacet
  facet normal 0 -1 0
    outer loop
      vertex 33.5 -18.5 0
      vertex -22.2273 -18.5 4.98743
      vertex -22.3086 -18.5 4.68436
    endloop
  endfacet
  facet normal 0 -1 0
    outer loop
      vertex 33.5 -18.5 0
      vertex -22.3086 -18.5 4.68436
      vertex -22.4412 -18.5 4.4
    endloop
  endfacet
  facet normal 0 -1 0
    outer loop
      vertex 33.5 -18.5 0
      vertex -22.4412 -18.5 4.4
      vertex -22.6211 -18.5 4.14298
    endloop
  endfacet
  facet normal 0 -1 0
    outer loop
      vertex 33.5 -18.5 0
      vertex -22.6211 -18.5 4.14298
      vertex -22.843 -18.5 3.92112
    endloop
  endfacet
  facet normal 0 -1 0
    outer loop
      vertex 33.5 -18.5 0
      vertex -22.843 -18.5 3.92112
      vertex -23.1 -18.5 3.74115
    endloop
  endfacet
  facet normal 0 -1 0
    outer loop
      vertex 33.5 -18.5 0
      vertex -23.1 -18.5 3.74115
      vertex -23.3844 -18.5 3.60855
    endloop
  endfacet
  facet normal 0 -1 0
    outer loop
      vertex -33.5 -18.5 0
      vertex -23.3844 -18.5 3.60855
      vertex -23.6874 -18.5 3.52735
    endloop
  endfacet
  facet normal 0 -1 0
    outer loop
      vertex -33.5 -18.5 0
      vertex -23.6874 -18.5 3.52735
      vertex -24 -18.5 3.5
    endloop
  endfacet
  facet normal 0 -1 -0
    outer loop
      vertex -23.3844 -18.5 3.60855
      vertex -33.5 -18.5 0
      vertex 33.5 -18.5 0
    endloop
  endfacet
  facet normal 0 -1 0
    outer loop
      vertex -22.2 -18.5 5.3
      vertex 33.5 -18.5 0
      vertex 33.5 -18.5 13.45
    endloop
  endfacet
  facet normal -0.707178 0.707035 0
    outer loop
      vertex -36.5642 17.0711 0
      vertex -36.0712 17.5642 13.45
      vertex -36.0712 17.5642 0
    endloop
  endfacet
  facet normal -0.707178 0.707035 0
    outer loop
      vertex -36.0712 17.5642 13.45
      vertex -36.5642 17.0711 0
      vertex -36.5642 17.0711 13.45
    endloop
  endfacet
  facet normal 0.087199 0.996191 -0
    outer loop
      vertex 34.1946 18.4392 0
      vertex 33.5 18.5 13.45
      vertex 34.1946 18.4392 13.45
    endloop
  endfacet
  facet normal 0.087199 0.996191 0
    outer loop
      vertex 33.5 18.5 13.45
      vertex 34.1946 18.4392 0
      vertex 33.5 18.5 0
    endloop
  endfacet
  facet normal 0.965949 -0.258734 0
    outer loop
      vertex 37.2588 -15.8681 13.45
      vertex 37.4392 -15.1946 0
      vertex 37.4392 -15.1946 13.45
    endloop
  endfacet
  facet normal 0.965949 -0.258734 0
    outer loop
      vertex 37.4392 -15.1946 0
      vertex 37.2588 -15.8681 13.45
      vertex 37.2588 -15.8681 0
    endloop
  endfacet
  facet normal 0 1 0
    outer loop
      vertex 33.5 18.5 13.45
      vertex 6 18.5 3
      vertex -33.5 18.5 13.45
    endloop
  endfacet
  facet normal 0 1 -0
    outer loop
      vertex 33.5 18.5 0
      vertex 6 18.5 3
      vertex 33.5 18.5 13.45
    endloop
  endfacet
  facet normal 0 1 0
    outer loop
      vertex 6 18.5 3
      vertex 33.5 18.5 0
      vertex 6 18.5 0
    endloop
  endfacet
  facet normal 0 1 -0
    outer loop
      vertex -6 18.5 3
      vertex -33.5 18.5 13.45
      vertex 6 18.5 3
    endloop
  endfacet
  facet normal 0 1 0
    outer loop
      vertex -33.5 18.5 0
      vertex -6 18.5 3
      vertex -6 18.5 0
    endloop
  endfacet
  facet normal 0 1 0
    outer loop
      vertex -6 18.5 3
      vertex -33.5 18.5 0
      vertex -33.5 18.5 13.45
    endloop
  endfacet
  facet normal 0.422666 -0.906286 0
    outer loop
      vertex 34.8681 -18.2588 0
      vertex 35.5 -17.9641 13.45
      vertex 34.8681 -18.2588 13.45
    endloop
  endfacet
  facet normal 0.422666 -0.906286 0
    outer loop
      vertex 35.5 -17.9641 13.45
      vertex 34.8681 -18.2588 0
      vertex 35.5 -17.9641 0
    endloop
  endfacet
  facet normal 1 -0 0
    outer loop
      vertex 37.5 -14.5 13.45
      vertex 37.5 14.5 0
      vertex 37.5 14.5 13.45
    endloop
  endfacet
  facet normal 1 0 0
    outer loop
      vertex 37.5 14.5 0
      vertex 37.5 -14.5 13.45
      vertex 37.5 -14.5 0
    endloop
  endfacet
  facet normal -0.819144 0.573587 0
    outer loop
      vertex -36.9641 16.5 0
      vertex -36.5642 17.0711 13.45
      vertex -36.5642 17.0711 0
    endloop
  endfacet
  facet normal -0.819144 0.573587 0
    outer loop
      vertex -36.5642 17.0711 13.45
      vertex -36.9641 16.5 0
      vertex -36.9641 16.5 13.45
    endloop
  endfacet
  facet normal -0.906286 -0.422666 0
    outer loop
      vertex -36.9641 -16.5 0
      vertex -37.2588 -15.8681 13.45
      vertex -37.2588 -15.8681 0
    endloop
  endfacet
  facet normal -0.906286 -0.422666 0
    outer loop
      vertex -37.2588 -15.8681 13.45
      vertex -36.9641 -16.5 0
      vertex -36.9641 -16.5 13.45
    endloop
  endfacet
  facet normal 0.996191 0.087199 0
    outer loop
      vertex 37.5 14.5 13.45
      vertex 37.4392 15.1946 0
      vertex 37.4392 15.1946 13.45
    endloop
  endfacet
  facet normal 0.996191 0.087199 0
    outer loop
      vertex 37.4392 15.1946 0
      vertex 37.5 14.5 13.45
      vertex 37.5 14.5 0
    endloop
  endfacet
  facet normal 0.087199 -0.996191 0
    outer loop
      vertex 33.5 -18.5 0
      vertex 34.1946 -18.4392 13.45
      vertex 33.5 -18.5 13.45
    endloop
  endfacet
  facet normal 0.087199 -0.996191 0
    outer loop
      vertex 34.1946 -18.4392 13.45
      vertex 33.5 -18.5 0
      vertex 34.1946 -18.4392 0
    endloop
  endfacet
  facet normal -0.57352 0.819191 0
    outer loop
      vertex -35.5 17.9641 0
      vertex -36.0712 17.5642 13.45
      vertex -35.5 17.9641 13.45
    endloop
  endfacet
  facet normal -0.57352 0.819191 0
    outer loop
      vertex -36.0712 17.5642 13.45
      vertex -35.5 17.9641 0
      vertex -36.0712 17.5642 0
    endloop
  endfacet
  facet normal 0.258734 0.965949 -0
    outer loop
      vertex 34.8681 18.2588 0
      vertex 34.1946 18.4392 13.45
      vertex 34.8681 18.2588 13.45
    endloop
  endfacet
  facet normal 0.258734 0.965949 0
    outer loop
      vertex 34.1946 18.4392 13.45
      vertex 34.8681 18.2588 0
      vertex 34.1946 18.4392 0
    endloop
  endfacet
  facet normal -1 0 0
    outer loop
      vertex -37.5 6 7.9
      vertex -37.5 14.5 0
      vertex -37.5 6 1.4
    endloop
  endfacet
  facet normal -1 0 0
    outer loop
      vertex -37.5 14.5 0
      vertex -37.5 -6 1.4
      vertex -37.5 6 1.4
    endloop
  endfacet
  facet normal -1 -0 0
    outer loop
      vertex -37.5 -6 1.4
      vertex -37.5 -14.5 0
      vertex -37.5 -6 7.9
    endloop
  endfacet
  facet normal -1 0 0
    outer loop
      vertex -37.5 -14.5 0
      vertex -37.5 -6 1.4
      vertex -37.5 14.5 0
    endloop
  endfacet
  facet normal -1 0 0
    outer loop
      vertex -37.5 14.5 0
      vertex -37.5 6 7.9
      vertex -37.5 14.5 13.45
    endloop
  endfacet
  facet normal -1 0 0
    outer loop
      vertex -37.5 -6 7.9
      vertex -37.5 14.5 13.45
      vertex -37.5 6 7.9
    endloop
  endfacet
  facet normal -1 0 0
    outer loop
      vertex -37.5 -6 7.9
      vertex -37.5 -14.5 13.45
      vertex -37.5 14.5 13.45
    endloop
  endfacet
  facet normal -1 0 0
    outer loop
      vertex -37.5 -14.5 13.45
      vertex -37.5 -6 7.9
      vertex -37.5 -14.5 0
    endloop
  endfacet
  facet normal -0.258734 0.965949 0
    outer loop
      vertex -34.1946 18.4392 0
      vertex -34.8681 18.2588 13.45
      vertex -34.1946 18.4392 13.45
    endloop
  endfacet
  facet normal -0.258734 0.965949 0
    outer loop
      vertex -34.8681 18.2588 13.45
      vertex -34.1946 18.4392 0
      vertex -34.8681 18.2588 0
    endloop
  endfacet
  facet normal -0.707178 -0.707035 0
    outer loop
      vertex -36.0712 -17.5642 0
      vertex -36.5642 -17.0711 13.45
      vertex -36.5642 -17.0711 0
    endloop
  endfacet
  facet normal -0.707178 -0.707035 0
    outer loop
      vertex -36.5642 -17.0711 13.45
      vertex -36.0712 -17.5642 0
      vertex -36.0712 -17.5642 13.45
    endloop
  endfacet
  facet normal 0.422666 0.906286 -0
    outer loop
      vertex 35.5 17.9641 0
      vertex 34.8681 18.2588 13.45
      vertex 35.5 17.9641 13.45
    endloop
  endfacet
  facet normal 0.422666 0.906286 0
    outer loop
      vertex 34.8681 18.2588 13.45
      vertex 35.5 17.9641 0
      vertex 34.8681 18.2588 0
    endloop
  endfacet
  facet normal -0.965949 -0.258734 0
    outer loop
      vertex -37.2588 -15.8681 0
      vertex -37.4392 -15.1946 13.45
      vertex -37.4392 -15.1946 0
    endloop
  endfacet
  facet normal -0.965949 -0.258734 0
    outer loop
      vertex -37.4392 -15.1946 13.45
      vertex -37.2588 -15.8681 0
      vertex -37.2588 -15.8681 13.45
    endloop
  endfacet
  facet normal 0.707178 -0.707035 0
    outer loop
      vertex 36.0712 -17.5642 13.45
      vertex 36.5642 -17.0711 0
      vertex 36.5642 -17.0711 13.45
    endloop
  endfacet
  facet normal 0.707178 -0.707035 0
    outer loop
      vertex 36.5642 -17.0711 0
      vertex 36.0712 -17.5642 13.45
      vertex 36.0712 -17.5642 0
    endloop
  endfacet
  facet normal -0.422666 -0.906286 0
    outer loop
      vertex -35.5 -17.9641 0
      vertex -34.8681 -18.2588 13.45
      vertex -35.5 -17.9641 13.45
    endloop
  endfacet
  facet normal -0.422666 -0.906286 -0
    outer loop
      vertex -34.8681 -18.2588 13.45
      vertex -35.5 -17.9641 0
      vertex -34.8681 -18.2588 0
    endloop
  endfacet
  facet normal 0.965949 0.258734 0
    outer loop
      vertex 37.4392 15.1946 13.45
      vertex 37.2588 15.8681 0
      vertex 37.2588 15.8681 13.45
    endloop
  endfacet
  facet normal 0.965949 0.258734 0
    outer loop
      vertex 37.2588 15.8681 0
      vertex 37.4392 15.1946 13.45
      vertex 37.4392 15.1946 0
    endloop
  endfacet
  facet normal -0.965949 0.258734 0
    outer loop
      vertex -37.4392 15.1946 0
      vertex -37.2588 15.8681 13.45
      vertex -37.2588 15.8681 0
    endloop
  endfacet
  facet normal -0.965949 0.258734 0
    outer loop
      vertex -37.2588 15.8681 13.45
      vertex -37.4392 15.1946 0
      vertex -37.4392 15.1946 13.45
    endloop
  endfacet
  facet normal 0.258734 -0.965949 0
    outer loop
      vertex 34.1946 -18.4392 0
      vertex 34.8681 -18.2588 13.45
      vertex 34.1946 -18.4392 13.45
    endloop
  endfacet
  facet normal 0.258734 -0.965949 0
    outer loop
      vertex 34.8681 -18.2588 13.45
      vertex 34.1946 -18.4392 0
      vertex 34.8681 -18.2588 0
    endloop
  endfacet
  facet normal -0.57352 -0.819191 0
    outer loop
      vertex -36.0712 -17.5642 0
      vertex -35.5 -17.9641 13.45
      vertex -36.0712 -17.5642 13.45
    endloop
  endfacet
  facet normal -0.57352 -0.819191 -0
    outer loop
      vertex -35.5 -17.9641 13.45
      vertex -36.0712 -17.5642 0
      vertex -35.5 -17.9641 0
    endloop
  endfacet
  facet normal -0.422666 0.906286 0
    outer loop
      vertex -34.8681 18.2588 0
      vertex -35.5 17.9641 13.45
      vertex -34.8681 18.2588 13.45
    endloop
  endfacet
  facet normal -0.422666 0.906286 0
    outer loop
      vertex -35.5 17.9641 13.45
      vertex -34.8681 18.2588 0
      vertex -35.5 17.9641 0
    endloop
  endfacet
  facet normal -0.819144 -0.573587 0
    outer loop
      vertex -36.5642 -17.0711 0
      vertex -36.9641 -16.5 13.45
      vertex -36.9641 -16.5 0
    endloop
  endfacet
  facet normal -0.819144 -0.573587 0
    outer loop
      vertex -36.9641 -16.5 13.45
      vertex -36.5642 -17.0711 0
      vertex -36.5642 -17.0711 13.45
    endloop
  endfacet
  facet normal 0.996191 -0.087199 0
    outer loop
      vertex 37.4392 -15.1946 13.45
      vertex 37.5 -14.5 0
      vertex 37.5 -14.5 13.45
    endloop
  endfacet
  facet normal 0.996191 -0.087199 0
    outer loop
      vertex 37.5 -14.5 0
      vertex 37.4392 -15.1946 13.45
      vertex 37.4392 -15.1946 0
    endloop
  endfacet
  facet normal 0.819144 0.573587 0
    outer loop
      vertex 36.9641 16.5 13.45
      vertex 36.5642 17.0711 0
      vertex 36.5642 17.0711 13.45
    endloop
  endfacet
  facet normal 0.819144 0.573587 0
    outer loop
      vertex 36.5642 17.0711 0
      vertex 36.9641 16.5 13.45
      vertex 36.9641 16.5 0
    endloop
  endfacet
  facet normal -0.087199 0.996191 0
    outer loop
      vertex -33.5 18.5 0
      vertex -34.1946 18.4392 13.45
      vertex -33.5 18.5 13.45
    endloop
  endfacet
  facet normal -0.087199 0.996191 0
    outer loop
      vertex -34.1946 18.4392 13.45
      vertex -33.5 18.5 0
      vertex -34.1946 18.4392 0
    endloop
  endfacet
  facet normal 0.707178 0.707035 0
    outer loop
      vertex 36.5642 17.0711 13.45
      vertex 36.0712 17.5642 0
      vertex 36.0712 17.5642 13.45
    endloop
  endfacet
  facet normal 0.707178 0.707035 0
    outer loop
      vertex 36.0712 17.5642 0
      vertex 36.5642 17.0711 13.45
      vertex 36.5642 17.0711 0
    endloop
  endfacet
  facet normal -0.087199 -0.996191 0
    outer loop
      vertex -34.1946 -18.4392 0
      vertex -33.5 -18.5 13.45
      vertex -34.1946 -18.4392 13.45
    endloop
  endfacet
  facet normal -0.087199 -0.996191 -0
    outer loop
      vertex -33.5 -18.5 13.45
      vertex -34.1946 -18.4392 0
      vertex -33.5 -18.5 0
    endloop
  endfacet
  facet normal -0.258734 -0.965949 0
    outer loop
      vertex -34.8681 -18.2588 0
      vertex -34.1946 -18.4392 13.45
      vertex -34.8681 -18.2588 13.45
    endloop
  endfacet
  facet normal -0.258734 -0.965949 -0
    outer loop
      vertex -34.1946 -18.4392 13.45
      vertex -34.8681 -18.2588 0
      vertex -34.1946 -18.4392 0
    endloop
  endfacet
  facet normal 0.906286 -0.422666 0
    outer loop
      vertex 36.9641 -16.5 13.45
      vertex 37.2588 -15.8681 0
      vertex 37.2588 -15.8681 13.45
    endloop
  endfacet
  facet normal 0.906286 -0.422666 0
    outer loop
      vertex 37.2588 -15.8681 0
      vertex 36.9641 -16.5 13.45
      vertex 36.9641 -16.5 0
    endloop
  endfacet
  facet normal 0.906286 0.422666 0
    outer loop
      vertex 37.2588 15.8681 13.45
      vertex 36.9641 16.5 0
      vertex 36.9641 16.5 13.45
    endloop
  endfacet
  facet normal 0.906286 0.422666 0
    outer loop
      vertex 36.9641 16.5 0
      vertex 37.2588 15.8681 13.45
      vertex 37.2588 15.8681 0
    endloop
  endfacet
  facet normal 0.57352 0.819191 -0
    outer loop
      vertex 36.0712 17.5642 0
      vertex 35.5 17.9641 13.45
      vertex 36.0712 17.5642 13.45
    endloop
  endfacet
  facet normal 0.57352 0.819191 0
    outer loop
      vertex 35.5 17.9641 13.45
      vertex 36.0712 17.5642 0
      vertex 35.5 17.9641 0
    endloop
  endfacet
  facet normal -0.996191 -0.087199 0
    outer loop
      vertex -37.4392 -15.1946 0
      vertex -37.5 -14.5 13.45
      vertex -37.5 -14.5 0
    endloop
  endfacet
  facet normal -0.996191 -0.087199 0
    outer loop
      vertex -37.5 -14.5 13.45
      vertex -37.4392 -15.1946 0
      vertex -37.4392 -15.1946 13.45
    endloop
  endfacet
  facet normal 0.57352 -0.819191 0
    outer loop
      vertex 35.5 -17.9641 0
      vertex 36.0712 -17.5642 13.45
      vertex 35.5 -17.9641 13.45
    endloop
  endfacet
  facet normal 0.57352 -0.819191 0
    outer loop
      vertex 36.0712 -17.5642 13.45
      vertex 35.5 -17.9641 0
      vertex 36.0712 -17.5642 0
    endloop
  endfacet
  facet normal 0 0 -1
    outer loop
      vertex -31.0383 -13.6541 0
      vertex -6 18.5 0
      vertex -31.0381 -13.6562 0
    endloop
  endfacet
  facet normal 0 0 -1
    outer loop
      vertex -6 18.5 0
      vertex -31.0381 13.6562 0
      vertex -31.008 14 0
    endloop
  endfacet
  facet normal 0 0 -1
    outer loop
      vertex -31.1276 -13.3207 0
      vertex -6 18.5 0
      vertex -31.0383 -13.6541 0
    endloop
  endfacet
  facet normal 0 0 -1
    outer loop
      vertex -6 18.5 0
      vertex -31.0383 13.6541 0
      vertex -31.0381 13.6562 0
    endloop
  endfacet
  facet normal 0 0 -1
    outer loop
      vertex -31.1281 -13.3187 0
      vertex -6 18.5 0
      vertex -31.1276 -13.3207 0
    endloop
  endfacet
  facet normal 0 0 -1
    outer loop
      vertex -6 18.5 0
      vertex -31.1276 13.3207 0
      vertex -31.0383 13.6541 0
    endloop
  endfacet
  facet normal 0 0 -1
    outer loop
      vertex -31.129 -13.3168 0
      vertex -6 18.5 0
      vertex -31.1281 -13.3187 0
    endloop
  endfacet
  facet normal 0 0 -1
    outer loop
      vertex -6 18.5 0
      vertex -31.1281 13.3187 0
      vertex -31.1276 13.3207 0
    endloop
  endfacet
  facet normal 0 0 -1
    outer loop
      vertex -31.2749 -13.004 0
      vertex -6 18.5 0
      vertex -31.129 -13.3168 0
    endloop
  endfacet
  facet normal 0 0 -1
    outer loop
      vertex -6 18.5 0
      vertex -31.129 13.3168 0
      vertex -31.1281 13.3187 0
    endloop
  endfacet
  facet normal 0 0 -1
    outer loop
      vertex -31.4728 -12.7213 0
      vertex -6 18.5 0
      vertex -31.2749 -13.004 0
    endloop
  endfacet
  facet normal 0 0 -1
    outer loop
      vertex -6 18.5 0
      vertex -31.2749 13.004 0
      vertex -31.129 13.3168 0
    endloop
  endfacet
  facet normal 0 0 -1
    outer loop
      vertex -31.474 -12.7196 0
      vertex -6 18.5 0
      vertex -31.4728 -12.7213 0
    endloop
  endfacet
  facet normal 0 0 -1
    outer loop
      vertex -6 18.5 0
      vertex -31.4728 12.7213 0
      vertex -31.2749 13.004 0
    endloop
  endfacet
  facet normal 0 0 -1
    outer loop
      vertex -31.474 12.7196 0
      vertex -6 18.5 0
      vertex -31.474 -12.7196 0
    endloop
  endfacet
  facet normal 0 0 -1
    outer loop
      vertex -6 18.5 0
      vertex -31.474 12.7196 0
      vertex -31.4728 12.7213 0
    endloop
  endfacet
  facet normal 0 0 -1
    outer loop
      vertex -31.7196 -12.474 0
      vertex -31.474 12.7196 0
      vertex -31.474 -12.7196 0
    endloop
  endfacet
  facet normal 0 0 -1
    outer loop
      vertex -31.7196 -12.474 0
      vertex -31.7196 12.474 0
      vertex -31.474 12.7196 0
    endloop
  endfacet
  facet normal 0 0 -1
    outer loop
      vertex -31.7213 -12.4728 0
      vertex -31.7196 12.474 0
      vertex -31.7196 -12.474 0
    endloop
  endfacet
  facet normal 0 0 -1
    outer loop
      vertex -31.7213 -12.4728 0
      vertex -31.7213 12.4728 0
      vertex -31.7196 12.474 0
    endloop
  endfacet
  facet normal 0 0 -1
    outer loop
      vertex -32.004 -12.2749 0
      vertex -31.7213 12.4728 0
      vertex -31.7213 -12.4728 0
    endloop
  endfacet
  facet normal 0 0 -1
    outer loop
      vertex -32.004 -12.2749 0
      vertex -32.004 12.2749 0
      vertex -31.7213 12.4728 0
    endloop
  endfacet
  facet normal 0 0 -1
    outer loop
      vertex -32.3168 -12.129 0
      vertex -32.004 12.2749 0
      vertex -32.004 -12.2749 0
    endloop
  endfacet
  facet normal 0 0 -1
    outer loop
      vertex -32.3168 -12.129 0
      vertex -32.3168 12.129 0
      vertex -32.004 12.2749 0
    endloop
  endfacet
  facet normal 0 0 -1
    outer loop
      vertex -32.3187 -12.1281 0
      vertex -32.3168 12.129 0
      vertex -32.3168 -12.129 0
    endloop
  endfacet
  facet normal 0 0 -1
    outer loop
      vertex -32.3187 -12.1281 0
      vertex -32.3187 12.1281 0
      vertex -32.3168 12.129 0
    endloop
  endfacet
  facet normal 0 0 -1
    outer loop
      vertex -32.3207 -12.1276 0
      vertex -32.3187 12.1281 0
      vertex -32.3187 -12.1281 0
    endloop
  endfacet
  facet normal 0 0 -1
    outer loop
      vertex -32.3207 -12.1276 0
      vertex -32.3207 12.1276 0
      vertex -32.3187 12.1281 0
    endloop
  endfacet
  facet normal 0 0 -1
    outer loop
      vertex -32.6541 -12.0383 0
      vertex -32.3207 12.1276 0
      vertex -32.3207 -12.1276 0
    endloop
  endfacet
  facet normal 0 0 -1
    outer loop
      vertex -32.6541 -12.0383 0
      vertex -32.6541 12.0383 0
      vertex -32.3207 12.1276 0
    endloop
  endfacet
  facet normal 0 0 -1
    outer loop
      vertex -32.6562 -12.0381 0
      vertex -32.6541 12.0383 0
      vertex -32.6541 -12.0383 0
    endloop
  endfacet
  facet normal 0 0 -1
    outer loop
      vertex -32.6562 -12.0381 0
      vertex -32.6562 12.0381 0
      vertex -32.6541 12.0383 0
    endloop
  endfacet
  facet normal 0 0 -1
    outer loop
      vertex -33 -12.008 0
      vertex -32.6562 12.0381 0
      vertex -32.6562 -12.0381 0
    endloop
  endfacet
  facet normal 0 0 -1
    outer loop
      vertex -33 -12.008 0
      vertex -33 12.008 0
      vertex -32.6562 12.0381 0
    endloop
  endfacet
  facet normal 0 0 -1
    outer loop
      vertex -33.3438 -12.0381 0
      vertex -33 12.008 0
      vertex -33 -12.008 0
    endloop
  endfacet
  facet normal 0 0 -1
    outer loop
      vertex -33.3438 -12.0381 0
      vertex -33.3438 12.0381 0
      vertex -33 12.008 0
    endloop
  endfacet
  facet normal 0 0 -1
    outer loop
      vertex -33.3459 -12.0383 0
      vertex -33.3438 12.0381 0
      vertex -33.3438 -12.0381 0
    endloop
  endfacet
  facet normal 0 0 -1
    outer loop
      vertex -33.3459 -12.0383 0
      vertex -33.3459 12.0383 0
      vertex -33.3438 12.0381 0
    endloop
  endfacet
  facet normal 0 0 -1
    outer loop
      vertex -33.6793 -12.1276 0
      vertex -33.3459 12.0383 0
      vertex -33.3459 -12.0383 0
    endloop
  endfacet
  facet normal 0 0 -1
    outer loop
      vertex -33.6793 -12.1276 0
      vertex -33.6793 12.1276 0
      vertex -33.3459 12.0383 0
    endloop
  endfacet
  facet normal 0 0 -1
    outer loop
      vertex -33.6813 -12.1281 0
      vertex -33.6793 12.1276 0
      vertex -33.6793 -12.1276 0
    endloop
  endfacet
  facet normal 0 0 -1
    outer loop
      vertex -33.6813 -12.1281 0
      vertex -33.6813 12.1281 0
      vertex -33.6793 12.1276 0
    endloop
  endfacet
  facet normal 0 0 -1
    outer loop
      vertex -33.6832 -12.129 0
      vertex -33.6813 12.1281 0
      vertex -33.6813 -12.1281 0
    endloop
  endfacet
  facet normal 0 0 -1
    outer loop
      vertex -33.6832 -12.129 0
      vertex -33.6832 12.129 0
      vertex -33.6813 12.1281 0
    endloop
  endfacet
  facet normal 0 0 -1
    outer loop
      vertex -33.996 -12.2749 0
      vertex -33.6832 12.129 0
      vertex -33.6832 -12.129 0
    endloop
  endfacet
  facet normal 0 0 -1
    outer loop
      vertex -33.996 -12.2749 0
      vertex -33.996 12.2749 0
      vertex -33.6832 12.129 0
    endloop
  endfacet
  facet normal 0 0 -1
    outer loop
      vertex -34.2787 -12.4728 0
      vertex -33.996 12.2749 0
      vertex -33.996 -12.2749 0
    endloop
  endfacet
  facet normal 0 0 -1
    outer loop
      vertex -34.2787 -12.4728 0
      vertex -34.2787 12.4728 0
      vertex -33.996 12.2749 0
    endloop
  endfacet
  facet normal 0 0 -1
    outer loop
      vertex -34.2804 -12.474 0
      vertex -34.2787 12.4728 0
      vertex -34.2787 -12.4728 0
    endloop
  endfacet
  facet normal 0 0 -1
    outer loop
      vertex -34.2804 -12.474 0
      vertex -34.2804 12.474 0
      vertex -34.2787 12.4728 0
    endloop
  endfacet
  facet normal 0 0 -1
    outer loop
      vertex -37.5 -14.5 0
      vertex -34.2804 -12.474 0
      vertex -34.526 -12.7196 0
    endloop
  endfacet
  facet normal -0 0 -1
    outer loop
      vertex -34.2804 -12.474 0
      vertex -37.5 -14.5 0
      vertex -34.2804 12.474 0
    endloop
  endfacet
  facet normal 0 0 -1
    outer loop
      vertex -37.5 -14.5 0
      vertex -34.526 -12.7196 0
      vertex -34.5272 -12.7213 0
    endloop
  endfacet
  facet normal 0 0 -1
    outer loop
      vertex -37.5 14.5 0
      vertex -34.2804 12.474 0
      vertex -37.5 -14.5 0
    endloop
  endfacet
  facet normal 0 0 -1
    outer loop
      vertex -37.5 -14.5 0
      vertex -34.5272 -12.7213 0
      vertex -34.7251 -13.004 0
    endloop
  endfacet
  facet normal 0 0 -1
    outer loop
      vertex -34.2804 12.474 0
      vertex -37.5 14.5 0
      vertex -34.526 12.7196 0
    endloop
  endfacet
  facet normal 0 0 -1
    outer loop
      vertex -37.5 -14.5 0
      vertex -34.7251 -13.004 0
      vertex -34.871 -13.3168 0
    endloop
  endfacet
  facet normal 0 0 -1
    outer loop
      vertex -34.526 12.7196 0
      vertex -37.5 14.5 0
      vertex -34.5272 12.7213 0
    endloop
  endfacet
  facet normal 0 0 -1
    outer loop
      vertex -37.5 -14.5 0
      vertex -34.871 -13.3168 0
      vertex -34.8719 -13.3187 0
    endloop
  endfacet
  facet normal 0 0 -1
    outer loop
      vertex -34.5272 12.7213 0
      vertex -37.5 14.5 0
      vertex -34.7251 13.004 0
    endloop
  endfacet
  facet normal 0 0 -1
    outer loop
      vertex -37.5 -14.5 0
      vertex -34.8719 -13.3187 0
      vertex -34.8724 -13.3207 0
    endloop
  endfacet
  facet normal 0 0 -1
    outer loop
      vertex -34.7251 13.004 0
      vertex -37.5 14.5 0
      vertex -34.871 13.3168 0
    endloop
  endfacet
  facet normal 0 0 -1
    outer loop
      vertex -37.5 -14.5 0
      vertex -34.8724 -13.3207 0
      vertex -34.9617 -13.6541 0
    endloop
  endfacet
  facet normal 0 0 -1
    outer loop
      vertex -34.871 13.3168 0
      vertex -37.5 14.5 0
      vertex -34.8719 13.3187 0
    endloop
  endfacet
  facet normal 0 0 -1
    outer loop
      vertex -37.5 -14.5 0
      vertex -34.9617 -13.6541 0
      vertex -34.9619 -13.6562 0
    endloop
  endfacet
  facet normal 0 0 -1
    outer loop
      vertex -34.8719 13.3187 0
      vertex -37.5 14.5 0
      vertex -34.8724 13.3207 0
    endloop
  endfacet
  facet normal 0 0 -1
    outer loop
      vertex -37.5 -14.5 0
      vertex -34.9619 -13.6562 0
      vertex -34.992 -14 0
    endloop
  endfacet
  facet normal 0 0 -1
    outer loop
      vertex -34.8724 13.3207 0
      vertex -37.5 14.5 0
      vertex -34.9617 13.6541 0
    endloop
  endfacet
  facet normal 0 0 -1
    outer loop
      vertex 34.8724 -13.3207 0
      vertex 37.5 -14.5 0
      vertex 34.9617 -13.6541 0
    endloop
  endfacet
  facet normal 0 0 -1
    outer loop
      vertex 37.5 14.5 0
      vertex 34.9619 13.6562 0
      vertex 34.992 14 0
    endloop
  endfacet
  facet normal 0 0 -1
    outer loop
      vertex 34.8719 -13.3187 0
      vertex 37.5 -14.5 0
      vertex 34.8724 -13.3207 0
    endloop
  endfacet
  facet normal 0 0 -1
    outer loop
      vertex 37.5 14.5 0
      vertex 34.9617 13.6541 0
      vertex 34.9619 13.6562 0
    endloop
  endfacet
  facet normal 0 0 -1
    outer loop
      vertex 34.871 -13.3168 0
      vertex 37.5 -14.5 0
      vertex 34.8719 -13.3187 0
    endloop
  endfacet
  facet normal 0 0 -1
    outer loop
      vertex 37.5 14.5 0
      vertex 34.8724 13.3207 0
      vertex 34.9617 13.6541 0
    endloop
  endfacet
  facet normal 0 0 -1
    outer loop
      vertex 34.7251 -13.004 0
      vertex 37.5 -14.5 0
      vertex 34.871 -13.3168 0
    endloop
  endfacet
  facet normal 0 0 -1
    outer loop
      vertex 37.5 14.5 0
      vertex 34.8719 13.3187 0
      vertex 34.8724 13.3207 0
    endloop
  endfacet
  facet normal 0 0 -1
    outer loop
      vertex 34.5272 -12.7213 0
      vertex 37.5 -14.5 0
      vertex 34.7251 -13.004 0
    endloop
  endfacet
  facet normal 0 0 -1
    outer loop
      vertex 37.5 14.5 0
      vertex 34.871 13.3168 0
      vertex 34.8719 13.3187 0
    endloop
  endfacet
  facet normal 0 0 -1
    outer loop
      vertex 34.526 -12.7196 0
      vertex 37.5 -14.5 0
      vertex 34.5272 -12.7213 0
    endloop
  endfacet
  facet normal 0 0 -1
    outer loop
      vertex 37.5 14.5 0
      vertex 34.7251 13.004 0
      vertex 34.871 13.3168 0
    endloop
  endfacet
  facet normal 0 0 -1
    outer loop
      vertex 34.2804 -12.474 0
      vertex 37.5 -14.5 0
      vertex 34.526 -12.7196 0
    endloop
  endfacet
  facet normal 0 0 -1
    outer loop
      vertex 37.5 14.5 0
      vertex 34.5272 12.7213 0
      vertex 34.7251 13.004 0
    endloop
  endfacet
  facet normal 0 0 -1
    outer loop
      vertex 37.5 -14.5 0
      vertex 34.2804 -12.474 0
      vertex 37.5 14.5 0
    endloop
  endfacet
  facet normal 0 0 -1
    outer loop
      vertex 37.5 14.5 0
      vertex 34.526 12.7196 0
      vertex 34.5272 12.7213 0
    endloop
  endfacet
  facet normal 0 0 -1
    outer loop
      vertex 34.2804 12.474 0
      vertex 37.5 14.5 0
      vertex 34.2804 -12.474 0
    endloop
  endfacet
  facet normal 0 0 -1
    outer loop
      vertex 37.5 14.5 0
      vertex 34.2804 12.474 0
      vertex 34.526 12.7196 0
    endloop
  endfacet
  facet normal 0 0 -1
    outer loop
      vertex 34.2787 -12.4728 0
      vertex 34.2804 12.474 0
      vertex 34.2804 -12.474 0
    endloop
  endfacet
  facet normal 0 0 -1
    outer loop
      vertex 34.2787 -12.4728 0
      vertex 34.2787 12.4728 0
      vertex 34.2804 12.474 0
    endloop
  endfacet
  facet normal 0 0 -1
    outer loop
      vertex 33.996 -12.2749 0
      vertex 34.2787 12.4728 0
      vertex 34.2787 -12.4728 0
    endloop
  endfacet
  facet normal 0 0 -1
    outer loop
      vertex 33.996 -12.2749 0
      vertex 33.996 12.2749 0
      vertex 34.2787 12.4728 0
    endloop
  endfacet
  facet normal 0 0 -1
    outer loop
      vertex 33.6832 -12.129 0
      vertex 33.996 12.2749 0
      vertex 33.996 -12.2749 0
    endloop
  endfacet
  facet normal 0 0 -1
    outer loop
      vertex 33.6832 -12.129 0
      vertex 33.6832 12.129 0
      vertex 33.996 12.2749 0
    endloop
  endfacet
  facet normal 0 0 -1
    outer loop
      vertex 33.6813 -12.1281 0
      vertex 33.6832 12.129 0
      vertex 33.6832 -12.129 0
    endloop
  endfacet
  facet normal 0 0 -1
    outer loop
      vertex 33.6813 -12.1281 0
      vertex 33.6813 12.1281 0
      vertex 33.6832 12.129 0
    endloop
  endfacet
  facet normal 0 0 -1
    outer loop
      vertex 33.6793 -12.1276 0
      vertex 33.6813 12.1281 0
      vertex 33.6813 -12.1281 0
    endloop
  endfacet
  facet normal 0 0 -1
    outer loop
      vertex 33.6793 -12.1276 0
      vertex 33.6793 12.1276 0
      vertex 33.6813 12.1281 0
    endloop
  endfacet
  facet normal 0 0 -1
    outer loop
      vertex 33.3459 -12.0383 0
      vertex 33.6793 12.1276 0
      vertex 33.6793 -12.1276 0
    endloop
  endfacet
  facet normal 0 0 -1
    outer loop
      vertex 33.3459 -12.0383 0
      vertex 33.3459 12.0383 0
      vertex 33.6793 12.1276 0
    endloop
  endfacet
  facet normal 0 0 -1
    outer loop
      vertex 33.3438 -12.0381 0
      vertex 33.3459 12.0383 0
      vertex 33.3459 -12.0383 0
    endloop
  endfacet
  facet normal 0 0 -1
    outer loop
      vertex 33.3438 -12.0381 0
      vertex 33.3438 12.0381 0
      vertex 33.3459 12.0383 0
    endloop
  endfacet
  facet normal 0 0 -1
    outer loop
      vertex 33 -12.008 0
      vertex 33.3438 12.0381 0
      vertex 33.3438 -12.0381 0
    endloop
  endfacet
  facet normal 0 0 -1
    outer loop
      vertex 33 -12.008 0
      vertex 33 12.008 0
      vertex 33.3438 12.0381 0
    endloop
  endfacet
  facet normal 0 0 -1
    outer loop
      vertex 32.6562 -12.0381 0
      vertex 33 12.008 0
      vertex 33 -12.008 0
    endloop
  endfacet
  facet normal 0 0 -1
    outer loop
      vertex 32.6562 -12.0381 0
      vertex 32.6562 12.0381 0
      vertex 33 12.008 0
    endloop
  endfacet
  facet normal 0 0 -1
    outer loop
      vertex 32.6541 -12.0383 0
      vertex 32.6562 12.0381 0
      vertex 32.6562 -12.0381 0
    endloop
  endfacet
  facet normal 0 0 -1
    outer loop
      vertex 32.6541 -12.0383 0
      vertex 32.6541 12.0383 0
      vertex 32.6562 12.0381 0
    endloop
  endfacet
  facet normal 0 0 -1
    outer loop
      vertex 32.3207 -12.1276 0
      vertex 32.6541 12.0383 0
      vertex 32.6541 -12.0383 0
    endloop
  endfacet
  facet normal 0 0 -1
    outer loop
      vertex 32.3207 -12.1276 0
      vertex 32.3207 12.1276 0
      vertex 32.6541 12.0383 0
    endloop
  endfacet
  facet normal 0 0 -1
    outer loop
      vertex 32.3187 -12.1281 0
      vertex 32.3207 12.1276 0
      vertex 32.3207 -12.1276 0
    endloop
  endfacet
  facet normal 0 0 -1
    outer loop
      vertex 32.3187 -12.1281 0
      vertex 32.3187 12.1281 0
      vertex 32.3207 12.1276 0
    endloop
  endfacet
  facet normal 0 0 -1
    outer loop
      vertex 32.3168 -12.129 0
      vertex 32.3187 12.1281 0
      vertex 32.3187 -12.1281 0
    endloop
  endfacet
  facet normal 0 0 -1
    outer loop
      vertex 32.3168 -12.129 0
      vertex 32.3168 12.129 0
      vertex 32.3187 12.1281 0
    endloop
  endfacet
  facet normal 0 0 -1
    outer loop
      vertex 32.004 -12.2749 0
      vertex 32.3168 12.129 0
      vertex 32.3168 -12.129 0
    endloop
  endfacet
  facet normal 0 0 -1
    outer loop
      vertex 32.004 -12.2749 0
      vertex 32.004 12.2749 0
      vertex 32.3168 12.129 0
    endloop
  endfacet
  facet normal 0 0 -1
    outer loop
      vertex 31.7213 -12.4728 0
      vertex 32.004 12.2749 0
      vertex 32.004 -12.2749 0
    endloop
  endfacet
  facet normal 0 0 -1
    outer loop
      vertex 31.7213 -12.4728 0
      vertex 31.7213 12.4728 0
      vertex 32.004 12.2749 0
    endloop
  endfacet
  facet normal 0 0 -1
    outer loop
      vertex 31.7196 -12.474 0
      vertex 31.7213 12.4728 0
      vertex 31.7213 -12.4728 0
    endloop
  endfacet
  facet normal 0 0 -1
    outer loop
      vertex 31.7196 -12.474 0
      vertex 31.7196 12.474 0
      vertex 31.7213 12.4728 0
    endloop
  endfacet
  facet normal 0 0 -1
    outer loop
      vertex 31.474 -12.7196 0
      vertex 31.7196 12.474 0
      vertex 31.7196 -12.474 0
    endloop
  endfacet
  facet normal 0 0 -1
    outer loop
      vertex 31.474 -12.7196 0
      vertex 31.474 12.7196 0
      vertex 31.7196 12.474 0
    endloop
  endfacet
  facet normal 0 0 -1
    outer loop
      vertex 6 18.5 0
      vertex 31.474 -12.7196 0
      vertex 31.4728 -12.7213 0
    endloop
  endfacet
  facet normal 0 0 -1
    outer loop
      vertex 31.474 -12.7196 0
      vertex 6 18.5 0
      vertex 31.474 12.7196 0
    endloop
  endfacet
  facet normal 0 0 -1
    outer loop
      vertex 6 18.5 0
      vertex 31.4728 -12.7213 0
      vertex 31.2749 -13.004 0
    endloop
  endfacet
  facet normal 0 0 -1
    outer loop
      vertex 31.474 12.7196 0
      vertex 6 18.5 0
      vertex 31.4728 12.7213 0
    endloop
  endfacet
  facet normal 0 0 -1
    outer loop
      vertex 6 18.5 0
      vertex 31.2749 -13.004 0
      vertex 31.129 -13.3168 0
    endloop
  endfacet
  facet normal 0 0 -1
    outer loop
      vertex 31.4728 12.7213 0
      vertex 6 18.5 0
      vertex 31.2749 13.004 0
    endloop
  endfacet
  facet normal 0 0 -1
    outer loop
      vertex 6 18.5 0
      vertex 31.129 -13.3168 0
      vertex 31.1281 -13.3187 0
    endloop
  endfacet
  facet normal 0 0 -1
    outer loop
      vertex 31.2749 13.004 0
      vertex 6 18.5 0
      vertex 31.129 13.3168 0
    endloop
  endfacet
  facet normal 0 0 -1
    outer loop
      vertex 6 18.5 0
      vertex 31.1281 -13.3187 0
      vertex 31.1276 -13.3207 0
    endloop
  endfacet
  facet normal 0 0 -1
    outer loop
      vertex 31.129 13.3168 0
      vertex 6 18.5 0
      vertex 31.1281 13.3187 0
    endloop
  endfacet
  facet normal 0 0 -1
    outer loop
      vertex 6 18.5 0
      vertex 31.1276 -13.3207 0
      vertex 31.0383 -13.6541 0
    endloop
  endfacet
  facet normal 0 0 -1
    outer loop
      vertex 31.1281 13.3187 0
      vertex 6 18.5 0
      vertex 31.1276 13.3207 0
    endloop
  endfacet
  facet normal 0 0 -1
    outer loop
      vertex 6 18.5 0
      vertex 31.0383 -13.6541 0
      vertex 31.0381 -13.6562 0
    endloop
  endfacet
  facet normal 0 0 -1
    outer loop
      vertex 31.1276 13.3207 0
      vertex 6 18.5 0
      vertex 31.0383 13.6541 0
    endloop
  endfacet
  facet normal 0 0 -1
    outer loop
      vertex 6 18.5 0
      vertex 31.0381 -13.6562 0
      vertex 31.008 -14 0
    endloop
  endfacet
  facet normal 0 0 -1
    outer loop
      vertex 31.0383 13.6541 0
      vertex 6 18.5 0
      vertex 31.0381 13.6562 0
    endloop
  endfacet
  facet normal 0 0 -1
    outer loop
      vertex 34.9617 -14.3459 0
      vertex 37.5 -14.5 0
      vertex 37.4392 -15.1946 0
    endloop
  endfacet
  facet normal 0 0 -1
    outer loop
      vertex 34.9619 -13.6562 0
      vertex 37.5 -14.5 0
      vertex 34.992 -14 0
    endloop
  endfacet
  facet normal 0 0 -1
    outer loop
      vertex 34.8719 -14.6813 0
      vertex 37.4392 -15.1946 0
      vertex 37.2588 -15.8681 0
    endloop
  endfacet
  facet normal 0 0 -1
    outer loop
      vertex 34.9617 -13.6541 0
      vertex 37.5 -14.5 0
      vertex 34.9619 -13.6562 0
    endloop
  endfacet
  facet normal 0 0 -1
    outer loop
      vertex 34.7251 -14.996 0
      vertex 37.2588 -15.8681 0
      vertex 36.9641 -16.5 0
    endloop
  endfacet
  facet normal 0 0 -1
    outer loop
      vertex 34.9619 14.3438 0
      vertex 37.5 14.5 0
      vertex 34.992 14 0
    endloop
  endfacet
  facet normal 0 0 -1
    outer loop
      vertex 34.5272 -15.2787 0
      vertex 36.9641 -16.5 0
      vertex 36.5642 -17.0711 0
    endloop
  endfacet
  facet normal 0 0 -1
    outer loop
      vertex 34.9617 14.3459 0
      vertex 37.5 14.5 0
      vertex 34.9619 14.3438 0
    endloop
  endfacet
  facet normal 0 0 -1
    outer loop
      vertex 34.526 -15.2804 0
      vertex 36.5642 -17.0711 0
      vertex 36.0712 -17.5642 0
    endloop
  endfacet
  facet normal -0 0 -1
    outer loop
      vertex 37.5 14.5 0
      vertex 34.9617 14.3459 0
      vertex 37.4392 15.1946 0
    endloop
  endfacet
  facet normal 0 0 -1
    outer loop
      vertex 34.2787 -15.5272 0
      vertex 36.0712 -17.5642 0
      vertex 35.5 -17.9641 0
    endloop
  endfacet
  facet normal 0 0 -1
    outer loop
      vertex 34.8724 14.6793 0
      vertex 37.4392 15.1946 0
      vertex 34.9617 14.3459 0
    endloop
  endfacet
  facet normal 0 0 -1
    outer loop
      vertex 34.8719 14.6813 0
      vertex 37.4392 15.1946 0
      vertex 34.8724 14.6793 0
    endloop
  endfacet
  facet normal 0 0 -1
    outer loop
      vertex 37.5 -14.5 0
      vertex 34.9619 -14.3438 0
      vertex 34.992 -14 0
    endloop
  endfacet
  facet normal 0 0 -1
    outer loop
      vertex 37.5 -14.5 0
      vertex 34.9617 -14.3459 0
      vertex 34.9619 -14.3438 0
    endloop
  endfacet
  facet normal 0 0 -1
    outer loop
      vertex 37.4392 -15.1946 0
      vertex 34.8724 -14.6793 0
      vertex 34.9617 -14.3459 0
    endloop
  endfacet
  facet normal 0 0 -1
    outer loop
      vertex 37.4392 -15.1946 0
      vertex 34.8719 -14.6813 0
      vertex 34.8724 -14.6793 0
    endloop
  endfacet
  facet normal 0 0 -1
    outer loop
      vertex 37.2588 -15.8681 0
      vertex 34.871 -14.6832 0
      vertex 34.8719 -14.6813 0
    endloop
  endfacet
  facet normal 0 0 -1
    outer loop
      vertex 33.996 -15.7251 0
      vertex 35.5 -17.9641 0
      vertex 34.8681 -18.2588 0
    endloop
  endfacet
  facet normal 0 0 -1
    outer loop
      vertex 37.2588 -15.8681 0
      vertex 34.7251 -14.996 0
      vertex 34.871 -14.6832 0
    endloop
  endfacet
  facet normal 0 0 -1
    outer loop
      vertex 36.9641 -16.5 0
      vertex 34.5272 -15.2787 0
      vertex 34.7251 -14.996 0
    endloop
  endfacet
  facet normal 0 0 -1
    outer loop
      vertex 36.5642 -17.0711 0
      vertex 34.526 -15.2804 0
      vertex 34.5272 -15.2787 0
    endloop
  endfacet
  facet normal 0 0 -1
    outer loop
      vertex 36.0712 -17.5642 0
      vertex 34.2804 -15.526 0
      vertex 34.526 -15.2804 0
    endloop
  endfacet
  facet normal 0 0 -1
    outer loop
      vertex 36.0712 -17.5642 0
      vertex 34.2787 -15.5272 0
      vertex 34.2804 -15.526 0
    endloop
  endfacet
  facet normal 0 0 -1
    outer loop
      vertex 33.6813 -15.8719 0
      vertex 34.8681 -18.2588 0
      vertex 34.1946 -18.4392 0
    endloop
  endfacet
  facet normal 0 0 -1
    outer loop
      vertex 35.5 -17.9641 0
      vertex 33.996 -15.7251 0
      vertex 34.2787 -15.5272 0
    endloop
  endfacet
  facet normal 0 0 -1
    outer loop
      vertex 34.8681 -18.2588 0
      vertex 33.6832 -15.871 0
      vertex 33.996 -15.7251 0
    endloop
  endfacet
  facet normal 0 0 -1
    outer loop
      vertex 34.8681 -18.2588 0
      vertex 33.6813 -15.8719 0
      vertex 33.6832 -15.871 0
    endloop
  endfacet
  facet normal 0 0 -1
    outer loop
      vertex 34.1946 -18.4392 0
      vertex 33.6793 -15.8724 0
      vertex 33.6813 -15.8719 0
    endloop
  endfacet
  facet normal 0 0 -1
    outer loop
      vertex 33.3459 -15.9617 0
      vertex 34.1946 -18.4392 0
      vertex 33.5 -18.5 0
    endloop
  endfacet
  facet normal 0 0 -1
    outer loop
      vertex 34.1946 -18.4392 0
      vertex 33.3459 -15.9617 0
      vertex 33.6793 -15.8724 0
    endloop
  endfacet
  facet normal 0 0 -1
    outer loop
      vertex 33.5 -18.5 0
      vertex 33.3438 -15.9619 0
      vertex 33.3459 -15.9617 0
    endloop
  endfacet
  facet normal 0 0 -1
    outer loop
      vertex 33.5 -18.5 0
      vertex 33 -15.992 0
      vertex 33.3438 -15.9619 0
    endloop
  endfacet
  facet normal 0 0 -1
    outer loop
      vertex 33.5 -18.5 0
      vertex 32.6562 -15.9619 0
      vertex 33 -15.992 0
    endloop
  endfacet
  facet normal 0 0 -1
    outer loop
      vertex 33.5 -18.5 0
      vertex 32.6541 -15.9617 0
      vertex 32.6562 -15.9619 0
    endloop
  endfacet
  facet normal 0 0 -1
    outer loop
      vertex 33.5 -18.5 0
      vertex 32.3207 -15.8724 0
      vertex 32.6541 -15.9617 0
    endloop
  endfacet
  facet normal 0 0 -1
    outer loop
      vertex 33.5 -18.5 0
      vertex 32.3187 -15.8719 0
      vertex 32.3207 -15.8724 0
    endloop
  endfacet
  facet normal 0 0 -1
    outer loop
      vertex 33.5 -18.5 0
      vertex 32.3168 -15.871 0
      vertex 32.3187 -15.8719 0
    endloop
  endfacet
  facet normal 0 0 -1
    outer loop
      vertex 33.5 -18.5 0
      vertex 32.004 -15.7251 0
      vertex 32.3168 -15.871 0
    endloop
  endfacet
  facet normal 0 0 -1
    outer loop
      vertex 33.5 -18.5 0
      vertex 31.7213 -15.5272 0
      vertex 32.004 -15.7251 0
    endloop
  endfacet
  facet normal 0 0 -1
    outer loop
      vertex 33.5 -18.5 0
      vertex 31.7196 -15.526 0
      vertex 31.7213 -15.5272 0
    endloop
  endfacet
  facet normal 0 0 -1
    outer loop
      vertex 33.5 -18.5 0
      vertex 31.474 -15.2804 0
      vertex 31.7196 -15.526 0
    endloop
  endfacet
  facet normal 0 0 -1
    outer loop
      vertex 33.5 -18.5 0
      vertex 31.4728 -15.2787 0
      vertex 31.474 -15.2804 0
    endloop
  endfacet
  facet normal 0 0 -1
    outer loop
      vertex 33.5 -18.5 0
      vertex 31.2749 -14.996 0
      vertex 31.4728 -15.2787 0
    endloop
  endfacet
  facet normal 0 0 -1
    outer loop
      vertex 31.2749 -14.996 0
      vertex 31.1281 -14.6813 0
      vertex 31.129 -14.6832 0
    endloop
  endfacet
  facet normal 0 0 -1
    outer loop
      vertex 31.0381 13.6562 0
      vertex 6 18.5 0
      vertex 31.008 14 0
    endloop
  endfacet
  facet normal 0 0 -1
    outer loop
      vertex -31.008 -14 0
      vertex 31.008 -14 0
      vertex 31.0381 -14.3438 0
    endloop
  endfacet
  facet normal 0 0 -1
    outer loop
      vertex -31.008 -14 0
      vertex 31.0381 -14.3438 0
      vertex 31.0383 -14.3459 0
    endloop
  endfacet
  facet normal 0 0 -1
    outer loop
      vertex -31.0383 -14.3459 0
      vertex 31.0383 -14.3459 0
      vertex 31.1276 -14.6793 0
    endloop
  endfacet
  facet normal 0 0 -1
    outer loop
      vertex -31.0383 -14.3459 0
      vertex 31.1276 -14.6793 0
      vertex 31.1281 -14.6813 0
    endloop
  endfacet
  facet normal 0 0 -1
    outer loop
      vertex -31.1281 -14.6813 0
      vertex 31.1281 -14.6813 0
      vertex 31.2749 -14.996 0
    endloop
  endfacet
  facet normal 0 0 -1
    outer loop
      vertex -31.2749 -14.996 0
      vertex 31.2749 -14.996 0
      vertex 33.5 -18.5 0
    endloop
  endfacet
  facet normal 0 0 -1
    outer loop
      vertex 1.69145 21.4844 0
      vertex 5.121 23.003 0
      vertex 6 18.5 0
    endloop
  endfacet
  facet normal 0 -0 -1
    outer loop
      vertex 1.8 22.1 0
      vertex 5.121 23.003 0
      vertex 1.77265 21.7874 0
    endloop
  endfacet
  facet normal 0 0 -1
    outer loop
      vertex 1.77265 22.4126 0
      vertex 5.121 23.003 0
      vertex 1.8 22.1 0
    endloop
  endfacet
  facet normal 0 0 -1
    outer loop
      vertex 1.69145 22.7156 0
      vertex 4.8864 23.8785 0
      vertex 1.77265 22.4126 0
    endloop
  endfacet
  facet normal 0 0 -1
    outer loop
      vertex 1.55885 23 0
      vertex 4.50333 24.7 0
      vertex 1.69145 22.7156 0
    endloop
  endfacet
  facet normal -0 0 -1
    outer loop
      vertex 4.8864 23.8785 0
      vertex 1.69145 22.7156 0
      vertex 4.50333 24.7 0
    endloop
  endfacet
  facet normal 0 0 -1
    outer loop
      vertex 31.008 -14 0
      vertex -31.008 -14 0
      vertex 6 18.5 0
    endloop
  endfacet
  facet normal -0 0 -1
    outer loop
      vertex 5.121 23.003 0
      vertex 1.77265 22.4126 0
      vertex 4.8864 23.8785 0
    endloop
  endfacet
  facet normal 0 0 -1
    outer loop
      vertex 5.121 23.003 0
      vertex 1.69145 21.4844 0
      vertex 1.77265 21.7874 0
    endloop
  endfacet
  facet normal 0 0 -1
    outer loop
      vertex 6 18.5 0
      vertex 1.55885 21.2 0
      vertex 1.69145 21.4844 0
    endloop
  endfacet
  facet normal 0 0 -1
    outer loop
      vertex 6 18.5 0
      vertex 1.37888 20.943 0
      vertex 1.55885 21.2 0
    endloop
  endfacet
  facet normal 0 0 -1
    outer loop
      vertex 6 18.5 0
      vertex 1.15702 20.7211 0
      vertex 1.37888 20.943 0
    endloop
  endfacet
  facet normal 0 0 -1
    outer loop
      vertex 6 18.5 0
      vertex 0.9 20.5412 0
      vertex 1.15702 20.7211 0
    endloop
  endfacet
  facet normal 0 0 -1
    outer loop
      vertex 6 18.5 0
      vertex 0.615636 20.4086 0
      vertex 0.9 20.5412 0
    endloop
  endfacet
  facet normal 0 0 -1
    outer loop
      vertex 6 18.5 0
      vertex 0.312566 20.3273 0
      vertex 0.615636 20.4086 0
    endloop
  endfacet
  facet normal 0 -0 -1
    outer loop
      vertex 0 20.3 0
      vertex 6 18.5 0
      vertex -6 18.5 0
    endloop
  endfacet
  facet normal 0 0 -1
    outer loop
      vertex 6 18.5 0
      vertex 0 20.3 0
      vertex 0.312566 20.3273 0
    endloop
  endfacet
  facet normal -0 0 -1
    outer loop
      vertex 0 20.3 0
      vertex -6 18.5 0
      vertex -0.312566 20.3273 0
    endloop
  endfacet
  facet normal -0 0 -1
    outer loop
      vertex -0.312566 20.3273 0
      vertex -6 18.5 0
      vertex -0.615636 20.4086 0
    endloop
  endfacet
  facet normal -0 0 -1
    outer loop
      vertex -0.615636 20.4086 0
      vertex -6 18.5 0
      vertex -0.9 20.5412 0
    endloop
  endfacet
  facet normal -0 0 -1
    outer loop
      vertex -0.9 20.5412 0
      vertex -6 18.5 0
      vertex -1.15702 20.7211 0
    endloop
  endfacet
  facet normal 0 0 -1
    outer loop
      vertex -5.121 23.003 0
      vertex -1.8 22.1 0
      vertex -1.77265 21.7874 0
    endloop
  endfacet
  facet normal 0 0 -1
    outer loop
      vertex -1.8 22.1 0
      vertex -3.34249 26.0834 0
      vertex -2.6 26.6033 0
    endloop
  endfacet
  facet normal 0 0 -1
    outer loop
      vertex -5.121 23.003 0
      vertex -1.77265 21.7874 0
      vertex -1.69145 21.4844 0
    endloop
  endfacet
  facet normal 0 0 -1
    outer loop
      vertex -1.8 22.1 0
      vertex -3.98343 25.4425 0
      vertex -3.34249 26.0834 0
    endloop
  endfacet
  facet normal 0 0 -1
    outer loop
      vertex -6 18.5 0
      vertex -1.69145 21.4844 0
      vertex -1.55885 21.2 0
    endloop
  endfacet
  facet normal 0 0 -1
    outer loop
      vertex -1.8 22.1 0
      vertex -4.50333 24.7 0
      vertex -3.98343 25.4425 0
    endloop
  endfacet
  facet normal 0 0 -1
    outer loop
      vertex -6 18.5 0
      vertex -1.55885 21.2 0
      vertex -1.37888 20.943 0
    endloop
  endfacet
  facet normal 0 0 -1
    outer loop
      vertex -1.8 22.1 0
      vertex -4.8864 23.8785 0
      vertex -4.50333 24.7 0
    endloop
  endfacet
  facet normal -0 0 -1
    outer loop
      vertex -1.15702 20.7211 0
      vertex -6 18.5 0
      vertex -1.37888 20.943 0
    endloop
  endfacet
  facet normal 0 0 -1
    outer loop
      vertex -1.8 22.1 0
      vertex -5.121 23.003 0
      vertex -4.8864 23.8785 0
    endloop
  endfacet
  facet normal -0 0 -1
    outer loop
      vertex -1.69145 21.4844 0
      vertex -6 18.5 0
      vertex -5.121 23.003 0
    endloop
  endfacet
  facet normal -0 0 -1
    outer loop
      vertex 6 18.5 0
      vertex -31.008 -14 0
      vertex -6 18.5 0
    endloop
  endfacet
  facet normal 0 0 -1
    outer loop
      vertex 31.0383 -14.3459 0
      vertex -31.0381 -14.3438 0
      vertex -31.008 -14 0
    endloop
  endfacet
  facet normal 0 0 -1
    outer loop
      vertex 31.0383 -14.3459 0
      vertex -31.0383 -14.3459 0
      vertex -31.0381 -14.3438 0
    endloop
  endfacet
  facet normal 0 0 -1
    outer loop
      vertex 31.1281 -14.6813 0
      vertex -31.1276 -14.6793 0
      vertex -31.0383 -14.3459 0
    endloop
  endfacet
  facet normal 0 0 -1
    outer loop
      vertex 31.1281 -14.6813 0
      vertex -31.1281 -14.6813 0
      vertex -31.1276 -14.6793 0
    endloop
  endfacet
  facet normal 0 0 -1
    outer loop
      vertex 31.2749 -14.996 0
      vertex -31.129 -14.6832 0
      vertex -31.1281 -14.6813 0
    endloop
  endfacet
  facet normal 0 0 -1
    outer loop
      vertex 31.2749 -14.996 0
      vertex -31.2749 -14.996 0
      vertex -31.129 -14.6832 0
    endloop
  endfacet
  facet normal 0 0 -1
    outer loop
      vertex 33.5 -18.5 0
      vertex -31.4728 -15.2787 0
      vertex -31.2749 -14.996 0
    endloop
  endfacet
  facet normal 0 0 -1
    outer loop
      vertex 33.5 -18.5 0
      vertex -31.474 -15.2804 0
      vertex -31.4728 -15.2787 0
    endloop
  endfacet
  facet normal 0 0 -1
    outer loop
      vertex -33.5 -18.5 0
      vertex -31.474 -15.2804 0
      vertex 33.5 -18.5 0
    endloop
  endfacet
  facet normal 0 0 -1
    outer loop
      vertex -31.474 -15.2804 0
      vertex -33.5 -18.5 0
      vertex -31.7196 -15.526 0
    endloop
  endfacet
  facet normal 0 0 -1
    outer loop
      vertex -31.7196 -15.526 0
      vertex -33.5 -18.5 0
      vertex -31.7213 -15.5272 0
    endloop
  endfacet
  facet normal 0 0 -1
    outer loop
      vertex -31.7213 -15.5272 0
      vertex -33.5 -18.5 0
      vertex -32.004 -15.7251 0
    endloop
  endfacet
  facet normal 0 0 -1
    outer loop
      vertex -32.004 -15.7251 0
      vertex -33.5 -18.5 0
      vertex -32.3168 -15.871 0
    endloop
  endfacet
  facet normal 0 0 -1
    outer loop
      vertex -32.3168 -15.871 0
      vertex -33.5 -18.5 0
      vertex -32.3187 -15.8719 0
    endloop
  endfacet
  facet normal 0 0 -1
    outer loop
      vertex -32.3187 -15.8719 0
      vertex -33.5 -18.5 0
      vertex -32.3207 -15.8724 0
    endloop
  endfacet
  facet normal 0 0 -1
    outer loop
      vertex -32.3207 -15.8724 0
      vertex -33.5 -18.5 0
      vertex -32.6541 -15.9617 0
    endloop
  endfacet
  facet normal 0 0 -1
    outer loop
      vertex -32.6541 -15.9617 0
      vertex -33.5 -18.5 0
      vertex -32.6562 -15.9619 0
    endloop
  endfacet
  facet normal 0 0 -1
    outer loop
      vertex -32.6562 -15.9619 0
      vertex -33.5 -18.5 0
      vertex -33 -15.992 0
    endloop
  endfacet
  facet normal 0 0 -1
    outer loop
      vertex -33.5 -18.5 0
      vertex -33.3438 -15.9619 0
      vertex -33 -15.992 0
    endloop
  endfacet
  facet normal 0 0 -1
    outer loop
      vertex -33.5 -18.5 0
      vertex -33.3459 -15.9617 0
      vertex -33.3438 -15.9619 0
    endloop
  endfacet
  facet normal 0 0 -1
    outer loop
      vertex -34.1946 -18.4392 0
      vertex -33.3459 -15.9617 0
      vertex -33.5 -18.5 0
    endloop
  endfacet
  facet normal -0 0 -1
    outer loop
      vertex -33.3459 -15.9617 0
      vertex -34.1946 -18.4392 0
      vertex -33.6793 -15.8724 0
    endloop
  endfacet
  facet normal -0 0 -1
    outer loop
      vertex -33.6793 -15.8724 0
      vertex -34.1946 -18.4392 0
      vertex -33.6813 -15.8719 0
    endloop
  endfacet
  facet normal 0 0 -1
    outer loop
      vertex -34.8681 -18.2588 0
      vertex -33.6813 -15.8719 0
      vertex -34.1946 -18.4392 0
    endloop
  endfacet
  facet normal -0 0 -1
    outer loop
      vertex -33.6813 -15.8719 0
      vertex -34.8681 -18.2588 0
      vertex -33.6832 -15.871 0
    endloop
  endfacet
  facet normal -0 0 -1
    outer loop
      vertex -33.6832 -15.871 0
      vertex -34.8681 -18.2588 0
      vertex -33.996 -15.7251 0
    endloop
  endfacet
  facet normal 0 0 -1
    outer loop
      vertex -35.5 -17.9641 0
      vertex -33.996 -15.7251 0
      vertex -34.8681 -18.2588 0
    endloop
  endfacet
  facet normal -0 0 -1
    outer loop
      vertex -33.996 -15.7251 0
      vertex -35.5 -17.9641 0
      vertex -34.2787 -15.5272 0
    endloop
  endfacet
  facet normal 0 0 -1
    outer loop
      vertex -36.0712 -17.5642 0
      vertex -34.2787 -15.5272 0
      vertex -35.5 -17.9641 0
    endloop
  endfacet
  facet normal -0 0 -1
    outer loop
      vertex -34.2787 -15.5272 0
      vertex -36.0712 -17.5642 0
      vertex -34.2804 -15.526 0
    endloop
  endfacet
  facet normal -0 0 -1
    outer loop
      vertex -34.2804 -15.526 0
      vertex -36.0712 -17.5642 0
      vertex -34.526 -15.2804 0
    endloop
  endfacet
  facet normal 0 0 -1
    outer loop
      vertex -36.5642 -17.0711 0
      vertex -34.526 -15.2804 0
      vertex -36.0712 -17.5642 0
    endloop
  endfacet
  facet normal -0 0 -1
    outer loop
      vertex -34.526 -15.2804 0
      vertex -36.5642 -17.0711 0
      vertex -34.5272 -15.2787 0
    endloop
  endfacet
  facet normal 0 0 -1
    outer loop
      vertex -36.9641 -16.5 0
      vertex -34.5272 -15.2787 0
      vertex -36.5642 -17.0711 0
    endloop
  endfacet
  facet normal -0 0 -1
    outer loop
      vertex -34.5272 -15.2787 0
      vertex -36.9641 -16.5 0
      vertex -34.7251 -14.996 0
    endloop
  endfacet
  facet normal 0 0 -1
    outer loop
      vertex -37.2588 -15.8681 0
      vertex -34.7251 -14.996 0
      vertex -36.9641 -16.5 0
    endloop
  endfacet
  facet normal -0 0 -1
    outer loop
      vertex -34.7251 -14.996 0
      vertex -37.2588 -15.8681 0
      vertex -34.871 -14.6832 0
    endloop
  endfacet
  facet normal 0 0 -1
    outer loop
      vertex -37.4392 -15.1946 0
      vertex -34.8719 -14.6813 0
      vertex -37.2588 -15.8681 0
    endloop
  endfacet
  facet normal -0 0 -1
    outer loop
      vertex -34.871 -14.6832 0
      vertex -37.2588 -15.8681 0
      vertex -34.8719 -14.6813 0
    endloop
  endfacet
  facet normal -0 0 -1
    outer loop
      vertex 37.4392 15.1946 0
      vertex 34.8719 14.6813 0
      vertex 37.2588 15.8681 0
    endloop
  endfacet
  facet normal 0 0 -1
    outer loop
      vertex 34.871 14.6832 0
      vertex 37.2588 15.8681 0
      vertex 34.8719 14.6813 0
    endloop
  endfacet
  facet normal 0 0 -1
    outer loop
      vertex 34.7251 14.996 0
      vertex 37.2588 15.8681 0
      vertex 34.871 14.6832 0
    endloop
  endfacet
  facet normal -0 0 -1
    outer loop
      vertex 37.2588 15.8681 0
      vertex 34.7251 14.996 0
      vertex 36.9641 16.5 0
    endloop
  endfacet
  facet normal 0 0 -1
    outer loop
      vertex 34.5272 15.2787 0
      vertex 36.9641 16.5 0
      vertex 34.7251 14.996 0
    endloop
  endfacet
  facet normal -0 0 -1
    outer loop
      vertex 36.9641 16.5 0
      vertex 34.5272 15.2787 0
      vertex 36.5642 17.0711 0
    endloop
  endfacet
  facet normal 0 0 -1
    outer loop
      vertex 34.526 15.2804 0
      vertex 36.5642 17.0711 0
      vertex 34.5272 15.2787 0
    endloop
  endfacet
  facet normal -0 0 -1
    outer loop
      vertex 36.5642 17.0711 0
      vertex 34.526 15.2804 0
      vertex 36.0712 17.5642 0
    endloop
  endfacet
  facet normal 0 0 -1
    outer loop
      vertex 34.2804 15.526 0
      vertex 36.0712 17.5642 0
      vertex 34.526 15.2804 0
    endloop
  endfacet
  facet normal 0 0 -1
    outer loop
      vertex 34.2787 15.5272 0
      vertex 36.0712 17.5642 0
      vertex 34.2804 15.526 0
    endloop
  endfacet
  facet normal -0 0 -1
    outer loop
      vertex 36.0712 17.5642 0
      vertex 34.2787 15.5272 0
      vertex 35.5 17.9641 0
    endloop
  endfacet
  facet normal 0 0 -1
    outer loop
      vertex 33.996 15.7251 0
      vertex 35.5 17.9641 0
      vertex 34.2787 15.5272 0
    endloop
  endfacet
  facet normal -0 0 -1
    outer loop
      vertex 35.5 17.9641 0
      vertex 33.996 15.7251 0
      vertex 34.8681 18.2588 0
    endloop
  endfacet
  facet normal 0 0 -1
    outer loop
      vertex 33.6832 15.871 0
      vertex 34.8681 18.2588 0
      vertex 33.996 15.7251 0
    endloop
  endfacet
  facet normal 0 0 -1
    outer loop
      vertex 33.6813 15.8719 0
      vertex 34.8681 18.2588 0
      vertex 33.6832 15.871 0
    endloop
  endfacet
  facet normal -0 0 -1
    outer loop
      vertex 34.8681 18.2588 0
      vertex 33.6813 15.8719 0
      vertex 34.1946 18.4392 0
    endloop
  endfacet
  facet normal 0 0 -1
    outer loop
      vertex 33.6793 15.8724 0
      vertex 34.1946 18.4392 0
      vertex 33.6813 15.8719 0
    endloop
  endfacet
  facet normal 0 0 -1
    outer loop
      vertex 33.3459 15.9617 0
      vertex 34.1946 18.4392 0
      vertex 33.6793 15.8724 0
    endloop
  endfacet
  facet normal -0 0 -1
    outer loop
      vertex 34.1946 18.4392 0
      vertex 33.3459 15.9617 0
      vertex 33.5 18.5 0
    endloop
  endfacet
  facet normal 0 0 -1
    outer loop
      vertex 33.3438 15.9619 0
      vertex 33.5 18.5 0
      vertex 33.3459 15.9617 0
    endloop
  endfacet
  facet normal 0 0 -1
    outer loop
      vertex 33 15.992 0
      vertex 33.5 18.5 0
      vertex 33.3438 15.9619 0
    endloop
  endfacet
  facet normal 0 0 -1
    outer loop
      vertex 32.6562 15.9619 0
      vertex 33.5 18.5 0
      vertex 33 15.992 0
    endloop
  endfacet
  facet normal 0 0 -1
    outer loop
      vertex 32.6541 15.9617 0
      vertex 33.5 18.5 0
      vertex 32.6562 15.9619 0
    endloop
  endfacet
  facet normal 0 0 -1
    outer loop
      vertex 32.3207 15.8724 0
      vertex 33.5 18.5 0
      vertex 32.6541 15.9617 0
    endloop
  endfacet
  facet normal 0 0 -1
    outer loop
      vertex 32.3187 15.8719 0
      vertex 33.5 18.5 0
      vertex 32.3207 15.8724 0
    endloop
  endfacet
  facet normal 0 0 -1
    outer loop
      vertex 32.3168 15.871 0
      vertex 33.5 18.5 0
      vertex 32.3187 15.8719 0
    endloop
  endfacet
  facet normal 0 0 -1
    outer loop
      vertex 32.004 15.7251 0
      vertex 33.5 18.5 0
      vertex 32.3168 15.871 0
    endloop
  endfacet
  facet normal 0 0 -1
    outer loop
      vertex 31.7213 15.5272 0
      vertex 33.5 18.5 0
      vertex 32.004 15.7251 0
    endloop
  endfacet
  facet normal 0 0 -1
    outer loop
      vertex 31.7196 15.526 0
      vertex 33.5 18.5 0
      vertex 31.7213 15.5272 0
    endloop
  endfacet
  facet normal 0 0 -1
    outer loop
      vertex 31.474 15.2804 0
      vertex 33.5 18.5 0
      vertex 31.7196 15.526 0
    endloop
  endfacet
  facet normal 0 0 -1
    outer loop
      vertex 6 18.5 0
      vertex 31.474 15.2804 0
      vertex 31.4728 15.2787 0
    endloop
  endfacet
  facet normal 0 0 -1
    outer loop
      vertex 6 18.5 0
      vertex 31.4728 15.2787 0
      vertex 31.2749 14.996 0
    endloop
  endfacet
  facet normal 0 0 -1
    outer loop
      vertex 6 18.5 0
      vertex 31.129 14.6832 0
      vertex 31.1281 14.6813 0
    endloop
  endfacet
  facet normal 0 0 -1
    outer loop
      vertex 31.474 15.2804 0
      vertex 6 18.5 0
      vertex 33.5 18.5 0
    endloop
  endfacet
  facet normal 0 0 -1
    outer loop
      vertex 31.129 14.6832 0
      vertex 6 18.5 0
      vertex 31.2749 14.996 0
    endloop
  endfacet
  facet normal 0 0 -1
    outer loop
      vertex 31.1276 14.6793 0
      vertex 6 18.5 0
      vertex 31.1281 14.6813 0
    endloop
  endfacet
  facet normal 0 0 -1
    outer loop
      vertex 31.0383 14.3459 0
      vertex 6 18.5 0
      vertex 31.1276 14.6793 0
    endloop
  endfacet
  facet normal 0 0 -1
    outer loop
      vertex 31.0381 14.3438 0
      vertex 6 18.5 0
      vertex 31.0383 14.3459 0
    endloop
  endfacet
  facet normal 0 0 -1
    outer loop
      vertex 6 18.5 0
      vertex 31.0381 14.3438 0
      vertex 31.008 14 0
    endloop
  endfacet
  facet normal -0 0 -1
    outer loop
      vertex 4.50333 24.7 0
      vertex 1.55885 23 0
      vertex 3.98343 25.4425 0
    endloop
  endfacet
  facet normal 0 0 -1
    outer loop
      vertex 1.37888 23.257 0
      vertex 3.98343 25.4425 0
      vertex 1.55885 23 0
    endloop
  endfacet
  facet normal -0 0 -1
    outer loop
      vertex 3.98343 25.4425 0
      vertex 1.37888 23.257 0
      vertex 3.34249 26.0834 0
    endloop
  endfacet
  facet normal 0 0 -1
    outer loop
      vertex 1.15702 23.4789 0
      vertex 3.34249 26.0834 0
      vertex 1.37888 23.257 0
    endloop
  endfacet
  facet normal -0 0 -1
    outer loop
      vertex 3.34249 26.0834 0
      vertex 1.15702 23.4789 0
      vertex 2.6 26.6033 0
    endloop
  endfacet
  facet normal 0 0 -1
    outer loop
      vertex 0.9 23.6588 0
      vertex 2.6 26.6033 0
      vertex 1.15702 23.4789 0
    endloop
  endfacet
  facet normal -0 0 -1
    outer loop
      vertex 2.6 26.6033 0
      vertex 0.9 23.6588 0
      vertex 1.7785 26.9864 0
    endloop
  endfacet
  facet normal 0 0 -1
    outer loop
      vertex 0.615636 23.7914 0
      vertex 1.7785 26.9864 0
      vertex 0.9 23.6588 0
    endloop
  endfacet
  facet normal -0 0 -1
    outer loop
      vertex 1.7785 26.9864 0
      vertex 0.615636 23.7914 0
      vertex 0.90297 27.221 0
    endloop
  endfacet
  facet normal 0 0 -1
    outer loop
      vertex 0.312566 23.8727 0
      vertex 0.90297 27.221 0
      vertex 0.615636 23.7914 0
    endloop
  endfacet
  facet normal 0 0 -1
    outer loop
      vertex 0 23.9 0
      vertex 0.90297 27.221 0
      vertex 0.312566 23.8727 0
    endloop
  endfacet
  facet normal 0 0 -1
    outer loop
      vertex 0 23.9 0
      vertex 0 27.3 0
      vertex 0.90297 27.221 0
    endloop
  endfacet
  facet normal 0 0 -1
    outer loop
      vertex -0.312566 23.8727 0
      vertex 0 27.3 0
      vertex 0 23.9 0
    endloop
  endfacet
  facet normal 0 0 -1
    outer loop
      vertex -0.90297 27.221 0
      vertex -0.312566 23.8727 0
      vertex -0.615636 23.7914 0
    endloop
  endfacet
  facet normal 0 0 -1
    outer loop
      vertex -1.7785 26.9864 0
      vertex -0.615636 23.7914 0
      vertex -0.9 23.6588 0
    endloop
  endfacet
  facet normal 0 0 -1
    outer loop
      vertex -0.312566 23.8727 0
      vertex -0.90297 27.221 0
      vertex 0 27.3 0
    endloop
  endfacet
  facet normal 0 0 -1
    outer loop
      vertex -2.6 26.6033 0
      vertex -0.9 23.6588 0
      vertex -1.15702 23.4789 0
    endloop
  endfacet
  facet normal 0 0 -1
    outer loop
      vertex -2.6 26.6033 0
      vertex -1.15702 23.4789 0
      vertex -1.37888 23.257 0
    endloop
  endfacet
  facet normal 0 0 -1
    outer loop
      vertex -2.6 26.6033 0
      vertex -1.37888 23.257 0
      vertex -1.55885 23 0
    endloop
  endfacet
  facet normal 0 0 -1
    outer loop
      vertex -2.6 26.6033 0
      vertex -1.55885 23 0
      vertex -1.69145 22.7156 0
    endloop
  endfacet
  facet normal 0 0 -1
    outer loop
      vertex -2.6 26.6033 0
      vertex -1.69145 22.7156 0
      vertex -1.77265 22.4126 0
    endloop
  endfacet
  facet normal 0 0 -1
    outer loop
      vertex -0.615636 23.7914 0
      vertex -1.7785 26.9864 0
      vertex -0.90297 27.221 0
    endloop
  endfacet
  facet normal 0 0 -1
    outer loop
      vertex -2.6 26.6033 0
      vertex -1.77265 22.4126 0
      vertex -1.8 22.1 0
    endloop
  endfacet
  facet normal 0 0 -1
    outer loop
      vertex -0.9 23.6588 0
      vertex -2.6 26.6033 0
      vertex -1.7785 26.9864 0
    endloop
  endfacet
  facet normal 0 0 -1
    outer loop
      vertex -31.0381 -13.6562 0
      vertex -6 18.5 0
      vertex -31.008 -14 0
    endloop
  endfacet
  facet normal 0 0 -1
    outer loop
      vertex -31.0381 14.3438 0
      vertex -6 18.5 0
      vertex -31.008 14 0
    endloop
  endfacet
  facet normal 0 0 -1
    outer loop
      vertex -31.0383 14.3459 0
      vertex -6 18.5 0
      vertex -31.0381 14.3438 0
    endloop
  endfacet
  facet normal 0 0 -1
    outer loop
      vertex -31.1276 14.6793 0
      vertex -6 18.5 0
      vertex -31.0383 14.3459 0
    endloop
  endfacet
  facet normal 0 0 -1
    outer loop
      vertex -31.1281 14.6813 0
      vertex -6 18.5 0
      vertex -31.1276 14.6793 0
    endloop
  endfacet
  facet normal 0 0 -1
    outer loop
      vertex -31.129 14.6832 0
      vertex -6 18.5 0
      vertex -31.1281 14.6813 0
    endloop
  endfacet
  facet normal 0 0 -1
    outer loop
      vertex -31.2749 14.996 0
      vertex -6 18.5 0
      vertex -31.129 14.6832 0
    endloop
  endfacet
  facet normal 0 0 -1
    outer loop
      vertex -31.4728 15.2787 0
      vertex -6 18.5 0
      vertex -31.2749 14.996 0
    endloop
  endfacet
  facet normal 0 0 -1
    outer loop
      vertex -31.474 15.2804 0
      vertex -6 18.5 0
      vertex -31.4728 15.2787 0
    endloop
  endfacet
  facet normal 0 0 -1
    outer loop
      vertex -33.5 18.5 0
      vertex -31.474 15.2804 0
      vertex -31.7196 15.526 0
    endloop
  endfacet
  facet normal 0 0 -1
    outer loop
      vertex -33.5 18.5 0
      vertex -31.7196 15.526 0
      vertex -31.7213 15.5272 0
    endloop
  endfacet
  facet normal 0 0 -1
    outer loop
      vertex -33.5 18.5 0
      vertex -31.7213 15.5272 0
      vertex -32.004 15.7251 0
    endloop
  endfacet
  facet normal 0 0 -1
    outer loop
      vertex -33.5 18.5 0
      vertex -32.004 15.7251 0
      vertex -32.3168 15.871 0
    endloop
  endfacet
  facet normal 0 0 -1
    outer loop
      vertex -33.5 18.5 0
      vertex -32.3168 15.871 0
      vertex -32.3187 15.8719 0
    endloop
  endfacet
  facet normal 0 0 -1
    outer loop
      vertex -33.5 18.5 0
      vertex -32.3187 15.8719 0
      vertex -32.3207 15.8724 0
    endloop
  endfacet
  facet normal 0 0 -1
    outer loop
      vertex -33.5 18.5 0
      vertex -32.3207 15.8724 0
      vertex -32.6541 15.9617 0
    endloop
  endfacet
  facet normal 0 0 -1
    outer loop
      vertex -33.5 18.5 0
      vertex -32.6541 15.9617 0
      vertex -32.6562 15.9619 0
    endloop
  endfacet
  facet normal 0 0 -1
    outer loop
      vertex -33.5 18.5 0
      vertex -32.6562 15.9619 0
      vertex -33 15.992 0
    endloop
  endfacet
  facet normal 0 0 -1
    outer loop
      vertex -33.5 18.5 0
      vertex -33 15.992 0
      vertex -33.3438 15.9619 0
    endloop
  endfacet
  facet normal 0 0 -1
    outer loop
      vertex -33.5 18.5 0
      vertex -33.3438 15.9619 0
      vertex -33.3459 15.9617 0
    endloop
  endfacet
  facet normal 0 0 -1
    outer loop
      vertex -31.474 15.2804 0
      vertex -33.5 18.5 0
      vertex -6 18.5 0
    endloop
  endfacet
  facet normal 0 0 -1
    outer loop
      vertex -34.1946 18.4392 0
      vertex -33.3459 15.9617 0
      vertex -33.6793 15.8724 0
    endloop
  endfacet
  facet normal 0 0 -1
    outer loop
      vertex -34.1946 18.4392 0
      vertex -33.6793 15.8724 0
      vertex -33.6813 15.8719 0
    endloop
  endfacet
  facet normal 0 0 -1
    outer loop
      vertex -34.8681 18.2588 0
      vertex -33.6813 15.8719 0
      vertex -33.6832 15.871 0
    endloop
  endfacet
  facet normal 0 0 -1
    outer loop
      vertex -34.8681 18.2588 0
      vertex -33.6832 15.871 0
      vertex -33.996 15.7251 0
    endloop
  endfacet
  facet normal 0 0 -1
    outer loop
      vertex -33.3459 15.9617 0
      vertex -34.1946 18.4392 0
      vertex -33.5 18.5 0
    endloop
  endfacet
  facet normal 0 0 -1
    outer loop
      vertex -35.5 17.9641 0
      vertex -33.996 15.7251 0
      vertex -34.2787 15.5272 0
    endloop
  endfacet
  facet normal 0 0 -1
    outer loop
      vertex -36.0712 17.5642 0
      vertex -34.2787 15.5272 0
      vertex -34.2804 15.526 0
    endloop
  endfacet
  facet normal 0 0 -1
    outer loop
      vertex -36.0712 17.5642 0
      vertex -34.2804 15.526 0
      vertex -34.526 15.2804 0
    endloop
  endfacet
  facet normal 0 0 -1
    outer loop
      vertex -36.5642 17.0711 0
      vertex -34.526 15.2804 0
      vertex -34.5272 15.2787 0
    endloop
  endfacet
  facet normal 0 0 -1
    outer loop
      vertex -36.9641 16.5 0
      vertex -34.5272 15.2787 0
      vertex -34.7251 14.996 0
    endloop
  endfacet
  facet normal 0 0 -1
    outer loop
      vertex -33.6813 15.8719 0
      vertex -34.8681 18.2588 0
      vertex -34.1946 18.4392 0
    endloop
  endfacet
  facet normal 0 0 -1
    outer loop
      vertex -37.2588 15.8681 0
      vertex -34.7251 14.996 0
      vertex -34.871 14.6832 0
    endloop
  endfacet
  facet normal 0 0 -1
    outer loop
      vertex -37.2588 15.8681 0
      vertex -34.871 14.6832 0
      vertex -34.8719 14.6813 0
    endloop
  endfacet
  facet normal 0 0 -1
    outer loop
      vertex -37.4392 15.1946 0
      vertex -34.8719 14.6813 0
      vertex -34.8724 14.6793 0
    endloop
  endfacet
  facet normal 0 0 -1
    outer loop
      vertex -37.4392 15.1946 0
      vertex -34.8724 14.6793 0
      vertex -34.9617 14.3459 0
    endloop
  endfacet
  facet normal 0 0 -1
    outer loop
      vertex -37.5 14.5 0
      vertex -34.9617 14.3459 0
      vertex -34.9619 14.3438 0
    endloop
  endfacet
  facet normal 0 0 -1
    outer loop
      vertex -37.5 14.5 0
      vertex -34.9619 14.3438 0
      vertex -34.992 14 0
    endloop
  endfacet
  facet normal 0 0 -1
    outer loop
      vertex -33.996 15.7251 0
      vertex -35.5 17.9641 0
      vertex -34.8681 18.2588 0
    endloop
  endfacet
  facet normal 0 0 -1
    outer loop
      vertex -34.9617 13.6541 0
      vertex -37.5 14.5 0
      vertex -34.9619 13.6562 0
    endloop
  endfacet
  facet normal -0 0 -1
    outer loop
      vertex -34.8719 -14.6813 0
      vertex -37.4392 -15.1946 0
      vertex -34.8724 -14.6793 0
    endloop
  endfacet
  facet normal 0 0 -1
    outer loop
      vertex -34.9619 13.6562 0
      vertex -37.5 14.5 0
      vertex -34.992 14 0
    endloop
  endfacet
  facet normal -0 0 -1
    outer loop
      vertex -34.8724 -14.6793 0
      vertex -37.4392 -15.1946 0
      vertex -34.9617 -14.3459 0
    endloop
  endfacet
  facet normal 0 0 -1
    outer loop
      vertex -34.9617 14.3459 0
      vertex -37.5 14.5 0
      vertex -37.4392 15.1946 0
    endloop
  endfacet
  facet normal 0 0 -1
    outer loop
      vertex -37.5 -14.5 0
      vertex -34.9617 -14.3459 0
      vertex -37.4392 -15.1946 0
    endloop
  endfacet
  facet normal 0 0 -1
    outer loop
      vertex -34.2787 15.5272 0
      vertex -36.0712 17.5642 0
      vertex -35.5 17.9641 0
    endloop
  endfacet
  facet normal -0 0 -1
    outer loop
      vertex -34.9617 -14.3459 0
      vertex -37.5 -14.5 0
      vertex -34.9619 -14.3438 0
    endloop
  endfacet
  facet normal 0 0 -1
    outer loop
      vertex -34.526 15.2804 0
      vertex -36.5642 17.0711 0
      vertex -36.0712 17.5642 0
    endloop
  endfacet
  facet normal -0 0 -1
    outer loop
      vertex -34.9619 -14.3438 0
      vertex -37.5 -14.5 0
      vertex -34.992 -14 0
    endloop
  endfacet
  facet normal 0 0 -1
    outer loop
      vertex -34.5272 15.2787 0
      vertex -36.9641 16.5 0
      vertex -36.5642 17.0711 0
    endloop
  endfacet
  facet normal 0 0 -1
    outer loop
      vertex -34.7251 14.996 0
      vertex -37.2588 15.8681 0
      vertex -36.9641 16.5 0
    endloop
  endfacet
  facet normal 0 0 -1
    outer loop
      vertex -34.8719 14.6813 0
      vertex -37.4392 15.1946 0
      vertex -37.2588 15.8681 0
    endloop
  endfacet
  facet normal 0.819144 -0.573587 0
    outer loop
      vertex 36.5642 -17.0711 13.45
      vertex 36.9641 -16.5 0
      vertex 36.9641 -16.5 13.45
    endloop
  endfacet
  facet normal 0.819144 -0.573587 0
    outer loop
      vertex 36.9641 -16.5 0
      vertex 36.5642 -17.0711 13.45
      vertex 36.5642 -17.0711 0
    endloop
  endfacet
  facet normal 0 0 1
    outer loop
      vertex 36.9641 16.5 13.45
      vertex 35.4878 15.8389 13.45
      vertex 35.5 15.7 13.45
    endloop
  endfacet
  facet normal 0 0 1
    outer loop
      vertex 36.0712 17.5642 13.45
      vertex 35.4518 15.9736 13.45
      vertex 35.4878 15.8389 13.45
    endloop
  endfacet
  facet normal 0 0 1
    outer loop
      vertex 36.0712 17.5642 13.45
      vertex 35.3928 16.1 13.45
      vertex 35.4518 15.9736 13.45
    endloop
  endfacet
  facet normal 0 0 1
    outer loop
      vertex 36.0712 17.5642 13.45
      vertex 35.3128 16.2142 13.45
      vertex 35.3928 16.1 13.45
    endloop
  endfacet
  facet normal 0 0 1
    outer loop
      vertex 36.0712 17.5642 13.45
      vertex 35.2142 16.3128 13.45
      vertex 35.3128 16.2142 13.45
    endloop
  endfacet
  facet normal 0 0 1
    outer loop
      vertex 36.0712 17.5642 13.45
      vertex 35.1 16.3928 13.45
      vertex 35.2142 16.3128 13.45
    endloop
  endfacet
  facet normal 0 0 1
    outer loop
      vertex 36.0712 17.5642 13.45
      vertex 34.9736 16.4518 13.45
      vertex 35.1 16.3928 13.45
    endloop
  endfacet
  facet normal 0 0 1
    outer loop
      vertex 34.8389 16.4878 13.45
      vertex 35.5 17.9641 13.45
      vertex 34.8681 18.2588 13.45
    endloop
  endfacet
  facet normal 0 0 1
    outer loop
      vertex 35.5 17.9641 13.45
      vertex 34.8389 16.4878 13.45
      vertex 34.9736 16.4518 13.45
    endloop
  endfacet
  facet normal 0 0 1
    outer loop
      vertex 34.8681 18.2588 13.45
      vertex 34.7 16.5 13.45
      vertex 34.8389 16.4878 13.45
    endloop
  endfacet
  facet normal 0 0 1
    outer loop
      vertex 34.1946 18.4392 13.45
      vertex 34.7 16.5 13.45
      vertex 34.8681 18.2588 13.45
    endloop
  endfacet
  facet normal 0 0 1
    outer loop
      vertex 33.5 18.5 13.45
      vertex 34.7 16.5 13.45
      vertex 34.1946 18.4392 13.45
    endloop
  endfacet
  facet normal -0 0 1
    outer loop
      vertex -33.5 18.5 13.45
      vertex 34.7 16.5 13.45
      vertex 33.5 18.5 13.45
    endloop
  endfacet
  facet normal 0 0 1
    outer loop
      vertex -34.7 16.5 13.45
      vertex -33.5 18.5 13.45
      vertex -34.1946 18.4392 13.45
    endloop
  endfacet
  facet normal 0 0 1
    outer loop
      vertex -33.5 18.5 13.45
      vertex -34.7 16.5 13.45
      vertex 34.7 16.5 13.45
    endloop
  endfacet
  facet normal -0 0 1
    outer loop
      vertex -34.8681 18.2588 13.45
      vertex -34.7 16.5 13.45
      vertex -34.1946 18.4392 13.45
    endloop
  endfacet
  facet normal 0 0 1
    outer loop
      vertex -34.7 16.5 13.45
      vertex -34.8681 18.2588 13.45
      vertex -34.8389 16.4878 13.45
    endloop
  endfacet
  facet normal -0 0 1
    outer loop
      vertex -35.5 17.9641 13.45
      vertex -34.8389 16.4878 13.45
      vertex -34.8681 18.2588 13.45
    endloop
  endfacet
  facet normal 0 0 1
    outer loop
      vertex -34.8389 16.4878 13.45
      vertex -35.5 17.9641 13.45
      vertex -34.9736 16.4518 13.45
    endloop
  endfacet
  facet normal -0 0 1
    outer loop
      vertex -36.0712 17.5642 13.45
      vertex -34.9736 16.4518 13.45
      vertex -35.5 17.9641 13.45
    endloop
  endfacet
  facet normal 0 0 1
    outer loop
      vertex -34.9736 16.4518 13.45
      vertex -36.0712 17.5642 13.45
      vertex -35.1 16.3928 13.45
    endloop
  endfacet
  facet normal 0 0 1
    outer loop
      vertex -35.1 16.3928 13.45
      vertex -36.0712 17.5642 13.45
      vertex -35.2142 16.3128 13.45
    endloop
  endfacet
  facet normal 0 0 1
    outer loop
      vertex -35.2142 16.3128 13.45
      vertex -36.0712 17.5642 13.45
      vertex -35.3128 16.2142 13.45
    endloop
  endfacet
  facet normal -0 0 1
    outer loop
      vertex -36.5642 17.0711 13.45
      vertex -35.3128 16.2142 13.45
      vertex -36.0712 17.5642 13.45
    endloop
  endfacet
  facet normal 0 0 1
    outer loop
      vertex -35.3128 16.2142 13.45
      vertex -36.5642 17.0711 13.45
      vertex -35.3928 16.1 13.45
    endloop
  endfacet
  facet normal 0 0 1
    outer loop
      vertex -35.3928 16.1 13.45
      vertex -36.5642 17.0711 13.45
      vertex -35.4518 15.9736 13.45
    endloop
  endfacet
  facet normal -0 0 1
    outer loop
      vertex -36.9641 16.5 13.45
      vertex -35.4518 15.9736 13.45
      vertex -36.5642 17.0711 13.45
    endloop
  endfacet
  facet normal 0 0 1
    outer loop
      vertex -35.5 15.7 13.45
      vertex -37.5 14.5 13.45
      vertex -35.5 -15.7 13.45
    endloop
  endfacet
  facet normal 0 0 1
    outer loop
      vertex -35.4518 15.9736 13.45
      vertex -36.9641 16.5 13.45
      vertex -35.4878 15.8389 13.45
    endloop
  endfacet
  facet normal -0 0 1
    outer loop
      vertex -37.5 -14.5 13.45
      vertex -35.5 -15.7 13.45
      vertex -37.5 14.5 13.45
    endloop
  endfacet
  facet normal 0 0 1
    outer loop
      vertex -35.4878 15.8389 13.45
      vertex -36.9641 16.5 13.45
      vertex -35.5 15.7 13.45
    endloop
  endfacet
  facet normal -0 -0 1
    outer loop
      vertex -37.4392 -15.1946 13.45
      vertex -35.5 -15.7 13.45
      vertex -37.5 -14.5 13.45
    endloop
  endfacet
  facet normal -0 0 1
    outer loop
      vertex -37.2588 15.8681 13.45
      vertex -35.5 15.7 13.45
      vertex -36.9641 16.5 13.45
    endloop
  endfacet
  facet normal 0 0 1
    outer loop
      vertex -35.5 -15.7 13.45
      vertex -36.0712 -17.5642 13.45
      vertex -35.5 -17.9641 13.45
    endloop
  endfacet
  facet normal 0 0 1
    outer loop
      vertex -37.4392 15.1946 13.45
      vertex -35.5 15.7 13.45
      vertex -37.2588 15.8681 13.45
    endloop
  endfacet
  facet normal 0 0 1
    outer loop
      vertex -35.5 -15.7 13.45
      vertex -36.5642 -17.0711 13.45
      vertex -36.0712 -17.5642 13.45
    endloop
  endfacet
  facet normal 0 0 1
    outer loop
      vertex -35.5 15.7 13.45
      vertex -37.4392 15.1946 13.45
      vertex -37.5 14.5 13.45
    endloop
  endfacet
  facet normal 0 0 1
    outer loop
      vertex -35.5 -15.7 13.45
      vertex -36.9641 -16.5 13.45
      vertex -36.5642 -17.0711 13.45
    endloop
  endfacet
  facet normal 0 0 1
    outer loop
      vertex -35.5 -15.7 13.45
      vertex -37.2588 -15.8681 13.45
      vertex -36.9641 -16.5 13.45
    endloop
  endfacet
  facet normal 0 0 1
    outer loop
      vertex -35.5 -15.7 13.45
      vertex -37.4392 -15.1946 13.45
      vertex -37.2588 -15.8681 13.45
    endloop
  endfacet
  facet normal 0 0 1
    outer loop
      vertex 35.5 15.7 13.45
      vertex 37.5 14.5 13.45
      vertex 37.4392 15.1946 13.45
    endloop
  endfacet
  facet normal 0 0 1
    outer loop
      vertex 37.5 14.5 13.45
      vertex 35.5 15.7 13.45
      vertex 37.5 -14.5 13.45
    endloop
  endfacet
  facet normal -0 0 1
    outer loop
      vertex 35.5 15.7 13.45
      vertex 37.4392 15.1946 13.45
      vertex 37.2588 15.8681 13.45
    endloop
  endfacet
  facet normal 0 0 1
    outer loop
      vertex 35.5 -15.7 13.45
      vertex 37.5 -14.5 13.45
      vertex 35.5 15.7 13.45
    endloop
  endfacet
  facet normal 0 0 1
    outer loop
      vertex 35.5 15.7 13.45
      vertex 37.2588 15.8681 13.45
      vertex 36.9641 16.5 13.45
    endloop
  endfacet
  facet normal 0 0 1
    outer loop
      vertex 37.5 -14.5 13.45
      vertex 35.5 -15.7 13.45
      vertex 37.4392 -15.1946 13.45
    endloop
  endfacet
  facet normal 0 0 1
    outer loop
      vertex 35.4878 15.8389 13.45
      vertex 36.9641 16.5 13.45
      vertex 36.5642 17.0711 13.45
    endloop
  endfacet
  facet normal 0 0 1
    outer loop
      vertex 37.4392 -15.1946 13.45
      vertex 35.5 -15.7 13.45
      vertex 37.2588 -15.8681 13.45
    endloop
  endfacet
  facet normal 0 0 1
    outer loop
      vertex 35.4878 15.8389 13.45
      vertex 36.5642 17.0711 13.45
      vertex 36.0712 17.5642 13.45
    endloop
  endfacet
  facet normal 0 0 1
    outer loop
      vertex 37.2588 -15.8681 13.45
      vertex 35.5 -15.7 13.45
      vertex 36.9641 -16.5 13.45
    endloop
  endfacet
  facet normal 0 0 1
    outer loop
      vertex 34.9736 16.4518 13.45
      vertex 36.0712 17.5642 13.45
      vertex 35.5 17.9641 13.45
    endloop
  endfacet
  facet normal -0 0 1
    outer loop
      vertex 35.4878 -15.8389 13.45
      vertex 36.9641 -16.5 13.45
      vertex 35.5 -15.7 13.45
    endloop
  endfacet
  facet normal -0 0 1
    outer loop
      vertex 35.4518 -15.9736 13.45
      vertex 36.9641 -16.5 13.45
      vertex 35.4878 -15.8389 13.45
    endloop
  endfacet
  facet normal 0 0 1
    outer loop
      vertex 36.9641 -16.5 13.45
      vertex 35.4518 -15.9736 13.45
      vertex 36.5642 -17.0711 13.45
    endloop
  endfacet
  facet normal -0 0 1
    outer loop
      vertex 35.3928 -16.1 13.45
      vertex 36.5642 -17.0711 13.45
      vertex 35.4518 -15.9736 13.45
    endloop
  endfacet
  facet normal -0 0 1
    outer loop
      vertex 35.3128 -16.2142 13.45
      vertex 36.5642 -17.0711 13.45
      vertex 35.3928 -16.1 13.45
    endloop
  endfacet
  facet normal 0 0 1
    outer loop
      vertex 36.5642 -17.0711 13.45
      vertex 35.3128 -16.2142 13.45
      vertex 36.0712 -17.5642 13.45
    endloop
  endfacet
  facet normal -0 0 1
    outer loop
      vertex 35.2142 -16.3128 13.45
      vertex 36.0712 -17.5642 13.45
      vertex 35.3128 -16.2142 13.45
    endloop
  endfacet
  facet normal -0 0 1
    outer loop
      vertex 35.1 -16.3928 13.45
      vertex 36.0712 -17.5642 13.45
      vertex 35.2142 -16.3128 13.45
    endloop
  endfacet
  facet normal -0 0 1
    outer loop
      vertex 34.9736 -16.4518 13.45
      vertex 36.0712 -17.5642 13.45
      vertex 35.1 -16.3928 13.45
    endloop
  endfacet
  facet normal 0 0 1
    outer loop
      vertex 36.0712 -17.5642 13.45
      vertex 34.9736 -16.4518 13.45
      vertex 35.5 -17.9641 13.45
    endloop
  endfacet
  facet normal -0 0 1
    outer loop
      vertex 34.8389 -16.4878 13.45
      vertex 35.5 -17.9641 13.45
      vertex 34.9736 -16.4518 13.45
    endloop
  endfacet
  facet normal 0 0 1
    outer loop
      vertex 35.5 -17.9641 13.45
      vertex 34.8389 -16.4878 13.45
      vertex 34.8681 -18.2588 13.45
    endloop
  endfacet
  facet normal -0 0 1
    outer loop
      vertex 34.7 -16.5 13.45
      vertex 34.8681 -18.2588 13.45
      vertex 34.8389 -16.4878 13.45
    endloop
  endfacet
  facet normal 0 0 1
    outer loop
      vertex 34.7 -16.5 13.45
      vertex 34.1946 -18.4392 13.45
      vertex 34.8681 -18.2588 13.45
    endloop
  endfacet
  facet normal 0 0 1
    outer loop
      vertex 34.7 -16.5 13.45
      vertex 33.5 -18.5 13.45
      vertex 34.1946 -18.4392 13.45
    endloop
  endfacet
  facet normal 0 0 1
    outer loop
      vertex 34.7 -16.5 13.45
      vertex -33.5 -18.5 13.45
      vertex 33.5 -18.5 13.45
    endloop
  endfacet
  facet normal -0 0 1
    outer loop
      vertex -34.7 -16.5 13.45
      vertex -33.5 -18.5 13.45
      vertex 34.7 -16.5 13.45
    endloop
  endfacet
  facet normal 0 0 1
    outer loop
      vertex -33.5 -18.5 13.45
      vertex -34.7 -16.5 13.45
      vertex -34.1946 -18.4392 13.45
    endloop
  endfacet
  facet normal 0 0 1
    outer loop
      vertex -34.8681 -18.2588 13.45
      vertex -34.7 -16.5 13.45
      vertex -34.8389 -16.4878 13.45
    endloop
  endfacet
  facet normal 0 0 1
    outer loop
      vertex -34.7 -16.5 13.45
      vertex -34.8681 -18.2588 13.45
      vertex -34.1946 -18.4392 13.45
    endloop
  endfacet
  facet normal 0 0 1
    outer loop
      vertex -35.5 -17.9641 13.45
      vertex -34.8389 -16.4878 13.45
      vertex -34.9736 -16.4518 13.45
    endloop
  endfacet
  facet normal 0 0 1
    outer loop
      vertex -35.5 -17.9641 13.45
      vertex -34.9736 -16.4518 13.45
      vertex -35.1 -16.3928 13.45
    endloop
  endfacet
  facet normal 0 0 1
    outer loop
      vertex -35.5 -17.9641 13.45
      vertex -35.1 -16.3928 13.45
      vertex -35.2142 -16.3128 13.45
    endloop
  endfacet
  facet normal 0 0 1
    outer loop
      vertex -35.5 -17.9641 13.45
      vertex -35.2142 -16.3128 13.45
      vertex -35.3128 -16.2142 13.45
    endloop
  endfacet
  facet normal 0 0 1
    outer loop
      vertex -35.5 -17.9641 13.45
      vertex -35.3128 -16.2142 13.45
      vertex -35.3928 -16.1 13.45
    endloop
  endfacet
  facet normal 0 0 1
    outer loop
      vertex -35.5 -17.9641 13.45
      vertex -35.3928 -16.1 13.45
      vertex -35.4518 -15.9736 13.45
    endloop
  endfacet
  facet normal 0 0 1
    outer loop
      vertex -35.5 -17.9641 13.45
      vertex -35.4518 -15.9736 13.45
      vertex -35.4878 -15.8389 13.45
    endloop
  endfacet
  facet normal 0 0 1
    outer loop
      vertex -34.8389 -16.4878 13.45
      vertex -35.5 -17.9641 13.45
      vertex -34.8681 -18.2588 13.45
    endloop
  endfacet
  facet normal 0 0 1
    outer loop
      vertex -35.5 -17.9641 13.45
      vertex -35.4878 -15.8389 13.45
      vertex -35.5 -15.7 13.45
    endloop
  endfacet
  facet normal 0.906309 0.422617 0
    outer loop
      vertex 4.8864 23.8785 3
      vertex 4.50333 24.7 0
      vertex 4.50333 24.7 3
    endloop
  endfacet
  facet normal 0.906309 0.422617 0
    outer loop
      vertex 4.50333 24.7 0
      vertex 4.8864 23.8785 3
      vertex 4.8864 23.8785 0
    endloop
  endfacet
  facet normal -0.965923 0.25883 0
    outer loop
      vertex -5.121 23.003 0
      vertex -4.8864 23.8785 3
      vertex -4.8864 23.8785 0
    endloop
  endfacet
  facet normal -0.965923 0.25883 0
    outer loop
      vertex -4.8864 23.8785 3
      vertex -5.121 23.003 0
      vertex -5.121 23.003 3
    endloop
  endfacet
  facet normal 0.965923 0.25883 0
    outer loop
      vertex 5.121 23.003 3
      vertex 4.8864 23.8785 0
      vertex 4.8864 23.8785 3
    endloop
  endfacet
  facet normal 0.965923 0.25883 0
    outer loop
      vertex 4.8864 23.8785 0
      vertex 5.121 23.003 3
      vertex 5.121 23.003 0
    endloop
  endfacet
  facet normal 0.981476 0.191587 0
    outer loop
      vertex 6 18.5 3
      vertex 5.121 23.003 0
      vertex 5.121 23.003 3
    endloop
  endfacet
  facet normal 0.981476 0.191587 0
    outer loop
      vertex 5.121 23.003 0
      vertex 6 18.5 3
      vertex 6 18.5 0
    endloop
  endfacet
  facet normal 0.422644 0.906296 -0
    outer loop
      vertex 2.6 26.6033 0
      vertex 1.7785 26.9864 3
      vertex 2.6 26.6033 3
    endloop
  endfacet
  facet normal 0.422644 0.906296 0
    outer loop
      vertex 1.7785 26.9864 3
      vertex 2.6 26.6033 0
      vertex 1.7785 26.9864 0
    endloop
  endfacet
  facet normal -0.981476 0.191587 0
    outer loop
      vertex -6 18.5 0
      vertex -5.121 23.003 3
      vertex -5.121 23.003 0
    endloop
  endfacet
  facet normal -0.981476 0.191587 0
    outer loop
      vertex -5.121 23.003 3
      vertex -6 18.5 0
      vertex -6 18.5 3
    endloop
  endfacet
  facet normal 0.573579 0.819151 -0
    outer loop
      vertex 3.34249 26.0834 0
      vertex 2.6 26.6033 3
      vertex 3.34249 26.0834 3
    endloop
  endfacet
  facet normal 0.573579 0.819151 0
    outer loop
      vertex 2.6 26.6033 3
      vertex 3.34249 26.0834 0
      vertex 2.6 26.6033 0
    endloop
  endfacet
  facet normal -0.707085 0.707129 0
    outer loop
      vertex -3.98343 25.4425 0
      vertex -3.34249 26.0834 3
      vertex -3.34249 26.0834 0
    endloop
  endfacet
  facet normal -0.707085 0.707129 0
    outer loop
      vertex -3.34249 26.0834 3
      vertex -3.98343 25.4425 0
      vertex -3.98343 25.4425 3
    endloop
  endfacet
  facet normal -0.0871561 0.996195 0
    outer loop
      vertex 0 27.3 0
      vertex -0.90297 27.221 3
      vertex 0 27.3 3
    endloop
  endfacet
  facet normal -0.0871561 0.996195 0
    outer loop
      vertex -0.90297 27.221 3
      vertex 0 27.3 0
      vertex -0.90297 27.221 0
    endloop
  endfacet
  facet normal -0.573579 0.819151 0
    outer loop
      vertex -2.6 26.6033 0
      vertex -3.34249 26.0834 3
      vertex -2.6 26.6033 3
    endloop
  endfacet
  facet normal -0.573579 0.819151 0
    outer loop
      vertex -3.34249 26.0834 3
      vertex -2.6 26.6033 0
      vertex -3.34249 26.0834 0
    endloop
  endfacet
  facet normal 0.819154 0.573573 0
    outer loop
      vertex 4.50333 24.7 3
      vertex 3.98343 25.4425 0
      vertex 3.98343 25.4425 3
    endloop
  endfacet
  facet normal 0.819154 0.573573 0
    outer loop
      vertex 3.98343 25.4425 0
      vertex 4.50333 24.7 3
      vertex 4.50333 24.7 0
    endloop
  endfacet
  facet normal 0.707085 0.707129 0
    outer loop
      vertex 3.98343 25.4425 3
      vertex 3.34249 26.0834 0
      vertex 3.34249 26.0834 3
    endloop
  endfacet
  facet normal 0.707085 0.707129 0
    outer loop
      vertex 3.34249 26.0834 0
      vertex 3.98343 25.4425 3
      vertex 3.98343 25.4425 0
    endloop
  endfacet
  facet normal -0.819154 0.573573 0
    outer loop
      vertex -4.50333 24.7 0
      vertex -3.98343 25.4425 3
      vertex -3.98343 25.4425 0
    endloop
  endfacet
  facet normal -0.819154 0.573573 0
    outer loop
      vertex -3.98343 25.4425 3
      vertex -4.50333 24.7 0
      vertex -4.50333 24.7 3
    endloop
  endfacet
  facet normal 0.0871561 0.996195 -0
    outer loop
      vertex 0.90297 27.221 0
      vertex 0 27.3 3
      vertex 0.90297 27.221 3
    endloop
  endfacet
  facet normal 0.0871561 0.996195 0
    outer loop
      vertex 0 27.3 3
      vertex 0.90297 27.221 0
      vertex 0 27.3 0
    endloop
  endfacet
  facet normal 0.258822 0.965925 -0
    outer loop
      vertex 1.7785 26.9864 0
      vertex 0.90297 27.221 3
      vertex 1.7785 26.9864 3
    endloop
  endfacet
  facet normal 0.258822 0.965925 0
    outer loop
      vertex 0.90297 27.221 3
      vertex 1.7785 26.9864 0
      vertex 0.90297 27.221 0
    endloop
  endfacet
  facet normal -0.422644 0.906296 0
    outer loop
      vertex -1.7785 26.9864 0
      vertex -2.6 26.6033 3
      vertex -1.7785 26.9864 3
    endloop
  endfacet
  facet normal -0.422644 0.906296 0
    outer loop
      vertex -2.6 26.6033 3
      vertex -1.7785 26.9864 0
      vertex -2.6 26.6033 0
    endloop
  endfacet
  facet normal -0.258822 0.965925 0
    outer loop
      vertex -0.90297 27.221 0
      vertex -1.7785 26.9864 3
      vertex -0.90297 27.221 3
    endloop
  endfacet
  facet normal -0.258822 0.965925 0
    outer loop
      vertex -1.7785 26.9864 3
      vertex -0.90297 27.221 0
      vertex -1.7785 26.9864 0
    endloop
  endfacet
  facet normal -0.906309 0.422617 0
    outer loop
      vertex -4.8864 23.8785 0
      vertex -4.50333 24.7 3
      vertex -4.50333 24.7 0
    endloop
  endfacet
  facet normal -0.906309 0.422617 0
    outer loop
      vertex -4.50333 24.7 3
      vertex -4.8864 23.8785 0
      vertex -4.8864 23.8785 3
    endloop
  endfacet
  facet normal 0 0 1
    outer loop
      vertex 0.9 23.6588 3
      vertex 2.6 26.6033 3
      vertex 1.7785 26.9864 3
    endloop
  endfacet
  facet normal 0 0 1
    outer loop
      vertex 2.6 26.6033 3
      vertex 1.77265 22.4126 3
      vertex 1.8 22.1 3
    endloop
  endfacet
  facet normal 0 0 1
    outer loop
      vertex 2.6 26.6033 3
      vertex 1.69145 22.7156 3
      vertex 1.77265 22.4126 3
    endloop
  endfacet
  facet normal 0 0 1
    outer loop
      vertex 2.6 26.6033 3
      vertex 1.55885 23 3
      vertex 1.69145 22.7156 3
    endloop
  endfacet
  facet normal 0 0 1
    outer loop
      vertex 2.6 26.6033 3
      vertex 1.37888 23.257 3
      vertex 1.55885 23 3
    endloop
  endfacet
  facet normal 0 0 1
    outer loop
      vertex 2.6 26.6033 3
      vertex 1.15702 23.4789 3
      vertex 1.37888 23.257 3
    endloop
  endfacet
  facet normal 0 0 1
    outer loop
      vertex 0.615636 23.7914 3
      vertex 1.7785 26.9864 3
      vertex 0.90297 27.221 3
    endloop
  endfacet
  facet normal 0 0 1
    outer loop
      vertex 2.6 26.6033 3
      vertex 0.9 23.6588 3
      vertex 1.15702 23.4789 3
    endloop
  endfacet
  facet normal 0 0 1
    outer loop
      vertex 1.7785 26.9864 3
      vertex 0.615636 23.7914 3
      vertex 0.9 23.6588 3
    endloop
  endfacet
  facet normal 0 0 1
    outer loop
      vertex 0.90297 27.221 3
      vertex 0.312566 23.8727 3
      vertex 0.615636 23.7914 3
    endloop
  endfacet
  facet normal 0 0 1
    outer loop
      vertex 0 27.3 3
      vertex 0.312566 23.8727 3
      vertex 0.90297 27.221 3
    endloop
  endfacet
  facet normal 0 0 1
    outer loop
      vertex 0 27.3 3
      vertex 0 23.9 3
      vertex 0.312566 23.8727 3
    endloop
  endfacet
  facet normal 0 0 1
    outer loop
      vertex 0 27.3 3
      vertex -0.312566 23.8727 3
      vertex 0 23.9 3
    endloop
  endfacet
  facet normal -0 0 1
    outer loop
      vertex -0.90297 27.221 3
      vertex -0.312566 23.8727 3
      vertex 0 27.3 3
    endloop
  endfacet
  facet normal 0 0 1
    outer loop
      vertex -0.312566 23.8727 3
      vertex -0.90297 27.221 3
      vertex -0.615636 23.7914 3
    endloop
  endfacet
  facet normal -0 0 1
    outer loop
      vertex -1.7785 26.9864 3
      vertex -0.615636 23.7914 3
      vertex -0.90297 27.221 3
    endloop
  endfacet
  facet normal 0 0 1
    outer loop
      vertex -0.615636 23.7914 3
      vertex -1.7785 26.9864 3
      vertex -0.9 23.6588 3
    endloop
  endfacet
  facet normal -0 0 1
    outer loop
      vertex -2.6 26.6033 3
      vertex -0.9 23.6588 3
      vertex -1.7785 26.9864 3
    endloop
  endfacet
  facet normal 0 0 1
    outer loop
      vertex -0.9 23.6588 3
      vertex -2.6 26.6033 3
      vertex -1.15702 23.4789 3
    endloop
  endfacet
  facet normal -0 0 1
    outer loop
      vertex -3.34249 26.0834 3
      vertex -1.15702 23.4789 3
      vertex -2.6 26.6033 3
    endloop
  endfacet
  facet normal 0 0 1
    outer loop
      vertex -1.15702 23.4789 3
      vertex -3.34249 26.0834 3
      vertex -1.37888 23.257 3
    endloop
  endfacet
  facet normal -0 0 1
    outer loop
      vertex -3.98343 25.4425 3
      vertex -1.37888 23.257 3
      vertex -3.34249 26.0834 3
    endloop
  endfacet
  facet normal 0 0 1
    outer loop
      vertex -1.37888 23.257 3
      vertex -3.98343 25.4425 3
      vertex -1.55885 23 3
    endloop
  endfacet
  facet normal -0 0 1
    outer loop
      vertex -4.50333 24.7 3
      vertex -1.55885 23 3
      vertex -3.98343 25.4425 3
    endloop
  endfacet
  facet normal 0 0 1
    outer loop
      vertex 1.8 22.1 3
      vertex 5.121 23.003 3
      vertex 4.8864 23.8785 3
    endloop
  endfacet
  facet normal 0 0 1
    outer loop
      vertex 1.8 22.1 3
      vertex 4.8864 23.8785 3
      vertex 4.50333 24.7 3
    endloop
  endfacet
  facet normal 0 0 1
    outer loop
      vertex 1.8 22.1 3
      vertex 4.50333 24.7 3
      vertex 3.98343 25.4425 3
    endloop
  endfacet
  facet normal 0 0 1
    outer loop
      vertex 1.8 22.1 3
      vertex 3.98343 25.4425 3
      vertex 3.34249 26.0834 3
    endloop
  endfacet
  facet normal 0 0 1
    outer loop
      vertex 1.8 22.1 3
      vertex 3.34249 26.0834 3
      vertex 2.6 26.6033 3
    endloop
  endfacet
  facet normal 0 0 1
    outer loop
      vertex 5.121 23.003 3
      vertex 1.8 22.1 3
      vertex 1.77265 21.7874 3
    endloop
  endfacet
  facet normal 0 0 1
    outer loop
      vertex 1.69145 21.4844 3
      vertex 5.121 23.003 3
      vertex 1.77265 21.7874 3
    endloop
  endfacet
  facet normal 0 0 1
    outer loop
      vertex 5.121 23.003 3
      vertex 1.69145 21.4844 3
      vertex 6 18.5 3
    endloop
  endfacet
  facet normal -0 0 1
    outer loop
      vertex 1.55885 21.2 3
      vertex 6 18.5 3
      vertex 1.69145 21.4844 3
    endloop
  endfacet
  facet normal -0 0 1
    outer loop
      vertex 1.37888 20.943 3
      vertex 6 18.5 3
      vertex 1.55885 21.2 3
    endloop
  endfacet
  facet normal -0 0 1
    outer loop
      vertex 1.15702 20.7211 3
      vertex 6 18.5 3
      vertex 1.37888 20.943 3
    endloop
  endfacet
  facet normal -0 0 1
    outer loop
      vertex 0.9 20.5412 3
      vertex 6 18.5 3
      vertex 1.15702 20.7211 3
    endloop
  endfacet
  facet normal -0 0 1
    outer loop
      vertex 0.615636 20.4086 3
      vertex 6 18.5 3
      vertex 0.9 20.5412 3
    endloop
  endfacet
  facet normal -0 0 1
    outer loop
      vertex 0.312566 20.3273 3
      vertex 6 18.5 3
      vertex 0.615636 20.4086 3
    endloop
  endfacet
  facet normal -0 0 1
    outer loop
      vertex 0 20.3 3
      vertex 6 18.5 3
      vertex 0.312566 20.3273 3
    endloop
  endfacet
  facet normal 0 0 1
    outer loop
      vertex -6 18.5 3
      vertex 0 20.3 3
      vertex -0.312566 20.3273 3
    endloop
  endfacet
  facet normal 0 0 1
    outer loop
      vertex -6 18.5 3
      vertex -0.312566 20.3273 3
      vertex -0.615636 20.4086 3
    endloop
  endfacet
  facet normal 0 0 1
    outer loop
      vertex -1.55885 23 3
      vertex -4.50333 24.7 3
      vertex -1.69145 22.7156 3
    endloop
  endfacet
  facet normal -0 0 1
    outer loop
      vertex -4.8864 23.8785 3
      vertex -1.69145 22.7156 3
      vertex -4.50333 24.7 3
    endloop
  endfacet
  facet normal 0 0 1
    outer loop
      vertex -1.69145 22.7156 3
      vertex -4.8864 23.8785 3
      vertex -1.77265 22.4126 3
    endloop
  endfacet
  facet normal -0 0 1
    outer loop
      vertex -5.121 23.003 3
      vertex -1.77265 22.4126 3
      vertex -4.8864 23.8785 3
    endloop
  endfacet
  facet normal 0 0 1
    outer loop
      vertex -1.77265 22.4126 3
      vertex -5.121 23.003 3
      vertex -1.8 22.1 3
    endloop
  endfacet
  facet normal 0 0 1
    outer loop
      vertex -1.8 22.1 3
      vertex -5.121 23.003 3
      vertex -1.77265 21.7874 3
    endloop
  endfacet
  facet normal 0 0 1
    outer loop
      vertex -1.77265 21.7874 3
      vertex -5.121 23.003 3
      vertex -1.69145 21.4844 3
    endloop
  endfacet
  facet normal 0 0 1
    outer loop
      vertex -6 18.5 3
      vertex -1.69145 21.4844 3
      vertex -5.121 23.003 3
    endloop
  endfacet
  facet normal 0 0 1
    outer loop
      vertex -1.69145 21.4844 3
      vertex -6 18.5 3
      vertex -1.55885 21.2 3
    endloop
  endfacet
  facet normal 0 0 1
    outer loop
      vertex -1.55885 21.2 3
      vertex -6 18.5 3
      vertex -1.37888 20.943 3
    endloop
  endfacet
  facet normal 0 0 1
    outer loop
      vertex -1.37888 20.943 3
      vertex -6 18.5 3
      vertex -1.15702 20.7211 3
    endloop
  endfacet
  facet normal 0 0 1
    outer loop
      vertex 0 20.3 3
      vertex -6 18.5 3
      vertex 6 18.5 3
    endloop
  endfacet
  facet normal 0 0 1
    outer loop
      vertex -0.9 20.5412 3
      vertex -6 18.5 3
      vertex -0.615636 20.4086 3
    endloop
  endfacet
  facet normal 0 0 1
    outer loop
      vertex -1.15702 20.7211 3
      vertex -6 18.5 3
      vertex -0.9 20.5412 3
    endloop
  endfacet
  facet normal -0.965837 0.25915 0
    outer loop
      vertex -31.8724 -14.4104 0.99
      vertex -31.8182 -14.2084 2
      vertex -31.8182 -14.2084 0.99
    endloop
  endfacet
  facet normal -0.965837 0.25915 0
    outer loop
      vertex -31.8182 -14.2084 2
      vertex -31.8724 -14.4104 0.99
      vertex -31.8724 -14.4104 2
    endloop
  endfacet
  facet normal -0.965837 -0.25915 0
    outer loop
      vertex -31.8182 -13.7916 0.99
      vertex -31.8724 -13.5896 2
      vertex -31.8724 -13.5896 0.99
    endloop
  endfacet
  facet normal -0.965837 -0.25915 0
    outer loop
      vertex -31.8724 -13.5896 2
      vertex -31.8182 -13.7916 0.99
      vertex -31.8182 -13.7916 2
    endloop
  endfacet
  facet normal -0.996208 -0.0870009 0
    outer loop
      vertex -31.8 -14 0.99
      vertex -31.8182 -13.7916 2
      vertex -31.8182 -13.7916 0.99
    endloop
  endfacet
  facet normal -0.996208 -0.0870009 0
    outer loop
      vertex -31.8182 -13.7916 2
      vertex -31.8 -14 0.99
      vertex -31.8 -14 2
    endloop
  endfacet
  facet normal -0.90633 -0.422571 0
    outer loop
      vertex -31.8724 -13.5896 0.99
      vertex -31.9608 -13.4 2
      vertex -31.9608 -13.4 0.99
    endloop
  endfacet
  facet normal -0.90633 -0.422571 0
    outer loop
      vertex -31.9608 -13.4 2
      vertex -31.8724 -13.5896 0.99
      vertex -31.8724 -13.5896 2
    endloop
  endfacet
  facet normal 0.965837 0.25915 0
    outer loop
      vertex -34.1276 -14.4104 2
      vertex -34.1818 -14.2084 0.99
      vertex -34.1818 -14.2084 2
    endloop
  endfacet
  facet normal 0.965837 0.25915 0
    outer loop
      vertex -34.1818 -14.2084 0.99
      vertex -34.1276 -14.4104 2
      vertex -34.1276 -14.4104 0.99
    endloop
  endfacet
  facet normal 0.819254 -0.57343 0
    outer loop
      vertex -34.0392 -13.4 2
      vertex -33.9193 -13.2287 0.99
      vertex -33.9193 -13.2287 2
    endloop
  endfacet
  facet normal 0.819254 -0.57343 0
    outer loop
      vertex -33.9193 -13.2287 0.99
      vertex -34.0392 -13.4 2
      vertex -34.0392 -13.4 0.99
    endloop
  endfacet
  facet normal 0.422571 -0.90633 0
    outer loop
      vertex -33.6 -12.9608 0.99
      vertex -33.4104 -12.8724 2
      vertex -33.6 -12.9608 2
    endloop
  endfacet
  facet normal 0.422571 -0.90633 0
    outer loop
      vertex -33.4104 -12.8724 2
      vertex -33.6 -12.9608 0.99
      vertex -33.4104 -12.8724 0.99
    endloop
  endfacet
  facet normal 0.57343 0.819254 -0
    outer loop
      vertex -33.6 -15.0392 0.99
      vertex -33.7713 -14.9193 2
      vertex -33.6 -15.0392 2
    endloop
  endfacet
  facet normal 0.57343 0.819254 0
    outer loop
      vertex -33.7713 -14.9193 2
      vertex -33.6 -15.0392 0.99
      vertex -33.7713 -14.9193 0.99
    endloop
  endfacet
  facet normal 0.0870009 0.996208 -0
    outer loop
      vertex -33 -15.2 0.99
      vertex -33.2084 -15.1818 2
      vertex -33 -15.2 2
    endloop
  endfacet
  facet normal 0.0870009 0.996208 0
    outer loop
      vertex -33.2084 -15.1818 2
      vertex -33 -15.2 0.99
      vertex -33.2084 -15.1818 0.99
    endloop
  endfacet
  facet normal -0.0870009 0.996208 0
    outer loop
      vertex -32.7916 -15.1818 0.99
      vertex -33 -15.2 2
      vertex -32.7916 -15.1818 2
    endloop
  endfacet
  facet normal -0.0870009 0.996208 0
    outer loop
      vertex -33 -15.2 2
      vertex -32.7916 -15.1818 0.99
      vertex -33 -15.2 0.99
    endloop
  endfacet
  facet normal -0.90633 0.422571 0
    outer loop
      vertex -31.9608 -14.6 0.99
      vertex -31.8724 -14.4104 2
      vertex -31.8724 -14.4104 0.99
    endloop
  endfacet
  facet normal -0.90633 0.422571 0
    outer loop
      vertex -31.8724 -14.4104 2
      vertex -31.9608 -14.6 0.99
      vertex -31.9608 -14.6 2
    endloop
  endfacet
  facet normal -0.707107 -0.707107 0
    outer loop
      vertex -32.0807 -13.2287 0.99
      vertex -32.2287 -13.0807 2
      vertex -32.2287 -13.0807 0.99
    endloop
  endfacet
  facet normal -0.707107 -0.707107 0
    outer loop
      vertex -32.2287 -13.0807 2
      vertex -32.0807 -13.2287 0.99
      vertex -32.0807 -13.2287 2
    endloop
  endfacet
  facet normal -0.707107 0.707107 0
    outer loop
      vertex -32.2287 -14.9193 0.99
      vertex -32.0807 -14.7713 2
      vertex -32.0807 -14.7713 0.99
    endloop
  endfacet
  facet normal -0.707107 0.707107 0
    outer loop
      vertex -32.0807 -14.7713 2
      vertex -32.2287 -14.9193 0.99
      vertex -32.2287 -14.9193 2
    endloop
  endfacet
  facet normal 0.996208 -0.0870009 0
    outer loop
      vertex -34.2 -14 2
      vertex -34.1818 -13.7916 0.99
      vertex -34.1818 -13.7916 2
    endloop
  endfacet
  facet normal 0.996208 -0.0870009 0
    outer loop
      vertex -34.1818 -13.7916 0.99
      vertex -34.2 -14 2
      vertex -34.2 -14 0.99
    endloop
  endfacet
  facet normal -0.25915 -0.965837 0
    outer loop
      vertex -32.7916 -12.8182 0.99
      vertex -32.5896 -12.8724 2
      vertex -32.7916 -12.8182 2
    endloop
  endfacet
  facet normal -0.25915 -0.965837 -0
    outer loop
      vertex -32.5896 -12.8724 2
      vertex -32.7916 -12.8182 0.99
      vertex -32.5896 -12.8724 0.99
    endloop
  endfacet
  facet normal 0.996208 0.0870009 0
    outer loop
      vertex -34.1818 -14.2084 2
      vertex -34.2 -14 0.99
      vertex -34.2 -14 2
    endloop
  endfacet
  facet normal 0.996208 0.0870009 0
    outer loop
      vertex -34.2 -14 0.99
      vertex -34.1818 -14.2084 2
      vertex -34.1818 -14.2084 0.99
    endloop
  endfacet
  facet normal -0.819254 0.57343 0
    outer loop
      vertex -32.0807 -14.7713 0.99
      vertex -31.9608 -14.6 2
      vertex -31.9608 -14.6 0.99
    endloop
  endfacet
  facet normal -0.819254 0.57343 0
    outer loop
      vertex -31.9608 -14.6 2
      vertex -32.0807 -14.7713 0.99
      vertex -32.0807 -14.7713 2
    endloop
  endfacet
  facet normal 0.25915 0.965837 -0
    outer loop
      vertex -33.2084 -15.1818 0.99
      vertex -33.4104 -15.1276 2
      vertex -33.2084 -15.1818 2
    endloop
  endfacet
  facet normal 0.25915 0.965837 0
    outer loop
      vertex -33.4104 -15.1276 2
      vertex -33.2084 -15.1818 0.99
      vertex -33.4104 -15.1276 0.99
    endloop
  endfacet
  facet normal -0.422571 0.90633 0
    outer loop
      vertex -32.4 -15.0392 0.99
      vertex -32.5896 -15.1276 2
      vertex -32.4 -15.0392 2
    endloop
  endfacet
  facet normal -0.422571 0.90633 0
    outer loop
      vertex -32.5896 -15.1276 2
      vertex -32.4 -15.0392 0.99
      vertex -32.5896 -15.1276 0.99
    endloop
  endfacet
  facet normal 0.57343 -0.819254 0
    outer loop
      vertex -33.7713 -13.0807 0.99
      vertex -33.6 -12.9608 2
      vertex -33.7713 -13.0807 2
    endloop
  endfacet
  facet normal 0.57343 -0.819254 0
    outer loop
      vertex -33.6 -12.9608 2
      vertex -33.7713 -13.0807 0.99
      vertex -33.6 -12.9608 0.99
    endloop
  endfacet
  facet normal -0.819254 -0.57343 0
    outer loop
      vertex -31.9608 -13.4 0.99
      vertex -32.0807 -13.2287 2
      vertex -32.0807 -13.2287 0.99
    endloop
  endfacet
  facet normal -0.819254 -0.57343 0
    outer loop
      vertex -32.0807 -13.2287 2
      vertex -31.9608 -13.4 0.99
      vertex -31.9608 -13.4 2
    endloop
  endfacet
  facet normal -0.422571 -0.90633 0
    outer loop
      vertex -32.5896 -12.8724 0.99
      vertex -32.4 -12.9608 2
      vertex -32.5896 -12.8724 2
    endloop
  endfacet
  facet normal -0.422571 -0.90633 -0
    outer loop
      vertex -32.4 -12.9608 2
      vertex -32.5896 -12.8724 0.99
      vertex -32.4 -12.9608 0.99
    endloop
  endfacet
  facet normal -0.25915 0.965837 0
    outer loop
      vertex -32.5896 -15.1276 0.99
      vertex -32.7916 -15.1818 2
      vertex -32.5896 -15.1276 2
    endloop
  endfacet
  facet normal -0.25915 0.965837 0
    outer loop
      vertex -32.7916 -15.1818 2
      vertex -32.5896 -15.1276 0.99
      vertex -32.7916 -15.1818 0.99
    endloop
  endfacet
  facet normal -0.57343 0.819254 0
    outer loop
      vertex -32.2287 -14.9193 0.99
      vertex -32.4 -15.0392 2
      vertex -32.2287 -14.9193 2
    endloop
  endfacet
  facet normal -0.57343 0.819254 0
    outer loop
      vertex -32.4 -15.0392 2
      vertex -32.2287 -14.9193 0.99
      vertex -32.4 -15.0392 0.99
    endloop
  endfacet
  facet normal -0.996208 0.0870009 0
    outer loop
      vertex -31.8182 -14.2084 0.99
      vertex -31.8 -14 2
      vertex -31.8 -14 0.99
    endloop
  endfacet
  facet normal -0.996208 0.0870009 0
    outer loop
      vertex -31.8 -14 2
      vertex -31.8182 -14.2084 0.99
      vertex -31.8182 -14.2084 2
    endloop
  endfacet
  facet normal -0.57343 -0.819254 0
    outer loop
      vertex -32.4 -12.9608 0.99
      vertex -32.2287 -13.0807 2
      vertex -32.4 -12.9608 2
    endloop
  endfacet
  facet normal -0.57343 -0.819254 -0
    outer loop
      vertex -32.2287 -13.0807 2
      vertex -32.4 -12.9608 0.99
      vertex -32.2287 -13.0807 0.99
    endloop
  endfacet
  facet normal -0.0870009 -0.996208 0
    outer loop
      vertex -33 -12.8 0.99
      vertex -32.7916 -12.8182 2
      vertex -33 -12.8 2
    endloop
  endfacet
  facet normal -0.0870009 -0.996208 -0
    outer loop
      vertex -32.7916 -12.8182 2
      vertex -33 -12.8 0.99
      vertex -32.7916 -12.8182 0.99
    endloop
  endfacet
  facet normal 0.90633 -0.422571 0
    outer loop
      vertex -34.1276 -13.5896 2
      vertex -34.0392 -13.4 0.99
      vertex -34.0392 -13.4 2
    endloop
  endfacet
  facet normal 0.90633 -0.422571 0
    outer loop
      vertex -34.0392 -13.4 0.99
      vertex -34.1276 -13.5896 2
      vertex -34.1276 -13.5896 0.99
    endloop
  endfacet
  facet normal 0.25915 -0.965837 0
    outer loop
      vertex -33.4104 -12.8724 0.99
      vertex -33.2084 -12.8182 2
      vertex -33.4104 -12.8724 2
    endloop
  endfacet
  facet normal 0.25915 -0.965837 0
    outer loop
      vertex -33.2084 -12.8182 2
      vertex -33.4104 -12.8724 0.99
      vertex -33.2084 -12.8182 0.99
    endloop
  endfacet
  facet normal 0.0870009 -0.996208 0
    outer loop
      vertex -33.2084 -12.8182 0.99
      vertex -33 -12.8 2
      vertex -33.2084 -12.8182 2
    endloop
  endfacet
  facet normal 0.0870009 -0.996208 0
    outer loop
      vertex -33 -12.8 2
      vertex -33.2084 -12.8182 0.99
      vertex -33 -12.8 0.99
    endloop
  endfacet
  facet normal 0.90633 0.422571 0
    outer loop
      vertex -34.0392 -14.6 2
      vertex -34.1276 -14.4104 0.99
      vertex -34.1276 -14.4104 2
    endloop
  endfacet
  facet normal 0.90633 0.422571 0
    outer loop
      vertex -34.1276 -14.4104 0.99
      vertex -34.0392 -14.6 2
      vertex -34.0392 -14.6 0.99
    endloop
  endfacet
  facet normal 0.819254 0.57343 0
    outer loop
      vertex -33.9193 -14.7713 2
      vertex -34.0392 -14.6 0.99
      vertex -34.0392 -14.6 2
    endloop
  endfacet
  facet normal 0.819254 0.57343 0
    outer loop
      vertex -34.0392 -14.6 0.99
      vertex -33.9193 -14.7713 2
      vertex -33.9193 -14.7713 0.99
    endloop
  endfacet
  facet normal 0.707107 0.707107 0
    outer loop
      vertex -33.7713 -14.9193 2
      vertex -33.9193 -14.7713 0.99
      vertex -33.9193 -14.7713 2
    endloop
  endfacet
  facet normal 0.707107 0.707107 0
    outer loop
      vertex -33.9193 -14.7713 0.99
      vertex -33.7713 -14.9193 2
      vertex -33.7713 -14.9193 0.99
    endloop
  endfacet
  facet normal 0.422571 0.90633 -0
    outer loop
      vertex -33.4104 -15.1276 0.99
      vertex -33.6 -15.0392 2
      vertex -33.4104 -15.1276 2
    endloop
  endfacet
  facet normal 0.422571 0.90633 0
    outer loop
      vertex -33.6 -15.0392 2
      vertex -33.4104 -15.1276 0.99
      vertex -33.6 -15.0392 0.99
    endloop
  endfacet
  facet normal 0.965837 -0.25915 0
    outer loop
      vertex -34.1818 -13.7916 2
      vertex -34.1276 -13.5896 0.99
      vertex -34.1276 -13.5896 2
    endloop
  endfacet
  facet normal 0.965837 -0.25915 0
    outer loop
      vertex -34.1276 -13.5896 0.99
      vertex -34.1818 -13.7916 2
      vertex -34.1818 -13.7916 0.99
    endloop
  endfacet
  facet normal 0.707107 -0.707107 0
    outer loop
      vertex -33.9193 -13.2287 2
      vertex -33.7713 -13.0807 0.99
      vertex -33.7713 -13.0807 2
    endloop
  endfacet
  facet normal 0.707107 -0.707107 0
    outer loop
      vertex -33.7713 -13.0807 0.99
      vertex -33.9193 -13.2287 2
      vertex -33.9193 -13.2287 0.99
    endloop
  endfacet
  facet normal -0.77905 -0.0682066 -0.62324
    outer loop
      vertex -31.0381 -13.6562 0
      vertex -31.008 -14 0
      vertex -31.8 -14 0.99
    endloop
  endfacet
  facet normal 0.0682066 0.77905 -0.62324
    outer loop
      vertex -33 -15.2 0.99
      vertex -33 -15.992 0
      vertex -33.3438 -15.9619 0
    endloop
  endfacet
  facet normal -0.33057 -0.70872 -0.623249
    outer loop
      vertex -32.3168 -12.129 0
      vertex -32.004 -12.2749 0
      vertex -32.4 -12.9608 0.99
    endloop
  endfacet
  facet normal 0.755426 0.202338 -0.62321
    outer loop
      vertex -34.1818 -14.2084 0.99
      vertex -34.8724 -14.6793 0
      vertex -34.9617 -14.3459 0
    endloop
  endfacet
  facet normal -0.44844 -0.640681 -0.623241
    outer loop
      vertex -31.7213 -12.4728 0
      vertex -32.2287 -13.0807 0.99
      vertex -32.4 -12.9608 0.99
    endloop
  endfacet
  facet normal -0.450926 -0.638811 -0.623367
    outer loop
      vertex -32.2287 -13.0807 0.99
      vertex -31.7213 -12.4728 0
      vertex -31.7196 -12.474 0
    endloop
  endfacet
  facet normal -0.638811 -0.450926 -0.623367
    outer loop
      vertex -31.4728 -12.7213 0
      vertex -32.0807 -13.2287 0.99
      vertex -31.474 -12.7196 0
    endloop
  endfacet
  facet normal -0.640681 -0.44844 -0.623241
    outer loop
      vertex -32.0807 -13.2287 0.99
      vertex -31.4728 -12.7213 0
      vertex -31.9608 -13.4 0.99
    endloop
  endfacet
  facet normal -0.330452 -0.708752 -0.623276
    outer loop
      vertex -32.3187 -12.1281 0
      vertex -32.4 -12.9608 0.99
      vertex -32.5896 -12.8724 0.99
    endloop
  endfacet
  facet normal -0.335046 -0.70732 -0.622449
    outer loop
      vertex -32.4 -12.9608 0.99
      vertex -32.3187 -12.1281 0
      vertex -32.3168 -12.129 0
    endloop
  endfacet
  facet normal 0.77905 -0.0682066 -0.62324
    outer loop
      vertex -34.9619 -13.6562 0
      vertex -34.2 -14 0.99
      vertex -34.992 -14 0
    endloop
  endfacet
  facet normal -0.70732 -0.335046 -0.622449
    outer loop
      vertex -31.1281 -13.3187 0
      vertex -31.9608 -13.4 0.99
      vertex -31.129 -13.3168 0
    endloop
  endfacet
  facet normal -0.708752 -0.330452 -0.623276
    outer loop
      vertex -31.9608 -13.4 0.99
      vertex -31.1281 -13.3187 0
      vertex -31.8724 -13.5896 0.99
    endloop
  endfacet
  facet normal 0.0680394 0.779088 -0.623211
    outer loop
      vertex -33.3438 -15.9619 0
      vertex -33.2084 -15.1818 0.99
      vertex -33 -15.2 0.99
    endloop
  endfacet
  facet normal 0.0741275 0.778339 -0.623453
    outer loop
      vertex -33.2084 -15.1818 0.99
      vertex -33.3438 -15.9619 0
      vertex -33.3459 -15.9617 0
    endloop
  endfacet
  facet normal -0.552977 -0.552977 -0.623244
    outer loop
      vertex -32.0807 -13.2287 0.99
      vertex -31.7196 -12.474 0
      vertex -31.474 -12.7196 0
    endloop
  endfacet
  facet normal -0.552977 -0.552977 -0.623244
    outer loop
      vertex -31.7196 -12.474 0
      vertex -32.0807 -13.2287 0.99
      vertex -32.2287 -13.0807 0.99
    endloop
  endfacet
  facet normal -0.33057 0.70872 -0.623249
    outer loop
      vertex -32.004 -15.7251 0
      vertex -32.3168 -15.871 0
      vertex -32.4 -15.0392 0.99
    endloop
  endfacet
  facet normal -0.755426 -0.202338 -0.62321
    outer loop
      vertex -31.1276 -13.3207 0
      vertex -31.0383 -13.6541 0
      vertex -31.8182 -13.7916 0.99
    endloop
  endfacet
  facet normal -0.640648 -0.448476 -0.623249
    outer loop
      vertex -31.4728 -12.7213 0
      vertex -31.2749 -13.004 0
      vertex -31.9608 -13.4 0.99
    endloop
  endfacet
  facet normal -0.0682066 0.77905 -0.62324
    outer loop
      vertex -33 -15.2 0.99
      vertex -32.6562 -15.9619 0
      vertex -33 -15.992 0
    endloop
  endfacet
  facet normal -0.448476 -0.640648 -0.623249
    outer loop
      vertex -32.004 -12.2749 0
      vertex -31.7213 -12.4728 0
      vertex -32.4 -12.9608 0.99
    endloop
  endfacet
  facet normal -0.77905 0.0682066 -0.62324
    outer loop
      vertex -31.008 -14 0
      vertex -31.0381 -14.3438 0
      vertex -31.8 -14 0.99
    endloop
  endfacet
  facet normal 0.189782 -0.75913 -0.622659
    outer loop
      vertex -33.6793 -12.1276 0
      vertex -33.4104 -12.8724 0.99
      vertex -33.6813 -12.1281 0
    endloop
  endfacet
  facet normal 0.202658 -0.755292 -0.623269
    outer loop
      vertex -33.4104 -12.8724 0.99
      vertex -33.6793 -12.1276 0
      vertex -33.2084 -12.8182 0.99
    endloop
  endfacet
  facet normal -0.0682066 -0.77905 -0.62324
    outer loop
      vertex -33 -12.008 0
      vertex -32.6562 -12.0381 0
      vertex -33 -12.8 0.99
    endloop
  endfacet
  facet normal 0.77905 0.0682066 -0.62324
    outer loop
      vertex -34.2 -14 0.99
      vertex -34.9619 -14.3438 0
      vertex -34.992 -14 0
    endloop
  endfacet
  facet normal -0.70872 -0.33057 -0.623249
    outer loop
      vertex -31.2749 -13.004 0
      vertex -31.129 -13.3168 0
      vertex -31.9608 -13.4 0.99
    endloop
  endfacet
  facet normal -0.708752 0.330452 -0.623276
    outer loop
      vertex -31.1281 -14.6813 0
      vertex -31.9608 -14.6 0.99
      vertex -31.8724 -14.4104 0.99
    endloop
  endfacet
  facet normal -0.70732 0.335046 -0.622449
    outer loop
      vertex -31.9608 -14.6 0.99
      vertex -31.1281 -14.6813 0
      vertex -31.129 -14.6832 0
    endloop
  endfacet
  facet normal 0.640648 -0.448476 -0.623249
    outer loop
      vertex -34.5272 -12.7213 0
      vertex -34.0392 -13.4 0.99
      vertex -34.7251 -13.004 0
    endloop
  endfacet
  facet normal -0.640648 0.448476 -0.623249
    outer loop
      vertex -31.2749 -14.996 0
      vertex -31.4728 -15.2787 0
      vertex -31.9608 -14.6 0.99
    endloop
  endfacet
  facet normal 0.448476 -0.640648 -0.623249
    outer loop
      vertex -33.996 -12.2749 0
      vertex -33.6 -12.9608 0.99
      vertex -34.2787 -12.4728 0
    endloop
  endfacet
  facet normal 0.450926 -0.638811 -0.623367
    outer loop
      vertex -34.2787 -12.4728 0
      vertex -33.7713 -13.0807 0.99
      vertex -34.2804 -12.474 0
    endloop
  endfacet
  facet normal 0.44844 -0.640681 -0.623241
    outer loop
      vertex -33.7713 -13.0807 0.99
      vertex -34.2787 -12.4728 0
      vertex -33.6 -12.9608 0.99
    endloop
  endfacet
  facet normal -0.0680394 -0.779088 -0.623211
    outer loop
      vertex -32.6562 -12.0381 0
      vertex -32.7916 -12.8182 0.99
      vertex -33 -12.8 0.99
    endloop
  endfacet
  facet normal -0.0741275 -0.778339 -0.623453
    outer loop
      vertex -32.7916 -12.8182 0.99
      vertex -32.6562 -12.0381 0
      vertex -32.6541 -12.0383 0
    endloop
  endfacet
  facet normal 0.0682066 -0.77905 -0.62324
    outer loop
      vertex -33 -12.008 0
      vertex -33 -12.8 0.99
      vertex -33.3438 -12.0381 0
    endloop
  endfacet
  facet normal 0.33057 -0.70872 -0.623249
    outer loop
      vertex -33.6832 -12.129 0
      vertex -33.6 -12.9608 0.99
      vertex -33.996 -12.2749 0
    endloop
  endfacet
  facet normal 0.552977 -0.552977 -0.623244
    outer loop
      vertex -33.9193 -13.2287 0.99
      vertex -34.2804 -12.474 0
      vertex -33.7713 -13.0807 0.99
    endloop
  endfacet
  facet normal 0.552977 -0.552977 -0.623244
    outer loop
      vertex -34.2804 -12.474 0
      vertex -33.9193 -13.2287 0.99
      vertex -34.526 -12.7196 0
    endloop
  endfacet
  facet normal 0.638811 -0.450926 -0.623367
    outer loop
      vertex -33.9193 -13.2287 0.99
      vertex -34.5272 -12.7213 0
      vertex -34.526 -12.7196 0
    endloop
  endfacet
  facet normal 0.640681 -0.44844 -0.623241
    outer loop
      vertex -34.5272 -12.7213 0
      vertex -33.9193 -13.2287 0.99
      vertex -34.0392 -13.4 0.99
    endloop
  endfacet
  facet normal 0.202658 0.755292 -0.623269
    outer loop
      vertex -33.6793 -15.8724 0
      vertex -33.4104 -15.1276 0.99
      vertex -33.2084 -15.1818 0.99
    endloop
  endfacet
  facet normal 0.189782 0.75913 -0.622659
    outer loop
      vertex -33.4104 -15.1276 0.99
      vertex -33.6793 -15.8724 0
      vertex -33.6813 -15.8719 0
    endloop
  endfacet
  facet normal 0.755292 0.202658 -0.623269
    outer loop
      vertex -34.1276 -14.4104 0.99
      vertex -34.8724 -14.6793 0
      vertex -34.1818 -14.2084 0.99
    endloop
  endfacet
  facet normal 0.75913 0.189782 -0.622659
    outer loop
      vertex -34.8724 -14.6793 0
      vertex -34.1276 -14.4104 0.99
      vertex -34.8719 -14.6813 0
    endloop
  endfacet
  facet normal 0.0741275 -0.778339 -0.623453
    outer loop
      vertex -33.3438 -12.0381 0
      vertex -33.2084 -12.8182 0.99
      vertex -33.3459 -12.0383 0
    endloop
  endfacet
  facet normal 0.0680394 -0.779088 -0.623211
    outer loop
      vertex -33.2084 -12.8182 0.99
      vertex -33.3438 -12.0381 0
      vertex -33 -12.8 0.99
    endloop
  endfacet
  facet normal 0.202338 -0.755426 -0.62321
    outer loop
      vertex -33.3459 -12.0383 0
      vertex -33.2084 -12.8182 0.99
      vertex -33.6793 -12.1276 0
    endloop
  endfacet
  facet normal -0.202658 -0.755292 -0.623269
    outer loop
      vertex -32.3207 -12.1276 0
      vertex -32.5896 -12.8724 0.99
      vertex -32.7916 -12.8182 0.99
    endloop
  endfacet
  facet normal -0.189782 -0.75913 -0.622659
    outer loop
      vertex -32.5896 -12.8724 0.99
      vertex -32.3207 -12.1276 0
      vertex -32.3187 -12.1281 0
    endloop
  endfacet
  facet normal -0.202338 -0.755426 -0.62321
    outer loop
      vertex -32.6541 -12.0383 0
      vertex -32.3207 -12.1276 0
      vertex -32.7916 -12.8182 0.99
    endloop
  endfacet
  facet normal 0.779088 0.0680394 -0.623211
    outer loop
      vertex -34.1818 -14.2084 0.99
      vertex -34.9619 -14.3438 0
      vertex -34.2 -14 0.99
    endloop
  endfacet
  facet normal 0.778339 0.0741275 -0.623453
    outer loop
      vertex -34.9619 -14.3438 0
      vertex -34.1818 -14.2084 0.99
      vertex -34.9617 -14.3459 0
    endloop
  endfacet
  facet normal -0.640681 0.44844 -0.623241
    outer loop
      vertex -31.4728 -15.2787 0
      vertex -32.0807 -14.7713 0.99
      vertex -31.9608 -14.6 0.99
    endloop
  endfacet
  facet normal -0.638811 0.450926 -0.623367
    outer loop
      vertex -32.0807 -14.7713 0.99
      vertex -31.4728 -15.2787 0
      vertex -31.474 -15.2804 0
    endloop
  endfacet
  facet normal -0.755426 0.202338 -0.62321
    outer loop
      vertex -31.0383 -14.3459 0
      vertex -31.1276 -14.6793 0
      vertex -31.8182 -14.2084 0.99
    endloop
  endfacet
  facet normal -0.779088 0.0680394 -0.623211
    outer loop
      vertex -31.0381 -14.3438 0
      vertex -31.8182 -14.2084 0.99
      vertex -31.8 -14 0.99
    endloop
  endfacet
  facet normal -0.778339 0.0741275 -0.623453
    outer loop
      vertex -31.8182 -14.2084 0.99
      vertex -31.0381 -14.3438 0
      vertex -31.0383 -14.3459 0
    endloop
  endfacet
  facet normal -0.450926 0.638811 -0.623367
    outer loop
      vertex -31.7213 -15.5272 0
      vertex -32.2287 -14.9193 0.99
      vertex -31.7196 -15.526 0
    endloop
  endfacet
  facet normal -0.44844 0.640681 -0.623241
    outer loop
      vertex -32.2287 -14.9193 0.99
      vertex -31.7213 -15.5272 0
      vertex -32.4 -15.0392 0.99
    endloop
  endfacet
  facet normal 0.708752 0.330452 -0.623276
    outer loop
      vertex -34.0392 -14.6 0.99
      vertex -34.8719 -14.6813 0
      vertex -34.1276 -14.4104 0.99
    endloop
  endfacet
  facet normal 0.70732 0.335046 -0.622449
    outer loop
      vertex -34.8719 -14.6813 0
      vertex -34.0392 -14.6 0.99
      vertex -34.871 -14.6832 0
    endloop
  endfacet
  facet normal 0.70872 -0.33057 -0.623249
    outer loop
      vertex -34.7251 -13.004 0
      vertex -34.0392 -13.4 0.99
      vertex -34.871 -13.3168 0
    endloop
  endfacet
  facet normal 0.202338 0.755426 -0.62321
    outer loop
      vertex -33.2084 -15.1818 0.99
      vertex -33.3459 -15.9617 0
      vertex -33.6793 -15.8724 0
    endloop
  endfacet
  facet normal 0.70872 0.33057 -0.623249
    outer loop
      vertex -34.0392 -14.6 0.99
      vertex -34.7251 -14.996 0
      vertex -34.871 -14.6832 0
    endloop
  endfacet
  facet normal 0.640681 0.44844 -0.623241
    outer loop
      vertex -33.9193 -14.7713 0.99
      vertex -34.5272 -15.2787 0
      vertex -34.0392 -14.6 0.99
    endloop
  endfacet
  facet normal 0.638811 0.450926 -0.623367
    outer loop
      vertex -34.5272 -15.2787 0
      vertex -33.9193 -14.7713 0.99
      vertex -34.526 -15.2804 0
    endloop
  endfacet
  facet normal 0.640648 0.448476 -0.623249
    outer loop
      vertex -34.0392 -14.6 0.99
      vertex -34.5272 -15.2787 0
      vertex -34.7251 -14.996 0
    endloop
  endfacet
  facet normal 0.70732 -0.335046 -0.622449
    outer loop
      vertex -34.0392 -13.4 0.99
      vertex -34.8719 -13.3187 0
      vertex -34.871 -13.3168 0
    endloop
  endfacet
  facet normal 0.708752 -0.330452 -0.623276
    outer loop
      vertex -34.8719 -13.3187 0
      vertex -34.0392 -13.4 0.99
      vertex -34.1276 -13.5896 0.99
    endloop
  endfacet
  facet normal -0.70872 0.33057 -0.623249
    outer loop
      vertex -31.129 -14.6832 0
      vertex -31.2749 -14.996 0
      vertex -31.9608 -14.6 0.99
    endloop
  endfacet
  facet normal -0.189782 0.75913 -0.622659
    outer loop
      vertex -32.3207 -15.8724 0
      vertex -32.5896 -15.1276 0.99
      vertex -32.3187 -15.8719 0
    endloop
  endfacet
  facet normal -0.202658 0.755292 -0.623269
    outer loop
      vertex -32.5896 -15.1276 0.99
      vertex -32.3207 -15.8724 0
      vertex -32.7916 -15.1818 0.99
    endloop
  endfacet
  facet normal 0.335046 -0.70732 -0.622449
    outer loop
      vertex -33.6813 -12.1281 0
      vertex -33.6 -12.9608 0.99
      vertex -33.6832 -12.129 0
    endloop
  endfacet
  facet normal 0.330452 -0.708752 -0.623276
    outer loop
      vertex -33.6 -12.9608 0.99
      vertex -33.6813 -12.1281 0
      vertex -33.4104 -12.8724 0.99
    endloop
  endfacet
  facet normal 0.778339 -0.0741275 -0.623453
    outer loop
      vertex -34.1818 -13.7916 0.99
      vertex -34.9619 -13.6562 0
      vertex -34.9617 -13.6541 0
    endloop
  endfacet
  facet normal 0.779088 -0.0680394 -0.623211
    outer loop
      vertex -34.9619 -13.6562 0
      vertex -34.1818 -13.7916 0.99
      vertex -34.2 -14 0.99
    endloop
  endfacet
  facet normal -0.335046 0.70732 -0.622449
    outer loop
      vertex -32.3187 -15.8719 0
      vertex -32.4 -15.0392 0.99
      vertex -32.3168 -15.871 0
    endloop
  endfacet
  facet normal -0.330452 0.708752 -0.623276
    outer loop
      vertex -32.4 -15.0392 0.99
      vertex -32.3187 -15.8719 0
      vertex -32.5896 -15.1276 0.99
    endloop
  endfacet
  facet normal 0.75913 -0.189782 -0.622659
    outer loop
      vertex -34.1276 -13.5896 0.99
      vertex -34.8724 -13.3207 0
      vertex -34.8719 -13.3187 0
    endloop
  endfacet
  facet normal 0.755292 -0.202658 -0.623269
    outer loop
      vertex -34.8724 -13.3207 0
      vertex -34.1276 -13.5896 0.99
      vertex -34.1818 -13.7916 0.99
    endloop
  endfacet
  facet normal 0.755426 -0.202338 -0.62321
    outer loop
      vertex -34.8724 -13.3207 0
      vertex -34.1818 -13.7916 0.99
      vertex -34.9617 -13.6541 0
    endloop
  endfacet
  facet normal 0.330452 0.708752 -0.623276
    outer loop
      vertex -33.6813 -15.8719 0
      vertex -33.6 -15.0392 0.99
      vertex -33.4104 -15.1276 0.99
    endloop
  endfacet
  facet normal 0.335046 0.70732 -0.622449
    outer loop
      vertex -33.6 -15.0392 0.99
      vertex -33.6813 -15.8719 0
      vertex -33.6832 -15.871 0
    endloop
  endfacet
  facet normal -0.552977 0.552977 -0.623244
    outer loop
      vertex -31.7196 -15.526 0
      vertex -32.0807 -14.7713 0.99
      vertex -31.474 -15.2804 0
    endloop
  endfacet
  facet normal -0.552977 0.552977 -0.623244
    outer loop
      vertex -32.0807 -14.7713 0.99
      vertex -31.7196 -15.526 0
      vertex -32.2287 -14.9193 0.99
    endloop
  endfacet
  facet normal -0.75913 -0.189782 -0.622659
    outer loop
      vertex -31.1276 -13.3207 0
      vertex -31.8724 -13.5896 0.99
      vertex -31.1281 -13.3187 0
    endloop
  endfacet
  facet normal -0.755292 -0.202658 -0.623269
    outer loop
      vertex -31.8724 -13.5896 0.99
      vertex -31.1276 -13.3207 0
      vertex -31.8182 -13.7916 0.99
    endloop
  endfacet
  facet normal -0.755292 0.202658 -0.623269
    outer loop
      vertex -31.1276 -14.6793 0
      vertex -31.8724 -14.4104 0.99
      vertex -31.8182 -14.2084 0.99
    endloop
  endfacet
  facet normal -0.75913 0.189782 -0.622659
    outer loop
      vertex -31.8724 -14.4104 0.99
      vertex -31.1276 -14.6793 0
      vertex -31.1281 -14.6813 0
    endloop
  endfacet
  facet normal -0.0741275 0.778339 -0.623453
    outer loop
      vertex -32.6562 -15.9619 0
      vertex -32.7916 -15.1818 0.99
      vertex -32.6541 -15.9617 0
    endloop
  endfacet
  facet normal -0.0680394 0.779088 -0.623211
    outer loop
      vertex -32.7916 -15.1818 0.99
      vertex -32.6562 -15.9619 0
      vertex -33 -15.2 0.99
    endloop
  endfacet
  facet normal 0.552977 0.552977 -0.623244
    outer loop
      vertex -34.2804 -15.526 0
      vertex -33.9193 -14.7713 0.99
      vertex -33.7713 -14.9193 0.99
    endloop
  endfacet
  facet normal 0.552977 0.552977 -0.623244
    outer loop
      vertex -33.9193 -14.7713 0.99
      vertex -34.2804 -15.526 0
      vertex -34.526 -15.2804 0
    endloop
  endfacet
  facet normal 0.33057 0.70872 -0.623249
    outer loop
      vertex -33.6 -15.0392 0.99
      vertex -33.6832 -15.871 0
      vertex -33.996 -15.7251 0
    endloop
  endfacet
  facet normal 0.448476 0.640648 -0.623249
    outer loop
      vertex -33.6 -15.0392 0.99
      vertex -33.996 -15.7251 0
      vertex -34.2787 -15.5272 0
    endloop
  endfacet
  facet normal 0.44844 0.640681 -0.623241
    outer loop
      vertex -34.2787 -15.5272 0
      vertex -33.7713 -14.9193 0.99
      vertex -33.6 -15.0392 0.99
    endloop
  endfacet
  facet normal 0.450926 0.638811 -0.623367
    outer loop
      vertex -33.7713 -14.9193 0.99
      vertex -34.2787 -15.5272 0
      vertex -34.2804 -15.526 0
    endloop
  endfacet
  facet normal -0.448476 0.640648 -0.623249
    outer loop
      vertex -31.7213 -15.5272 0
      vertex -32.004 -15.7251 0
      vertex -32.4 -15.0392 0.99
    endloop
  endfacet
  facet normal -0.202338 0.755426 -0.62321
    outer loop
      vertex -32.3207 -15.8724 0
      vertex -32.6541 -15.9617 0
      vertex -32.7916 -15.1818 0.99
    endloop
  endfacet
  facet normal -0.778339 -0.0741275 -0.623453
    outer loop
      vertex -31.0381 -13.6562 0
      vertex -31.8182 -13.7916 0.99
      vertex -31.0383 -13.6541 0
    endloop
  endfacet
  facet normal -0.779088 -0.0680394 -0.623211
    outer loop
      vertex -31.8182 -13.7916 0.99
      vertex -31.0381 -13.6562 0
      vertex -31.8 -14 0.99
    endloop
  endfacet
  facet normal -0.965837 0.25915 0
    outer loop
      vertex -31.8724 13.5896 0.99
      vertex -31.8182 13.7916 2
      vertex -31.8182 13.7916 0.99
    endloop
  endfacet
  facet normal -0.965837 0.25915 0
    outer loop
      vertex -31.8182 13.7916 2
      vertex -31.8724 13.5896 0.99
      vertex -31.8724 13.5896 2
    endloop
  endfacet
  facet normal -0.965837 -0.25915 0
    outer loop
      vertex -31.8182 14.2084 0.99
      vertex -31.8724 14.4104 2
      vertex -31.8724 14.4104 0.99
    endloop
  endfacet
  facet normal -0.965837 -0.25915 0
    outer loop
      vertex -31.8724 14.4104 2
      vertex -31.8182 14.2084 0.99
      vertex -31.8182 14.2084 2
    endloop
  endfacet
  facet normal -0.996208 -0.0870009 0
    outer loop
      vertex -31.8 14 0.99
      vertex -31.8182 14.2084 2
      vertex -31.8182 14.2084 0.99
    endloop
  endfacet
  facet normal -0.996208 -0.0870009 0
    outer loop
      vertex -31.8182 14.2084 2
      vertex -31.8 14 0.99
      vertex -31.8 14 2
    endloop
  endfacet
  facet normal -0.90633 -0.422571 0
    outer loop
      vertex -31.8724 14.4104 0.99
      vertex -31.9608 14.6 2
      vertex -31.9608 14.6 0.99
    endloop
  endfacet
  facet normal -0.90633 -0.422571 0
    outer loop
      vertex -31.9608 14.6 2
      vertex -31.8724 14.4104 0.99
      vertex -31.8724 14.4104 2
    endloop
  endfacet
  facet normal 0.965837 0.25915 0
    outer loop
      vertex -34.1276 13.5896 2
      vertex -34.1818 13.7916 0.99
      vertex -34.1818 13.7916 2
    endloop
  endfacet
  facet normal 0.965837 0.25915 0
    outer loop
      vertex -34.1818 13.7916 0.99
      vertex -34.1276 13.5896 2
      vertex -34.1276 13.5896 0.99
    endloop
  endfacet
  facet normal 0.819254 -0.57343 0
    outer loop
      vertex -34.0392 14.6 2
      vertex -33.9193 14.7713 0.99
      vertex -33.9193 14.7713 2
    endloop
  endfacet
  facet normal 0.819254 -0.57343 0
    outer loop
      vertex -33.9193 14.7713 0.99
      vertex -34.0392 14.6 2
      vertex -34.0392 14.6 0.99
    endloop
  endfacet
  facet normal 0.422571 -0.90633 0
    outer loop
      vertex -33.6 15.0392 0.99
      vertex -33.4104 15.1276 2
      vertex -33.6 15.0392 2
    endloop
  endfacet
  facet normal 0.422571 -0.90633 0
    outer loop
      vertex -33.4104 15.1276 2
      vertex -33.6 15.0392 0.99
      vertex -33.4104 15.1276 0.99
    endloop
  endfacet
  facet normal 0.57343 0.819254 -0
    outer loop
      vertex -33.6 12.9608 0.99
      vertex -33.7713 13.0807 2
      vertex -33.6 12.9608 2
    endloop
  endfacet
  facet normal 0.57343 0.819254 0
    outer loop
      vertex -33.7713 13.0807 2
      vertex -33.6 12.9608 0.99
      vertex -33.7713 13.0807 0.99
    endloop
  endfacet
  facet normal 0.0870009 0.996208 -0
    outer loop
      vertex -33 12.8 0.99
      vertex -33.2084 12.8182 2
      vertex -33 12.8 2
    endloop
  endfacet
  facet normal 0.0870009 0.996208 0
    outer loop
      vertex -33.2084 12.8182 2
      vertex -33 12.8 0.99
      vertex -33.2084 12.8182 0.99
    endloop
  endfacet
  facet normal -0.0870009 0.996208 0
    outer loop
      vertex -32.7916 12.8182 0.99
      vertex -33 12.8 2
      vertex -32.7916 12.8182 2
    endloop
  endfacet
  facet normal -0.0870009 0.996208 0
    outer loop
      vertex -33 12.8 2
      vertex -32.7916 12.8182 0.99
      vertex -33 12.8 0.99
    endloop
  endfacet
  facet normal -0.90633 0.422571 0
    outer loop
      vertex -31.9608 13.4 0.99
      vertex -31.8724 13.5896 2
      vertex -31.8724 13.5896 0.99
    endloop
  endfacet
  facet normal -0.90633 0.422571 0
    outer loop
      vertex -31.8724 13.5896 2
      vertex -31.9608 13.4 0.99
      vertex -31.9608 13.4 2
    endloop
  endfacet
  facet normal -0.707107 -0.707107 0
    outer loop
      vertex -32.0807 14.7713 0.99
      vertex -32.2287 14.9193 2
      vertex -32.2287 14.9193 0.99
    endloop
  endfacet
  facet normal -0.707107 -0.707107 0
    outer loop
      vertex -32.2287 14.9193 2
      vertex -32.0807 14.7713 0.99
      vertex -32.0807 14.7713 2
    endloop
  endfacet
  facet normal -0.707107 0.707107 0
    outer loop
      vertex -32.2287 13.0807 0.99
      vertex -32.0807 13.2287 2
      vertex -32.0807 13.2287 0.99
    endloop
  endfacet
  facet normal -0.707107 0.707107 0
    outer loop
      vertex -32.0807 13.2287 2
      vertex -32.2287 13.0807 0.99
      vertex -32.2287 13.0807 2
    endloop
  endfacet
  facet normal 0.996208 -0.0870009 0
    outer loop
      vertex -34.2 14 2
      vertex -34.1818 14.2084 0.99
      vertex -34.1818 14.2084 2
    endloop
  endfacet
  facet normal 0.996208 -0.0870009 0
    outer loop
      vertex -34.1818 14.2084 0.99
      vertex -34.2 14 2
      vertex -34.2 14 0.99
    endloop
  endfacet
  facet normal -0.25915 -0.965837 0
    outer loop
      vertex -32.7916 15.1818 0.99
      vertex -32.5896 15.1276 2
      vertex -32.7916 15.1818 2
    endloop
  endfacet
  facet normal -0.25915 -0.965837 -0
    outer loop
      vertex -32.5896 15.1276 2
      vertex -32.7916 15.1818 0.99
      vertex -32.5896 15.1276 0.99
    endloop
  endfacet
  facet normal 0.996208 0.0870009 0
    outer loop
      vertex -34.1818 13.7916 2
      vertex -34.2 14 0.99
      vertex -34.2 14 2
    endloop
  endfacet
  facet normal 0.996208 0.0870009 0
    outer loop
      vertex -34.2 14 0.99
      vertex -34.1818 13.7916 2
      vertex -34.1818 13.7916 0.99
    endloop
  endfacet
  facet normal -0.819254 0.57343 0
    outer loop
      vertex -32.0807 13.2287 0.99
      vertex -31.9608 13.4 2
      vertex -31.9608 13.4 0.99
    endloop
  endfacet
  facet normal -0.819254 0.57343 0
    outer loop
      vertex -31.9608 13.4 2
      vertex -32.0807 13.2287 0.99
      vertex -32.0807 13.2287 2
    endloop
  endfacet
  facet normal 0.25915 0.965837 -0
    outer loop
      vertex -33.2084 12.8182 0.99
      vertex -33.4104 12.8724 2
      vertex -33.2084 12.8182 2
    endloop
  endfacet
  facet normal 0.25915 0.965837 0
    outer loop
      vertex -33.4104 12.8724 2
      vertex -33.2084 12.8182 0.99
      vertex -33.4104 12.8724 0.99
    endloop
  endfacet
  facet normal -0.422571 0.90633 0
    outer loop
      vertex -32.4 12.9608 0.99
      vertex -32.5896 12.8724 2
      vertex -32.4 12.9608 2
    endloop
  endfacet
  facet normal -0.422571 0.90633 0
    outer loop
      vertex -32.5896 12.8724 2
      vertex -32.4 12.9608 0.99
      vertex -32.5896 12.8724 0.99
    endloop
  endfacet
  facet normal 0.57343 -0.819254 0
    outer loop
      vertex -33.7713 14.9193 0.99
      vertex -33.6 15.0392 2
      vertex -33.7713 14.9193 2
    endloop
  endfacet
  facet normal 0.57343 -0.819254 0
    outer loop
      vertex -33.6 15.0392 2
      vertex -33.7713 14.9193 0.99
      vertex -33.6 15.0392 0.99
    endloop
  endfacet
  facet normal -0.819254 -0.57343 0
    outer loop
      vertex -31.9608 14.6 0.99
      vertex -32.0807 14.7713 2
      vertex -32.0807 14.7713 0.99
    endloop
  endfacet
  facet normal -0.819254 -0.57343 0
    outer loop
      vertex -32.0807 14.7713 2
      vertex -31.9608 14.6 0.99
      vertex -31.9608 14.6 2
    endloop
  endfacet
  facet normal -0.422571 -0.90633 0
    outer loop
      vertex -32.5896 15.1276 0.99
      vertex -32.4 15.0392 2
      vertex -32.5896 15.1276 2
    endloop
  endfacet
  facet normal -0.422571 -0.90633 -0
    outer loop
      vertex -32.4 15.0392 2
      vertex -32.5896 15.1276 0.99
      vertex -32.4 15.0392 0.99
    endloop
  endfacet
  facet normal -0.25915 0.965837 0
    outer loop
      vertex -32.5896 12.8724 0.99
      vertex -32.7916 12.8182 2
      vertex -32.5896 12.8724 2
    endloop
  endfacet
  facet normal -0.25915 0.965837 0
    outer loop
      vertex -32.7916 12.8182 2
      vertex -32.5896 12.8724 0.99
      vertex -32.7916 12.8182 0.99
    endloop
  endfacet
  facet normal -0.57343 0.819254 0
    outer loop
      vertex -32.2287 13.0807 0.99
      vertex -32.4 12.9608 2
      vertex -32.2287 13.0807 2
    endloop
  endfacet
  facet normal -0.57343 0.819254 0
    outer loop
      vertex -32.4 12.9608 2
      vertex -32.2287 13.0807 0.99
      vertex -32.4 12.9608 0.99
    endloop
  endfacet
  facet normal -0.996208 0.0870009 0
    outer loop
      vertex -31.8182 13.7916 0.99
      vertex -31.8 14 2
      vertex -31.8 14 0.99
    endloop
  endfacet
  facet normal -0.996208 0.0870009 0
    outer loop
      vertex -31.8 14 2
      vertex -31.8182 13.7916 0.99
      vertex -31.8182 13.7916 2
    endloop
  endfacet
  facet normal -0.57343 -0.819254 0
    outer loop
      vertex -32.4 15.0392 0.99
      vertex -32.2287 14.9193 2
      vertex -32.4 15.0392 2
    endloop
  endfacet
  facet normal -0.57343 -0.819254 -0
    outer loop
      vertex -32.2287 14.9193 2
      vertex -32.4 15.0392 0.99
      vertex -32.2287 14.9193 0.99
    endloop
  endfacet
  facet normal -0.0870009 -0.996208 0
    outer loop
      vertex -33 15.2 0.99
      vertex -32.7916 15.1818 2
      vertex -33 15.2 2
    endloop
  endfacet
  facet normal -0.0870009 -0.996208 -0
    outer loop
      vertex -32.7916 15.1818 2
      vertex -33 15.2 0.99
      vertex -32.7916 15.1818 0.99
    endloop
  endfacet
  facet normal 0.90633 -0.422571 0
    outer loop
      vertex -34.1276 14.4104 2
      vertex -34.0392 14.6 0.99
      vertex -34.0392 14.6 2
    endloop
  endfacet
  facet normal 0.90633 -0.422571 0
    outer loop
      vertex -34.0392 14.6 0.99
      vertex -34.1276 14.4104 2
      vertex -34.1276 14.4104 0.99
    endloop
  endfacet
  facet normal 0.25915 -0.965837 0
    outer loop
      vertex -33.4104 15.1276 0.99
      vertex -33.2084 15.1818 2
      vertex -33.4104 15.1276 2
    endloop
  endfacet
  facet normal 0.25915 -0.965837 0
    outer loop
      vertex -33.2084 15.1818 2
      vertex -33.4104 15.1276 0.99
      vertex -33.2084 15.1818 0.99
    endloop
  endfacet
  facet normal 0.0870009 -0.996208 0
    outer loop
      vertex -33.2084 15.1818 0.99
      vertex -33 15.2 2
      vertex -33.2084 15.1818 2
    endloop
  endfacet
  facet normal 0.0870009 -0.996208 0
    outer loop
      vertex -33 15.2 2
      vertex -33.2084 15.1818 0.99
      vertex -33 15.2 0.99
    endloop
  endfacet
  facet normal 0.90633 0.422571 0
    outer loop
      vertex -34.0392 13.4 2
      vertex -34.1276 13.5896 0.99
      vertex -34.1276 13.5896 2
    endloop
  endfacet
  facet normal 0.90633 0.422571 0
    outer loop
      vertex -34.1276 13.5896 0.99
      vertex -34.0392 13.4 2
      vertex -34.0392 13.4 0.99
    endloop
  endfacet
  facet normal 0.819254 0.57343 0
    outer loop
      vertex -33.9193 13.2287 2
      vertex -34.0392 13.4 0.99
      vertex -34.0392 13.4 2
    endloop
  endfacet
  facet normal 0.819254 0.57343 0
    outer loop
      vertex -34.0392 13.4 0.99
      vertex -33.9193 13.2287 2
      vertex -33.9193 13.2287 0.99
    endloop
  endfacet
  facet normal 0.707107 0.707107 0
    outer loop
      vertex -33.7713 13.0807 2
      vertex -33.9193 13.2287 0.99
      vertex -33.9193 13.2287 2
    endloop
  endfacet
  facet normal 0.707107 0.707107 0
    outer loop
      vertex -33.9193 13.2287 0.99
      vertex -33.7713 13.0807 2
      vertex -33.7713 13.0807 0.99
    endloop
  endfacet
  facet normal 0.422571 0.90633 -0
    outer loop
      vertex -33.4104 12.8724 0.99
      vertex -33.6 12.9608 2
      vertex -33.4104 12.8724 2
    endloop
  endfacet
  facet normal 0.422571 0.90633 0
    outer loop
      vertex -33.6 12.9608 2
      vertex -33.4104 12.8724 0.99
      vertex -33.6 12.9608 0.99
    endloop
  endfacet
  facet normal 0.965837 -0.25915 0
    outer loop
      vertex -34.1818 14.2084 2
      vertex -34.1276 14.4104 0.99
      vertex -34.1276 14.4104 2
    endloop
  endfacet
  facet normal 0.965837 -0.25915 0
    outer loop
      vertex -34.1276 14.4104 0.99
      vertex -34.1818 14.2084 2
      vertex -34.1818 14.2084 0.99
    endloop
  endfacet
  facet normal 0.707107 -0.707107 0
    outer loop
      vertex -33.9193 14.7713 2
      vertex -33.7713 14.9193 0.99
      vertex -33.7713 14.9193 2
    endloop
  endfacet
  facet normal 0.707107 -0.707107 0
    outer loop
      vertex -33.7713 14.9193 0.99
      vertex -33.9193 14.7713 2
      vertex -33.9193 14.7713 0.99
    endloop
  endfacet
  facet normal -0.77905 -0.0682066 -0.62324
    outer loop
      vertex -31.0381 14.3438 0
      vertex -31.008 14 0
      vertex -31.8 14 0.99
    endloop
  endfacet
  facet normal 0.0682066 0.77905 -0.62324
    outer loop
      vertex -33 12.8 0.99
      vertex -33 12.008 0
      vertex -33.3438 12.0381 0
    endloop
  endfacet
  facet normal -0.33057 -0.70872 -0.623249
    outer loop
      vertex -32.3168 15.871 0
      vertex -32.004 15.7251 0
      vertex -32.4 15.0392 0.99
    endloop
  endfacet
  facet normal 0.755426 0.202338 -0.62321
    outer loop
      vertex -34.1818 13.7916 0.99
      vertex -34.8724 13.3207 0
      vertex -34.9617 13.6541 0
    endloop
  endfacet
  facet normal -0.44844 -0.640681 -0.623241
    outer loop
      vertex -31.7213 15.5272 0
      vertex -32.2287 14.9193 0.99
      vertex -32.4 15.0392 0.99
    endloop
  endfacet
  facet normal -0.450926 -0.638811 -0.623367
    outer loop
      vertex -32.2287 14.9193 0.99
      vertex -31.7213 15.5272 0
      vertex -31.7196 15.526 0
    endloop
  endfacet
  facet normal -0.638811 -0.450926 -0.623367
    outer loop
      vertex -31.4728 15.2787 0
      vertex -32.0807 14.7713 0.99
      vertex -31.474 15.2804 0
    endloop
  endfacet
  facet normal -0.640681 -0.44844 -0.623241
    outer loop
      vertex -32.0807 14.7713 0.99
      vertex -31.4728 15.2787 0
      vertex -31.9608 14.6 0.99
    endloop
  endfacet
  facet normal -0.330452 -0.708752 -0.623276
    outer loop
      vertex -32.3187 15.8719 0
      vertex -32.4 15.0392 0.99
      vertex -32.5896 15.1276 0.99
    endloop
  endfacet
  facet normal -0.335046 -0.70732 -0.622449
    outer loop
      vertex -32.4 15.0392 0.99
      vertex -32.3187 15.8719 0
      vertex -32.3168 15.871 0
    endloop
  endfacet
  facet normal 0.77905 -0.0682066 -0.62324
    outer loop
      vertex -34.9619 14.3438 0
      vertex -34.2 14 0.99
      vertex -34.992 14 0
    endloop
  endfacet
  facet normal -0.70732 -0.335046 -0.622449
    outer loop
      vertex -31.1281 14.6813 0
      vertex -31.9608 14.6 0.99
      vertex -31.129 14.6832 0
    endloop
  endfacet
  facet normal -0.708752 -0.330452 -0.623276
    outer loop
      vertex -31.9608 14.6 0.99
      vertex -31.1281 14.6813 0
      vertex -31.8724 14.4104 0.99
    endloop
  endfacet
  facet normal 0.0680394 0.779088 -0.623211
    outer loop
      vertex -33.3438 12.0381 0
      vertex -33.2084 12.8182 0.99
      vertex -33 12.8 0.99
    endloop
  endfacet
  facet normal 0.0741275 0.778339 -0.623453
    outer loop
      vertex -33.2084 12.8182 0.99
      vertex -33.3438 12.0381 0
      vertex -33.3459 12.0383 0
    endloop
  endfacet
  facet normal -0.552977 -0.552977 -0.623244
    outer loop
      vertex -32.0807 14.7713 0.99
      vertex -31.7196 15.526 0
      vertex -31.474 15.2804 0
    endloop
  endfacet
  facet normal -0.552977 -0.552977 -0.623244
    outer loop
      vertex -31.7196 15.526 0
      vertex -32.0807 14.7713 0.99
      vertex -32.2287 14.9193 0.99
    endloop
  endfacet
  facet normal -0.33057 0.70872 -0.623249
    outer loop
      vertex -32.004 12.2749 0
      vertex -32.3168 12.129 0
      vertex -32.4 12.9608 0.99
    endloop
  endfacet
  facet normal -0.755426 -0.202338 -0.62321
    outer loop
      vertex -31.1276 14.6793 0
      vertex -31.0383 14.3459 0
      vertex -31.8182 14.2084 0.99
    endloop
  endfacet
  facet normal -0.640648 -0.448476 -0.623249
    outer loop
      vertex -31.4728 15.2787 0
      vertex -31.2749 14.996 0
      vertex -31.9608 14.6 0.99
    endloop
  endfacet
  facet normal -0.0682066 0.77905 -0.62324
    outer loop
      vertex -33 12.8 0.99
      vertex -32.6562 12.0381 0
      vertex -33 12.008 0
    endloop
  endfacet
  facet normal -0.448476 -0.640648 -0.623249
    outer loop
      vertex -32.004 15.7251 0
      vertex -31.7213 15.5272 0
      vertex -32.4 15.0392 0.99
    endloop
  endfacet
  facet normal -0.77905 0.0682066 -0.62324
    outer loop
      vertex -31.008 14 0
      vertex -31.0381 13.6562 0
      vertex -31.8 14 0.99
    endloop
  endfacet
  facet normal 0.189782 -0.75913 -0.622659
    outer loop
      vertex -33.6793 15.8724 0
      vertex -33.4104 15.1276 0.99
      vertex -33.6813 15.8719 0
    endloop
  endfacet
  facet normal 0.202658 -0.755292 -0.623269
    outer loop
      vertex -33.4104 15.1276 0.99
      vertex -33.6793 15.8724 0
      vertex -33.2084 15.1818 0.99
    endloop
  endfacet
  facet normal -0.0682066 -0.77905 -0.62324
    outer loop
      vertex -33 15.992 0
      vertex -32.6562 15.9619 0
      vertex -33 15.2 0.99
    endloop
  endfacet
  facet normal 0.77905 0.0682066 -0.62324
    outer loop
      vertex -34.2 14 0.99
      vertex -34.9619 13.6562 0
      vertex -34.992 14 0
    endloop
  endfacet
  facet normal -0.70872 -0.33057 -0.623249
    outer loop
      vertex -31.2749 14.996 0
      vertex -31.129 14.6832 0
      vertex -31.9608 14.6 0.99
    endloop
  endfacet
  facet normal -0.708752 0.330452 -0.623276
    outer loop
      vertex -31.1281 13.3187 0
      vertex -31.9608 13.4 0.99
      vertex -31.8724 13.5896 0.99
    endloop
  endfacet
  facet normal -0.70732 0.335046 -0.622449
    outer loop
      vertex -31.9608 13.4 0.99
      vertex -31.1281 13.3187 0
      vertex -31.129 13.3168 0
    endloop
  endfacet
  facet normal 0.640648 -0.448476 -0.623249
    outer loop
      vertex -34.5272 15.2787 0
      vertex -34.0392 14.6 0.99
      vertex -34.7251 14.996 0
    endloop
  endfacet
  facet normal -0.640648 0.448476 -0.623249
    outer loop
      vertex -31.2749 13.004 0
      vertex -31.4728 12.7213 0
      vertex -31.9608 13.4 0.99
    endloop
  endfacet
  facet normal 0.448476 -0.640648 -0.623249
    outer loop
      vertex -33.996 15.7251 0
      vertex -33.6 15.0392 0.99
      vertex -34.2787 15.5272 0
    endloop
  endfacet
  facet normal 0.450926 -0.638811 -0.623367
    outer loop
      vertex -34.2787 15.5272 0
      vertex -33.7713 14.9193 0.99
      vertex -34.2804 15.526 0
    endloop
  endfacet
  facet normal 0.44844 -0.640681 -0.623241
    outer loop
      vertex -33.7713 14.9193 0.99
      vertex -34.2787 15.5272 0
      vertex -33.6 15.0392 0.99
    endloop
  endfacet
  facet normal -0.0680394 -0.779088 -0.623211
    outer loop
      vertex -32.6562 15.9619 0
      vertex -32.7916 15.1818 0.99
      vertex -33 15.2 0.99
    endloop
  endfacet
  facet normal -0.0741275 -0.778339 -0.623453
    outer loop
      vertex -32.7916 15.1818 0.99
      vertex -32.6562 15.9619 0
      vertex -32.6541 15.9617 0
    endloop
  endfacet
  facet normal 0.0682066 -0.77905 -0.62324
    outer loop
      vertex -33 15.992 0
      vertex -33 15.2 0.99
      vertex -33.3438 15.9619 0
    endloop
  endfacet
  facet normal 0.33057 -0.70872 -0.623249
    outer loop
      vertex -33.6832 15.871 0
      vertex -33.6 15.0392 0.99
      vertex -33.996 15.7251 0
    endloop
  endfacet
  facet normal 0.552977 -0.552977 -0.623244
    outer loop
      vertex -33.9193 14.7713 0.99
      vertex -34.2804 15.526 0
      vertex -33.7713 14.9193 0.99
    endloop
  endfacet
  facet normal 0.552977 -0.552977 -0.623244
    outer loop
      vertex -34.2804 15.526 0
      vertex -33.9193 14.7713 0.99
      vertex -34.526 15.2804 0
    endloop
  endfacet
  facet normal 0.638811 -0.450926 -0.623367
    outer loop
      vertex -33.9193 14.7713 0.99
      vertex -34.5272 15.2787 0
      vertex -34.526 15.2804 0
    endloop
  endfacet
  facet normal 0.640681 -0.44844 -0.623241
    outer loop
      vertex -34.5272 15.2787 0
      vertex -33.9193 14.7713 0.99
      vertex -34.0392 14.6 0.99
    endloop
  endfacet
  facet normal 0.202658 0.755292 -0.623269
    outer loop
      vertex -33.6793 12.1276 0
      vertex -33.4104 12.8724 0.99
      vertex -33.2084 12.8182 0.99
    endloop
  endfacet
  facet normal 0.189782 0.75913 -0.622659
    outer loop
      vertex -33.4104 12.8724 0.99
      vertex -33.6793 12.1276 0
      vertex -33.6813 12.1281 0
    endloop
  endfacet
  facet normal 0.755292 0.202658 -0.623269
    outer loop
      vertex -34.1276 13.5896 0.99
      vertex -34.8724 13.3207 0
      vertex -34.1818 13.7916 0.99
    endloop
  endfacet
  facet normal 0.75913 0.189782 -0.622659
    outer loop
      vertex -34.8724 13.3207 0
      vertex -34.1276 13.5896 0.99
      vertex -34.8719 13.3187 0
    endloop
  endfacet
  facet normal 0.0741275 -0.778339 -0.623453
    outer loop
      vertex -33.3438 15.9619 0
      vertex -33.2084 15.1818 0.99
      vertex -33.3459 15.9617 0
    endloop
  endfacet
  facet normal 0.0680394 -0.779088 -0.623211
    outer loop
      vertex -33.2084 15.1818 0.99
      vertex -33.3438 15.9619 0
      vertex -33 15.2 0.99
    endloop
  endfacet
  facet normal 0.202338 -0.755426 -0.62321
    outer loop
      vertex -33.3459 15.9617 0
      vertex -33.2084 15.1818 0.99
      vertex -33.6793 15.8724 0
    endloop
  endfacet
  facet normal -0.202658 -0.755292 -0.623269
    outer loop
      vertex -32.3207 15.8724 0
      vertex -32.5896 15.1276 0.99
      vertex -32.7916 15.1818 0.99
    endloop
  endfacet
  facet normal -0.189782 -0.75913 -0.622659
    outer loop
      vertex -32.5896 15.1276 0.99
      vertex -32.3207 15.8724 0
      vertex -32.3187 15.8719 0
    endloop
  endfacet
  facet normal -0.202338 -0.755426 -0.62321
    outer loop
      vertex -32.6541 15.9617 0
      vertex -32.3207 15.8724 0
      vertex -32.7916 15.1818 0.99
    endloop
  endfacet
  facet normal 0.779088 0.0680394 -0.623211
    outer loop
      vertex -34.1818 13.7916 0.99
      vertex -34.9619 13.6562 0
      vertex -34.2 14 0.99
    endloop
  endfacet
  facet normal 0.778339 0.0741275 -0.623453
    outer loop
      vertex -34.9619 13.6562 0
      vertex -34.1818 13.7916 0.99
      vertex -34.9617 13.6541 0
    endloop
  endfacet
  facet normal -0.640681 0.44844 -0.623241
    outer loop
      vertex -31.4728 12.7213 0
      vertex -32.0807 13.2287 0.99
      vertex -31.9608 13.4 0.99
    endloop
  endfacet
  facet normal -0.638811 0.450926 -0.623367
    outer loop
      vertex -32.0807 13.2287 0.99
      vertex -31.4728 12.7213 0
      vertex -31.474 12.7196 0
    endloop
  endfacet
  facet normal -0.755426 0.202338 -0.62321
    outer loop
      vertex -31.0383 13.6541 0
      vertex -31.1276 13.3207 0
      vertex -31.8182 13.7916 0.99
    endloop
  endfacet
  facet normal -0.779088 0.0680394 -0.623211
    outer loop
      vertex -31.0381 13.6562 0
      vertex -31.8182 13.7916 0.99
      vertex -31.8 14 0.99
    endloop
  endfacet
  facet normal -0.778339 0.0741275 -0.623453
    outer loop
      vertex -31.8182 13.7916 0.99
      vertex -31.0381 13.6562 0
      vertex -31.0383 13.6541 0
    endloop
  endfacet
  facet normal -0.450926 0.638811 -0.623367
    outer loop
      vertex -31.7213 12.4728 0
      vertex -32.2287 13.0807 0.99
      vertex -31.7196 12.474 0
    endloop
  endfacet
  facet normal -0.44844 0.640681 -0.623241
    outer loop
      vertex -32.2287 13.0807 0.99
      vertex -31.7213 12.4728 0
      vertex -32.4 12.9608 0.99
    endloop
  endfacet
  facet normal 0.708752 0.330452 -0.623276
    outer loop
      vertex -34.0392 13.4 0.99
      vertex -34.8719 13.3187 0
      vertex -34.1276 13.5896 0.99
    endloop
  endfacet
  facet normal 0.70732 0.335046 -0.622449
    outer loop
      vertex -34.8719 13.3187 0
      vertex -34.0392 13.4 0.99
      vertex -34.871 13.3168 0
    endloop
  endfacet
  facet normal 0.70872 -0.33057 -0.623249
    outer loop
      vertex -34.7251 14.996 0
      vertex -34.0392 14.6 0.99
      vertex -34.871 14.6832 0
    endloop
  endfacet
  facet normal 0.202338 0.755426 -0.62321
    outer loop
      vertex -33.2084 12.8182 0.99
      vertex -33.3459 12.0383 0
      vertex -33.6793 12.1276 0
    endloop
  endfacet
  facet normal 0.70872 0.33057 -0.623249
    outer loop
      vertex -34.0392 13.4 0.99
      vertex -34.7251 13.004 0
      vertex -34.871 13.3168 0
    endloop
  endfacet
  facet normal 0.640681 0.44844 -0.623241
    outer loop
      vertex -33.9193 13.2287 0.99
      vertex -34.5272 12.7213 0
      vertex -34.0392 13.4 0.99
    endloop
  endfacet
  facet normal 0.638811 0.450926 -0.623367
    outer loop
      vertex -34.5272 12.7213 0
      vertex -33.9193 13.2287 0.99
      vertex -34.526 12.7196 0
    endloop
  endfacet
  facet normal 0.640648 0.448476 -0.623249
    outer loop
      vertex -34.0392 13.4 0.99
      vertex -34.5272 12.7213 0
      vertex -34.7251 13.004 0
    endloop
  endfacet
  facet normal 0.70732 -0.335046 -0.622449
    outer loop
      vertex -34.0392 14.6 0.99
      vertex -34.8719 14.6813 0
      vertex -34.871 14.6832 0
    endloop
  endfacet
  facet normal 0.708752 -0.330452 -0.623276
    outer loop
      vertex -34.8719 14.6813 0
      vertex -34.0392 14.6 0.99
      vertex -34.1276 14.4104 0.99
    endloop
  endfacet
  facet normal -0.70872 0.33057 -0.623249
    outer loop
      vertex -31.129 13.3168 0
      vertex -31.2749 13.004 0
      vertex -31.9608 13.4 0.99
    endloop
  endfacet
  facet normal -0.189782 0.75913 -0.622659
    outer loop
      vertex -32.3207 12.1276 0
      vertex -32.5896 12.8724 0.99
      vertex -32.3187 12.1281 0
    endloop
  endfacet
  facet normal -0.202658 0.755292 -0.623269
    outer loop
      vertex -32.5896 12.8724 0.99
      vertex -32.3207 12.1276 0
      vertex -32.7916 12.8182 0.99
    endloop
  endfacet
  facet normal 0.335046 -0.70732 -0.622449
    outer loop
      vertex -33.6813 15.8719 0
      vertex -33.6 15.0392 0.99
      vertex -33.6832 15.871 0
    endloop
  endfacet
  facet normal 0.330452 -0.708752 -0.623276
    outer loop
      vertex -33.6 15.0392 0.99
      vertex -33.6813 15.8719 0
      vertex -33.4104 15.1276 0.99
    endloop
  endfacet
  facet normal 0.778339 -0.0741275 -0.623453
    outer loop
      vertex -34.1818 14.2084 0.99
      vertex -34.9619 14.3438 0
      vertex -34.9617 14.3459 0
    endloop
  endfacet
  facet normal 0.779088 -0.0680394 -0.623211
    outer loop
      vertex -34.9619 14.3438 0
      vertex -34.1818 14.2084 0.99
      vertex -34.2 14 0.99
    endloop
  endfacet
  facet normal -0.335046 0.70732 -0.622449
    outer loop
      vertex -32.3187 12.1281 0
      vertex -32.4 12.9608 0.99
      vertex -32.3168 12.129 0
    endloop
  endfacet
  facet normal -0.330452 0.708752 -0.623276
    outer loop
      vertex -32.4 12.9608 0.99
      vertex -32.3187 12.1281 0
      vertex -32.5896 12.8724 0.99
    endloop
  endfacet
  facet normal 0.75913 -0.189782 -0.622659
    outer loop
      vertex -34.1276 14.4104 0.99
      vertex -34.8724 14.6793 0
      vertex -34.8719 14.6813 0
    endloop
  endfacet
  facet normal 0.755292 -0.202658 -0.623269
    outer loop
      vertex -34.8724 14.6793 0
      vertex -34.1276 14.4104 0.99
      vertex -34.1818 14.2084 0.99
    endloop
  endfacet
  facet normal 0.755426 -0.202338 -0.62321
    outer loop
      vertex -34.8724 14.6793 0
      vertex -34.1818 14.2084 0.99
      vertex -34.9617 14.3459 0
    endloop
  endfacet
  facet normal 0.330452 0.708752 -0.623276
    outer loop
      vertex -33.6813 12.1281 0
      vertex -33.6 12.9608 0.99
      vertex -33.4104 12.8724 0.99
    endloop
  endfacet
  facet normal 0.335046 0.70732 -0.622449
    outer loop
      vertex -33.6 12.9608 0.99
      vertex -33.6813 12.1281 0
      vertex -33.6832 12.129 0
    endloop
  endfacet
  facet normal -0.552977 0.552977 -0.623244
    outer loop
      vertex -31.7196 12.474 0
      vertex -32.0807 13.2287 0.99
      vertex -31.474 12.7196 0
    endloop
  endfacet
  facet normal -0.552977 0.552977 -0.623244
    outer loop
      vertex -32.0807 13.2287 0.99
      vertex -31.7196 12.474 0
      vertex -32.2287 13.0807 0.99
    endloop
  endfacet
  facet normal -0.75913 -0.189782 -0.622659
    outer loop
      vertex -31.1276 14.6793 0
      vertex -31.8724 14.4104 0.99
      vertex -31.1281 14.6813 0
    endloop
  endfacet
  facet normal -0.755292 -0.202658 -0.623269
    outer loop
      vertex -31.8724 14.4104 0.99
      vertex -31.1276 14.6793 0
      vertex -31.8182 14.2084 0.99
    endloop
  endfacet
  facet normal -0.755292 0.202658 -0.623269
    outer loop
      vertex -31.1276 13.3207 0
      vertex -31.8724 13.5896 0.99
      vertex -31.8182 13.7916 0.99
    endloop
  endfacet
  facet normal -0.75913 0.189782 -0.622659
    outer loop
      vertex -31.8724 13.5896 0.99
      vertex -31.1276 13.3207 0
      vertex -31.1281 13.3187 0
    endloop
  endfacet
  facet normal -0.0741275 0.778339 -0.623453
    outer loop
      vertex -32.6562 12.0381 0
      vertex -32.7916 12.8182 0.99
      vertex -32.6541 12.0383 0
    endloop
  endfacet
  facet normal -0.0680394 0.779088 -0.623211
    outer loop
      vertex -32.7916 12.8182 0.99
      vertex -32.6562 12.0381 0
      vertex -33 12.8 0.99
    endloop
  endfacet
  facet normal 0.552977 0.552977 -0.623244
    outer loop
      vertex -34.2804 12.474 0
      vertex -33.9193 13.2287 0.99
      vertex -33.7713 13.0807 0.99
    endloop
  endfacet
  facet normal 0.552977 0.552977 -0.623244
    outer loop
      vertex -33.9193 13.2287 0.99
      vertex -34.2804 12.474 0
      vertex -34.526 12.7196 0
    endloop
  endfacet
  facet normal 0.33057 0.70872 -0.623249
    outer loop
      vertex -33.6 12.9608 0.99
      vertex -33.6832 12.129 0
      vertex -33.996 12.2749 0
    endloop
  endfacet
  facet normal 0.448476 0.640648 -0.623249
    outer loop
      vertex -33.6 12.9608 0.99
      vertex -33.996 12.2749 0
      vertex -34.2787 12.4728 0
    endloop
  endfacet
  facet normal 0.44844 0.640681 -0.623241
    outer loop
      vertex -34.2787 12.4728 0
      vertex -33.7713 13.0807 0.99
      vertex -33.6 12.9608 0.99
    endloop
  endfacet
  facet normal 0.450926 0.638811 -0.623367
    outer loop
      vertex -33.7713 13.0807 0.99
      vertex -34.2787 12.4728 0
      vertex -34.2804 12.474 0
    endloop
  endfacet
  facet normal -0.448476 0.640648 -0.623249
    outer loop
      vertex -31.7213 12.4728 0
      vertex -32.004 12.2749 0
      vertex -32.4 12.9608 0.99
    endloop
  endfacet
  facet normal -0.202338 0.755426 -0.62321
    outer loop
      vertex -32.3207 12.1276 0
      vertex -32.6541 12.0383 0
      vertex -32.7916 12.8182 0.99
    endloop
  endfacet
  facet normal -0.778339 -0.0741275 -0.623453
    outer loop
      vertex -31.0381 14.3438 0
      vertex -31.8182 14.2084 0.99
      vertex -31.0383 14.3459 0
    endloop
  endfacet
  facet normal -0.779088 -0.0680394 -0.623211
    outer loop
      vertex -31.8182 14.2084 0.99
      vertex -31.0381 14.3438 0
      vertex -31.8 14 0.99
    endloop
  endfacet
  facet normal -0.965837 0.25915 0
    outer loop
      vertex 34.1276 -14.4104 0.99
      vertex 34.1818 -14.2084 2
      vertex 34.1818 -14.2084 0.99
    endloop
  endfacet
  facet normal -0.965837 0.25915 0
    outer loop
      vertex 34.1818 -14.2084 2
      vertex 34.1276 -14.4104 0.99
      vertex 34.1276 -14.4104 2
    endloop
  endfacet
  facet normal -0.965837 -0.25915 0
    outer loop
      vertex 34.1818 -13.7916 0.99
      vertex 34.1276 -13.5896 2
      vertex 34.1276 -13.5896 0.99
    endloop
  endfacet
  facet normal -0.965837 -0.25915 0
    outer loop
      vertex 34.1276 -13.5896 2
      vertex 34.1818 -13.7916 0.99
      vertex 34.1818 -13.7916 2
    endloop
  endfacet
  facet normal -0.996208 -0.0870009 0
    outer loop
      vertex 34.2 -14 0.99
      vertex 34.1818 -13.7916 2
      vertex 34.1818 -13.7916 0.99
    endloop
  endfacet
  facet normal -0.996208 -0.0870009 0
    outer loop
      vertex 34.1818 -13.7916 2
      vertex 34.2 -14 0.99
      vertex 34.2 -14 2
    endloop
  endfacet
  facet normal -0.90633 -0.422571 0
    outer loop
      vertex 34.1276 -13.5896 0.99
      vertex 34.0392 -13.4 2
      vertex 34.0392 -13.4 0.99
    endloop
  endfacet
  facet normal -0.90633 -0.422571 0
    outer loop
      vertex 34.0392 -13.4 2
      vertex 34.1276 -13.5896 0.99
      vertex 34.1276 -13.5896 2
    endloop
  endfacet
  facet normal 0.965837 0.25915 0
    outer loop
      vertex 31.8724 -14.4104 2
      vertex 31.8182 -14.2084 0.99
      vertex 31.8182 -14.2084 2
    endloop
  endfacet
  facet normal 0.965837 0.25915 0
    outer loop
      vertex 31.8182 -14.2084 0.99
      vertex 31.8724 -14.4104 2
      vertex 31.8724 -14.4104 0.99
    endloop
  endfacet
  facet normal 0.819254 -0.57343 0
    outer loop
      vertex 31.9608 -13.4 2
      vertex 32.0807 -13.2287 0.99
      vertex 32.0807 -13.2287 2
    endloop
  endfacet
  facet normal 0.819254 -0.57343 0
    outer loop
      vertex 32.0807 -13.2287 0.99
      vertex 31.9608 -13.4 2
      vertex 31.9608 -13.4 0.99
    endloop
  endfacet
  facet normal 0.422571 -0.90633 0
    outer loop
      vertex 32.4 -12.9608 0.99
      vertex 32.5896 -12.8724 2
      vertex 32.4 -12.9608 2
    endloop
  endfacet
  facet normal 0.422571 -0.90633 0
    outer loop
      vertex 32.5896 -12.8724 2
      vertex 32.4 -12.9608 0.99
      vertex 32.5896 -12.8724 0.99
    endloop
  endfacet
  facet normal 0.57343 0.819254 -0
    outer loop
      vertex 32.4 -15.0392 0.99
      vertex 32.2287 -14.9193 2
      vertex 32.4 -15.0392 2
    endloop
  endfacet
  facet normal 0.57343 0.819254 0
    outer loop
      vertex 32.2287 -14.9193 2
      vertex 32.4 -15.0392 0.99
      vertex 32.2287 -14.9193 0.99
    endloop
  endfacet
  facet normal 0.0870009 0.996208 -0
    outer loop
      vertex 33 -15.2 0.99
      vertex 32.7916 -15.1818 2
      vertex 33 -15.2 2
    endloop
  endfacet
  facet normal 0.0870009 0.996208 0
    outer loop
      vertex 32.7916 -15.1818 2
      vertex 33 -15.2 0.99
      vertex 32.7916 -15.1818 0.99
    endloop
  endfacet
  facet normal -0.0870009 0.996208 0
    outer loop
      vertex 33.2084 -15.1818 0.99
      vertex 33 -15.2 2
      vertex 33.2084 -15.1818 2
    endloop
  endfacet
  facet normal -0.0870009 0.996208 0
    outer loop
      vertex 33 -15.2 2
      vertex 33.2084 -15.1818 0.99
      vertex 33 -15.2 0.99
    endloop
  endfacet
  facet normal -0.90633 0.422571 0
    outer loop
      vertex 34.0392 -14.6 0.99
      vertex 34.1276 -14.4104 2
      vertex 34.1276 -14.4104 0.99
    endloop
  endfacet
  facet normal -0.90633 0.422571 0
    outer loop
      vertex 34.1276 -14.4104 2
      vertex 34.0392 -14.6 0.99
      vertex 34.0392 -14.6 2
    endloop
  endfacet
  facet normal -0.707107 -0.707107 0
    outer loop
      vertex 33.9193 -13.2287 0.99
      vertex 33.7713 -13.0807 2
      vertex 33.7713 -13.0807 0.99
    endloop
  endfacet
  facet normal -0.707107 -0.707107 0
    outer loop
      vertex 33.7713 -13.0807 2
      vertex 33.9193 -13.2287 0.99
      vertex 33.9193 -13.2287 2
    endloop
  endfacet
  facet normal -0.707107 0.707107 0
    outer loop
      vertex 33.7713 -14.9193 0.99
      vertex 33.9193 -14.7713 2
      vertex 33.9193 -14.7713 0.99
    endloop
  endfacet
  facet normal -0.707107 0.707107 0
    outer loop
      vertex 33.9193 -14.7713 2
      vertex 33.7713 -14.9193 0.99
      vertex 33.7713 -14.9193 2
    endloop
  endfacet
  facet normal 0.996208 -0.0870009 0
    outer loop
      vertex 31.8 -14 2
      vertex 31.8182 -13.7916 0.99
      vertex 31.8182 -13.7916 2
    endloop
  endfacet
  facet normal 0.996208 -0.0870009 0
    outer loop
      vertex 31.8182 -13.7916 0.99
      vertex 31.8 -14 2
      vertex 31.8 -14 0.99
    endloop
  endfacet
  facet normal -0.25915 -0.965837 0
    outer loop
      vertex 33.2084 -12.8182 0.99
      vertex 33.4104 -12.8724 2
      vertex 33.2084 -12.8182 2
    endloop
  endfacet
  facet normal -0.25915 -0.965837 -0
    outer loop
      vertex 33.4104 -12.8724 2
      vertex 33.2084 -12.8182 0.99
      vertex 33.4104 -12.8724 0.99
    endloop
  endfacet
  facet normal 0.996208 0.0870009 0
    outer loop
      vertex 31.8182 -14.2084 2
      vertex 31.8 -14 0.99
      vertex 31.8 -14 2
    endloop
  endfacet
  facet normal 0.996208 0.0870009 0
    outer loop
      vertex 31.8 -14 0.99
      vertex 31.8182 -14.2084 2
      vertex 31.8182 -14.2084 0.99
    endloop
  endfacet
  facet normal -0.819254 0.57343 0
    outer loop
      vertex 33.9193 -14.7713 0.99
      vertex 34.0392 -14.6 2
      vertex 34.0392 -14.6 0.99
    endloop
  endfacet
  facet normal -0.819254 0.57343 0
    outer loop
      vertex 34.0392 -14.6 2
      vertex 33.9193 -14.7713 0.99
      vertex 33.9193 -14.7713 2
    endloop
  endfacet
  facet normal 0.25915 0.965837 -0
    outer loop
      vertex 32.7916 -15.1818 0.99
      vertex 32.5896 -15.1276 2
      vertex 32.7916 -15.1818 2
    endloop
  endfacet
  facet normal 0.25915 0.965837 0
    outer loop
      vertex 32.5896 -15.1276 2
      vertex 32.7916 -15.1818 0.99
      vertex 32.5896 -15.1276 0.99
    endloop
  endfacet
  facet normal -0.422571 0.90633 0
    outer loop
      vertex 33.6 -15.0392 0.99
      vertex 33.4104 -15.1276 2
      vertex 33.6 -15.0392 2
    endloop
  endfacet
  facet normal -0.422571 0.90633 0
    outer loop
      vertex 33.4104 -15.1276 2
      vertex 33.6 -15.0392 0.99
      vertex 33.4104 -15.1276 0.99
    endloop
  endfacet
  facet normal 0.57343 -0.819254 0
    outer loop
      vertex 32.2287 -13.0807 0.99
      vertex 32.4 -12.9608 2
      vertex 32.2287 -13.0807 2
    endloop
  endfacet
  facet normal 0.57343 -0.819254 0
    outer loop
      vertex 32.4 -12.9608 2
      vertex 32.2287 -13.0807 0.99
      vertex 32.4 -12.9608 0.99
    endloop
  endfacet
  facet normal -0.819254 -0.57343 0
    outer loop
      vertex 34.0392 -13.4 0.99
      vertex 33.9193 -13.2287 2
      vertex 33.9193 -13.2287 0.99
    endloop
  endfacet
  facet normal -0.819254 -0.57343 0
    outer loop
      vertex 33.9193 -13.2287 2
      vertex 34.0392 -13.4 0.99
      vertex 34.0392 -13.4 2
    endloop
  endfacet
  facet normal -0.422571 -0.90633 0
    outer loop
      vertex 33.4104 -12.8724 0.99
      vertex 33.6 -12.9608 2
      vertex 33.4104 -12.8724 2
    endloop
  endfacet
  facet normal -0.422571 -0.90633 -0
    outer loop
      vertex 33.6 -12.9608 2
      vertex 33.4104 -12.8724 0.99
      vertex 33.6 -12.9608 0.99
    endloop
  endfacet
  facet normal -0.25915 0.965837 0
    outer loop
      vertex 33.4104 -15.1276 0.99
      vertex 33.2084 -15.1818 2
      vertex 33.4104 -15.1276 2
    endloop
  endfacet
  facet normal -0.25915 0.965837 0
    outer loop
      vertex 33.2084 -15.1818 2
      vertex 33.4104 -15.1276 0.99
      vertex 33.2084 -15.1818 0.99
    endloop
  endfacet
  facet normal -0.57343 0.819254 0
    outer loop
      vertex 33.7713 -14.9193 0.99
      vertex 33.6 -15.0392 2
      vertex 33.7713 -14.9193 2
    endloop
  endfacet
  facet normal -0.57343 0.819254 0
    outer loop
      vertex 33.6 -15.0392 2
      vertex 33.7713 -14.9193 0.99
      vertex 33.6 -15.0392 0.99
    endloop
  endfacet
  facet normal -0.996208 0.0870009 0
    outer loop
      vertex 34.1818 -14.2084 0.99
      vertex 34.2 -14 2
      vertex 34.2 -14 0.99
    endloop
  endfacet
  facet normal -0.996208 0.0870009 0
    outer loop
      vertex 34.2 -14 2
      vertex 34.1818 -14.2084 0.99
      vertex 34.1818 -14.2084 2
    endloop
  endfacet
  facet normal -0.57343 -0.819254 0
    outer loop
      vertex 33.6 -12.9608 0.99
      vertex 33.7713 -13.0807 2
      vertex 33.6 -12.9608 2
    endloop
  endfacet
  facet normal -0.57343 -0.819254 -0
    outer loop
      vertex 33.7713 -13.0807 2
      vertex 33.6 -12.9608 0.99
      vertex 33.7713 -13.0807 0.99
    endloop
  endfacet
  facet normal -0.0870009 -0.996208 0
    outer loop
      vertex 33 -12.8 0.99
      vertex 33.2084 -12.8182 2
      vertex 33 -12.8 2
    endloop
  endfacet
  facet normal -0.0870009 -0.996208 -0
    outer loop
      vertex 33.2084 -12.8182 2
      vertex 33 -12.8 0.99
      vertex 33.2084 -12.8182 0.99
    endloop
  endfacet
  facet normal 0.90633 -0.422571 0
    outer loop
      vertex 31.8724 -13.5896 2
      vertex 31.9608 -13.4 0.99
      vertex 31.9608 -13.4 2
    endloop
  endfacet
  facet normal 0.90633 -0.422571 0
    outer loop
      vertex 31.9608 -13.4 0.99
      vertex 31.8724 -13.5896 2
      vertex 31.8724 -13.5896 0.99
    endloop
  endfacet
  facet normal 0.25915 -0.965837 0
    outer loop
      vertex 32.5896 -12.8724 0.99
      vertex 32.7916 -12.8182 2
      vertex 32.5896 -12.8724 2
    endloop
  endfacet
  facet normal 0.25915 -0.965837 0
    outer loop
      vertex 32.7916 -12.8182 2
      vertex 32.5896 -12.8724 0.99
      vertex 32.7916 -12.8182 0.99
    endloop
  endfacet
  facet normal 0.0870009 -0.996208 0
    outer loop
      vertex 32.7916 -12.8182 0.99
      vertex 33 -12.8 2
      vertex 32.7916 -12.8182 2
    endloop
  endfacet
  facet normal 0.0870009 -0.996208 0
    outer loop
      vertex 33 -12.8 2
      vertex 32.7916 -12.8182 0.99
      vertex 33 -12.8 0.99
    endloop
  endfacet
  facet normal 0.90633 0.422571 0
    outer loop
      vertex 31.9608 -14.6 2
      vertex 31.8724 -14.4104 0.99
      vertex 31.8724 -14.4104 2
    endloop
  endfacet
  facet normal 0.90633 0.422571 0
    outer loop
      vertex 31.8724 -14.4104 0.99
      vertex 31.9608 -14.6 2
      vertex 31.9608 -14.6 0.99
    endloop
  endfacet
  facet normal 0.819254 0.57343 0
    outer loop
      vertex 32.0807 -14.7713 2
      vertex 31.9608 -14.6 0.99
      vertex 31.9608 -14.6 2
    endloop
  endfacet
  facet normal 0.819254 0.57343 0
    outer loop
      vertex 31.9608 -14.6 0.99
      vertex 32.0807 -14.7713 2
      vertex 32.0807 -14.7713 0.99
    endloop
  endfacet
  facet normal 0.707107 0.707107 0
    outer loop
      vertex 32.2287 -14.9193 2
      vertex 32.0807 -14.7713 0.99
      vertex 32.0807 -14.7713 2
    endloop
  endfacet
  facet normal 0.707107 0.707107 0
    outer loop
      vertex 32.0807 -14.7713 0.99
      vertex 32.2287 -14.9193 2
      vertex 32.2287 -14.9193 0.99
    endloop
  endfacet
  facet normal 0.422571 0.90633 -0
    outer loop
      vertex 32.5896 -15.1276 0.99
      vertex 32.4 -15.0392 2
      vertex 32.5896 -15.1276 2
    endloop
  endfacet
  facet normal 0.422571 0.90633 0
    outer loop
      vertex 32.4 -15.0392 2
      vertex 32.5896 -15.1276 0.99
      vertex 32.4 -15.0392 0.99
    endloop
  endfacet
  facet normal 0.965837 -0.25915 0
    outer loop
      vertex 31.8182 -13.7916 2
      vertex 31.8724 -13.5896 0.99
      vertex 31.8724 -13.5896 2
    endloop
  endfacet
  facet normal 0.965837 -0.25915 0
    outer loop
      vertex 31.8724 -13.5896 0.99
      vertex 31.8182 -13.7916 2
      vertex 31.8182 -13.7916 0.99
    endloop
  endfacet
  facet normal 0.707107 -0.707107 0
    outer loop
      vertex 32.0807 -13.2287 2
      vertex 32.2287 -13.0807 0.99
      vertex 32.2287 -13.0807 2
    endloop
  endfacet
  facet normal 0.707107 -0.707107 0
    outer loop
      vertex 32.2287 -13.0807 0.99
      vertex 32.0807 -13.2287 2
      vertex 32.0807 -13.2287 0.99
    endloop
  endfacet
  facet normal -0.77905 -0.0682066 -0.62324
    outer loop
      vertex 34.9619 -13.6562 0
      vertex 34.992 -14 0
      vertex 34.2 -14 0.99
    endloop
  endfacet
  facet normal 0.0682066 0.77905 -0.62324
    outer loop
      vertex 33 -15.2 0.99
      vertex 33 -15.992 0
      vertex 32.6562 -15.9619 0
    endloop
  endfacet
  facet normal -0.33057 -0.70872 -0.623249
    outer loop
      vertex 33.6832 -12.129 0
      vertex 33.996 -12.2749 0
      vertex 33.6 -12.9608 0.99
    endloop
  endfacet
  facet normal 0.755426 0.202338 -0.62321
    outer loop
      vertex 31.8182 -14.2084 0.99
      vertex 31.1276 -14.6793 0
      vertex 31.0383 -14.3459 0
    endloop
  endfacet
  facet normal -0.44844 -0.640681 -0.623241
    outer loop
      vertex 34.2787 -12.4728 0
      vertex 33.7713 -13.0807 0.99
      vertex 33.6 -12.9608 0.99
    endloop
  endfacet
  facet normal -0.450926 -0.638811 -0.623367
    outer loop
      vertex 33.7713 -13.0807 0.99
      vertex 34.2787 -12.4728 0
      vertex 34.2804 -12.474 0
    endloop
  endfacet
  facet normal -0.638811 -0.450926 -0.623367
    outer loop
      vertex 34.5272 -12.7213 0
      vertex 33.9193 -13.2287 0.99
      vertex 34.526 -12.7196 0
    endloop
  endfacet
  facet normal -0.640681 -0.44844 -0.623241
    outer loop
      vertex 33.9193 -13.2287 0.99
      vertex 34.5272 -12.7213 0
      vertex 34.0392 -13.4 0.99
    endloop
  endfacet
  facet normal -0.330452 -0.708752 -0.623276
    outer loop
      vertex 33.6813 -12.1281 0
      vertex 33.6 -12.9608 0.99
      vertex 33.4104 -12.8724 0.99
    endloop
  endfacet
  facet normal -0.335046 -0.70732 -0.622449
    outer loop
      vertex 33.6 -12.9608 0.99
      vertex 33.6813 -12.1281 0
      vertex 33.6832 -12.129 0
    endloop
  endfacet
  facet normal 0.77905 -0.0682066 -0.62324
    outer loop
      vertex 31.0381 -13.6562 0
      vertex 31.8 -14 0.99
      vertex 31.008 -14 0
    endloop
  endfacet
  facet normal -0.70732 -0.335046 -0.622449
    outer loop
      vertex 34.8719 -13.3187 0
      vertex 34.0392 -13.4 0.99
      vertex 34.871 -13.3168 0
    endloop
  endfacet
  facet normal -0.708752 -0.330452 -0.623276
    outer loop
      vertex 34.0392 -13.4 0.99
      vertex 34.8719 -13.3187 0
      vertex 34.1276 -13.5896 0.99
    endloop
  endfacet
  facet normal 0.0680394 0.779088 -0.623211
    outer loop
      vertex 32.6562 -15.9619 0
      vertex 32.7916 -15.1818 0.99
      vertex 33 -15.2 0.99
    endloop
  endfacet
  facet normal 0.0741275 0.778339 -0.623453
    outer loop
      vertex 32.7916 -15.1818 0.99
      vertex 32.6562 -15.9619 0
      vertex 32.6541 -15.9617 0
    endloop
  endfacet
  facet normal -0.552977 -0.552977 -0.623244
    outer loop
      vertex 33.9193 -13.2287 0.99
      vertex 34.2804 -12.474 0
      vertex 34.526 -12.7196 0
    endloop
  endfacet
  facet normal -0.552977 -0.552977 -0.623244
    outer loop
      vertex 34.2804 -12.474 0
      vertex 33.9193 -13.2287 0.99
      vertex 33.7713 -13.0807 0.99
    endloop
  endfacet
  facet normal -0.33057 0.70872 -0.623249
    outer loop
      vertex 33.996 -15.7251 0
      vertex 33.6832 -15.871 0
      vertex 33.6 -15.0392 0.99
    endloop
  endfacet
  facet normal -0.755426 -0.202338 -0.62321
    outer loop
      vertex 34.8724 -13.3207 0
      vertex 34.9617 -13.6541 0
      vertex 34.1818 -13.7916 0.99
    endloop
  endfacet
  facet normal -0.640648 -0.448476 -0.623249
    outer loop
      vertex 34.5272 -12.7213 0
      vertex 34.7251 -13.004 0
      vertex 34.0392 -13.4 0.99
    endloop
  endfacet
  facet normal -0.0682066 0.77905 -0.62324
    outer loop
      vertex 33 -15.2 0.99
      vertex 33.3438 -15.9619 0
      vertex 33 -15.992 0
    endloop
  endfacet
  facet normal -0.448476 -0.640648 -0.623249
    outer loop
      vertex 33.996 -12.2749 0
      vertex 34.2787 -12.4728 0
      vertex 33.6 -12.9608 0.99
    endloop
  endfacet
  facet normal -0.77905 0.0682066 -0.62324
    outer loop
      vertex 34.992 -14 0
      vertex 34.9619 -14.3438 0
      vertex 34.2 -14 0.99
    endloop
  endfacet
  facet normal 0.189782 -0.75913 -0.622659
    outer loop
      vertex 32.3207 -12.1276 0
      vertex 32.5896 -12.8724 0.99
      vertex 32.3187 -12.1281 0
    endloop
  endfacet
  facet normal 0.202658 -0.755292 -0.623269
    outer loop
      vertex 32.5896 -12.8724 0.99
      vertex 32.3207 -12.1276 0
      vertex 32.7916 -12.8182 0.99
    endloop
  endfacet
  facet normal -0.0682066 -0.77905 -0.62324
    outer loop
      vertex 33 -12.008 0
      vertex 33.3438 -12.0381 0
      vertex 33 -12.8 0.99
    endloop
  endfacet
  facet normal 0.77905 0.0682066 -0.62324
    outer loop
      vertex 31.8 -14 0.99
      vertex 31.0381 -14.3438 0
      vertex 31.008 -14 0
    endloop
  endfacet
  facet normal -0.70872 -0.33057 -0.623249
    outer loop
      vertex 34.7251 -13.004 0
      vertex 34.871 -13.3168 0
      vertex 34.0392 -13.4 0.99
    endloop
  endfacet
  facet normal -0.708752 0.330452 -0.623276
    outer loop
      vertex 34.8719 -14.6813 0
      vertex 34.0392 -14.6 0.99
      vertex 34.1276 -14.4104 0.99
    endloop
  endfacet
  facet normal -0.70732 0.335046 -0.622449
    outer loop
      vertex 34.0392 -14.6 0.99
      vertex 34.8719 -14.6813 0
      vertex 34.871 -14.6832 0
    endloop
  endfacet
  facet normal 0.640648 -0.448476 -0.623249
    outer loop
      vertex 31.4728 -12.7213 0
      vertex 31.9608 -13.4 0.99
      vertex 31.2749 -13.004 0
    endloop
  endfacet
  facet normal -0.640648 0.448476 -0.623249
    outer loop
      vertex 34.7251 -14.996 0
      vertex 34.5272 -15.2787 0
      vertex 34.0392 -14.6 0.99
    endloop
  endfacet
  facet normal 0.448476 -0.640648 -0.623249
    outer loop
      vertex 32.004 -12.2749 0
      vertex 32.4 -12.9608 0.99
      vertex 31.7213 -12.4728 0
    endloop
  endfacet
  facet normal 0.450926 -0.638811 -0.623367
    outer loop
      vertex 31.7213 -12.4728 0
      vertex 32.2287 -13.0807 0.99
      vertex 31.7196 -12.474 0
    endloop
  endfacet
  facet normal 0.44844 -0.640681 -0.623241
    outer loop
      vertex 32.2287 -13.0807 0.99
      vertex 31.7213 -12.4728 0
      vertex 32.4 -12.9608 0.99
    endloop
  endfacet
  facet normal -0.0680394 -0.779088 -0.623211
    outer loop
      vertex 33.3438 -12.0381 0
      vertex 33.2084 -12.8182 0.99
      vertex 33 -12.8 0.99
    endloop
  endfacet
  facet normal -0.0741275 -0.778339 -0.623453
    outer loop
      vertex 33.2084 -12.8182 0.99
      vertex 33.3438 -12.0381 0
      vertex 33.3459 -12.0383 0
    endloop
  endfacet
  facet normal 0.0682066 -0.77905 -0.62324
    outer loop
      vertex 33 -12.008 0
      vertex 33 -12.8 0.99
      vertex 32.6562 -12.0381 0
    endloop
  endfacet
  facet normal 0.33057 -0.70872 -0.623249
    outer loop
      vertex 32.3168 -12.129 0
      vertex 32.4 -12.9608 0.99
      vertex 32.004 -12.2749 0
    endloop
  endfacet
  facet normal 0.552977 -0.552977 -0.623244
    outer loop
      vertex 32.0807 -13.2287 0.99
      vertex 31.7196 -12.474 0
      vertex 32.2287 -13.0807 0.99
    endloop
  endfacet
  facet normal 0.552977 -0.552977 -0.623244
    outer loop
      vertex 31.7196 -12.474 0
      vertex 32.0807 -13.2287 0.99
      vertex 31.474 -12.7196 0
    endloop
  endfacet
  facet normal 0.638811 -0.450926 -0.623367
    outer loop
      vertex 32.0807 -13.2287 0.99
      vertex 31.4728 -12.7213 0
      vertex 31.474 -12.7196 0
    endloop
  endfacet
  facet normal 0.640681 -0.44844 -0.623241
    outer loop
      vertex 31.4728 -12.7213 0
      vertex 32.0807 -13.2287 0.99
      vertex 31.9608 -13.4 0.99
    endloop
  endfacet
  facet normal 0.202658 0.755292 -0.623269
    outer loop
      vertex 32.3207 -15.8724 0
      vertex 32.5896 -15.1276 0.99
      vertex 32.7916 -15.1818 0.99
    endloop
  endfacet
  facet normal 0.189782 0.75913 -0.622659
    outer loop
      vertex 32.5896 -15.1276 0.99
      vertex 32.3207 -15.8724 0
      vertex 32.3187 -15.8719 0
    endloop
  endfacet
  facet normal 0.755292 0.202658 -0.623269
    outer loop
      vertex 31.8724 -14.4104 0.99
      vertex 31.1276 -14.6793 0
      vertex 31.8182 -14.2084 0.99
    endloop
  endfacet
  facet normal 0.75913 0.189782 -0.622659
    outer loop
      vertex 31.1276 -14.6793 0
      vertex 31.8724 -14.4104 0.99
      vertex 31.1281 -14.6813 0
    endloop
  endfacet
  facet normal 0.0741275 -0.778339 -0.623453
    outer loop
      vertex 32.6562 -12.0381 0
      vertex 32.7916 -12.8182 0.99
      vertex 32.6541 -12.0383 0
    endloop
  endfacet
  facet normal 0.0680394 -0.779088 -0.623211
    outer loop
      vertex 32.7916 -12.8182 0.99
      vertex 32.6562 -12.0381 0
      vertex 33 -12.8 0.99
    endloop
  endfacet
  facet normal 0.202338 -0.755426 -0.62321
    outer loop
      vertex 32.6541 -12.0383 0
      vertex 32.7916 -12.8182 0.99
      vertex 32.3207 -12.1276 0
    endloop
  endfacet
  facet normal -0.202658 -0.755292 -0.623269
    outer loop
      vertex 33.6793 -12.1276 0
      vertex 33.4104 -12.8724 0.99
      vertex 33.2084 -12.8182 0.99
    endloop
  endfacet
  facet normal -0.189782 -0.75913 -0.622659
    outer loop
      vertex 33.4104 -12.8724 0.99
      vertex 33.6793 -12.1276 0
      vertex 33.6813 -12.1281 0
    endloop
  endfacet
  facet normal -0.202338 -0.755426 -0.62321
    outer loop
      vertex 33.3459 -12.0383 0
      vertex 33.6793 -12.1276 0
      vertex 33.2084 -12.8182 0.99
    endloop
  endfacet
  facet normal 0.779088 0.0680394 -0.623211
    outer loop
      vertex 31.8182 -14.2084 0.99
      vertex 31.0381 -14.3438 0
      vertex 31.8 -14 0.99
    endloop
  endfacet
  facet normal 0.778339 0.0741275 -0.623453
    outer loop
      vertex 31.0381 -14.3438 0
      vertex 31.8182 -14.2084 0.99
      vertex 31.0383 -14.3459 0
    endloop
  endfacet
  facet normal -0.640681 0.44844 -0.623241
    outer loop
      vertex 34.5272 -15.2787 0
      vertex 33.9193 -14.7713 0.99
      vertex 34.0392 -14.6 0.99
    endloop
  endfacet
  facet normal -0.638811 0.450926 -0.623367
    outer loop
      vertex 33.9193 -14.7713 0.99
      vertex 34.5272 -15.2787 0
      vertex 34.526 -15.2804 0
    endloop
  endfacet
  facet normal -0.755426 0.202338 -0.62321
    outer loop
      vertex 34.9617 -14.3459 0
      vertex 34.8724 -14.6793 0
      vertex 34.1818 -14.2084 0.99
    endloop
  endfacet
  facet normal -0.779088 0.0680394 -0.623211
    outer loop
      vertex 34.9619 -14.3438 0
      vertex 34.1818 -14.2084 0.99
      vertex 34.2 -14 0.99
    endloop
  endfacet
  facet normal -0.778339 0.0741275 -0.623453
    outer loop
      vertex 34.1818 -14.2084 0.99
      vertex 34.9619 -14.3438 0
      vertex 34.9617 -14.3459 0
    endloop
  endfacet
  facet normal -0.450926 0.638811 -0.623367
    outer loop
      vertex 34.2787 -15.5272 0
      vertex 33.7713 -14.9193 0.99
      vertex 34.2804 -15.526 0
    endloop
  endfacet
  facet normal -0.44844 0.640681 -0.623241
    outer loop
      vertex 33.7713 -14.9193 0.99
      vertex 34.2787 -15.5272 0
      vertex 33.6 -15.0392 0.99
    endloop
  endfacet
  facet normal 0.708752 0.330452 -0.623276
    outer loop
      vertex 31.9608 -14.6 0.99
      vertex 31.1281 -14.6813 0
      vertex 31.8724 -14.4104 0.99
    endloop
  endfacet
  facet normal 0.70732 0.335046 -0.622449
    outer loop
      vertex 31.1281 -14.6813 0
      vertex 31.9608 -14.6 0.99
      vertex 31.129 -14.6832 0
    endloop
  endfacet
  facet normal 0.70872 -0.33057 -0.623249
    outer loop
      vertex 31.2749 -13.004 0
      vertex 31.9608 -13.4 0.99
      vertex 31.129 -13.3168 0
    endloop
  endfacet
  facet normal 0.202338 0.755426 -0.62321
    outer loop
      vertex 32.7916 -15.1818 0.99
      vertex 32.6541 -15.9617 0
      vertex 32.3207 -15.8724 0
    endloop
  endfacet
  facet normal 0.70872 0.33057 -0.623249
    outer loop
      vertex 31.9608 -14.6 0.99
      vertex 31.2749 -14.996 0
      vertex 31.129 -14.6832 0
    endloop
  endfacet
  facet normal 0.640681 0.44844 -0.623241
    outer loop
      vertex 32.0807 -14.7713 0.99
      vertex 31.4728 -15.2787 0
      vertex 31.9608 -14.6 0.99
    endloop
  endfacet
  facet normal 0.638811 0.450926 -0.623367
    outer loop
      vertex 31.4728 -15.2787 0
      vertex 32.0807 -14.7713 0.99
      vertex 31.474 -15.2804 0
    endloop
  endfacet
  facet normal 0.640648 0.448476 -0.623249
    outer loop
      vertex 31.9608 -14.6 0.99
      vertex 31.4728 -15.2787 0
      vertex 31.2749 -14.996 0
    endloop
  endfacet
  facet normal 0.70732 -0.335046 -0.622449
    outer loop
      vertex 31.9608 -13.4 0.99
      vertex 31.1281 -13.3187 0
      vertex 31.129 -13.3168 0
    endloop
  endfacet
  facet normal 0.708752 -0.330452 -0.623276
    outer loop
      vertex 31.1281 -13.3187 0
      vertex 31.9608 -13.4 0.99
      vertex 31.8724 -13.5896 0.99
    endloop
  endfacet
  facet normal -0.70872 0.33057 -0.623249
    outer loop
      vertex 34.871 -14.6832 0
      vertex 34.7251 -14.996 0
      vertex 34.0392 -14.6 0.99
    endloop
  endfacet
  facet normal -0.189782 0.75913 -0.622659
    outer loop
      vertex 33.6793 -15.8724 0
      vertex 33.4104 -15.1276 0.99
      vertex 33.6813 -15.8719 0
    endloop
  endfacet
  facet normal -0.202658 0.755292 -0.623269
    outer loop
      vertex 33.4104 -15.1276 0.99
      vertex 33.6793 -15.8724 0
      vertex 33.2084 -15.1818 0.99
    endloop
  endfacet
  facet normal 0.335046 -0.70732 -0.622449
    outer loop
      vertex 32.3187 -12.1281 0
      vertex 32.4 -12.9608 0.99
      vertex 32.3168 -12.129 0
    endloop
  endfacet
  facet normal 0.330452 -0.708752 -0.623276
    outer loop
      vertex 32.4 -12.9608 0.99
      vertex 32.3187 -12.1281 0
      vertex 32.5896 -12.8724 0.99
    endloop
  endfacet
  facet normal 0.778339 -0.0741275 -0.623453
    outer loop
      vertex 31.8182 -13.7916 0.99
      vertex 31.0381 -13.6562 0
      vertex 31.0383 -13.6541 0
    endloop
  endfacet
  facet normal 0.779088 -0.0680394 -0.623211
    outer loop
      vertex 31.0381 -13.6562 0
      vertex 31.8182 -13.7916 0.99
      vertex 31.8 -14 0.99
    endloop
  endfacet
  facet normal -0.335046 0.70732 -0.622449
    outer loop
      vertex 33.6813 -15.8719 0
      vertex 33.6 -15.0392 0.99
      vertex 33.6832 -15.871 0
    endloop
  endfacet
  facet normal -0.330452 0.708752 -0.623276
    outer loop
      vertex 33.6 -15.0392 0.99
      vertex 33.6813 -15.8719 0
      vertex 33.4104 -15.1276 0.99
    endloop
  endfacet
  facet normal 0.75913 -0.189782 -0.622659
    outer loop
      vertex 31.8724 -13.5896 0.99
      vertex 31.1276 -13.3207 0
      vertex 31.1281 -13.3187 0
    endloop
  endfacet
  facet normal 0.755292 -0.202658 -0.623269
    outer loop
      vertex 31.1276 -13.3207 0
      vertex 31.8724 -13.5896 0.99
      vertex 31.8182 -13.7916 0.99
    endloop
  endfacet
  facet normal 0.755426 -0.202338 -0.62321
    outer loop
      vertex 31.1276 -13.3207 0
      vertex 31.8182 -13.7916 0.99
      vertex 31.0383 -13.6541 0
    endloop
  endfacet
  facet normal 0.330452 0.708752 -0.623276
    outer loop
      vertex 32.3187 -15.8719 0
      vertex 32.4 -15.0392 0.99
      vertex 32.5896 -15.1276 0.99
    endloop
  endfacet
  facet normal 0.335046 0.70732 -0.622449
    outer loop
      vertex 32.4 -15.0392 0.99
      vertex 32.3187 -15.8719 0
      vertex 32.3168 -15.871 0
    endloop
  endfacet
  facet normal -0.552977 0.552977 -0.623244
    outer loop
      vertex 34.2804 -15.526 0
      vertex 33.9193 -14.7713 0.99
      vertex 34.526 -15.2804 0
    endloop
  endfacet
  facet normal -0.552977 0.552977 -0.623244
    outer loop
      vertex 33.9193 -14.7713 0.99
      vertex 34.2804 -15.526 0
      vertex 33.7713 -14.9193 0.99
    endloop
  endfacet
  facet normal -0.75913 -0.189782 -0.622659
    outer loop
      vertex 34.8724 -13.3207 0
      vertex 34.1276 -13.5896 0.99
      vertex 34.8719 -13.3187 0
    endloop
  endfacet
  facet normal -0.755292 -0.202658 -0.623269
    outer loop
      vertex 34.1276 -13.5896 0.99
      vertex 34.8724 -13.3207 0
      vertex 34.1818 -13.7916 0.99
    endloop
  endfacet
  facet normal -0.755292 0.202658 -0.623269
    outer loop
      vertex 34.8724 -14.6793 0
      vertex 34.1276 -14.4104 0.99
      vertex 34.1818 -14.2084 0.99
    endloop
  endfacet
  facet normal -0.75913 0.189782 -0.622659
    outer loop
      vertex 34.1276 -14.4104 0.99
      vertex 34.8724 -14.6793 0
      vertex 34.8719 -14.6813 0
    endloop
  endfacet
  facet normal -0.0741275 0.778339 -0.623453
    outer loop
      vertex 33.3438 -15.9619 0
      vertex 33.2084 -15.1818 0.99
      vertex 33.3459 -15.9617 0
    endloop
  endfacet
  facet normal -0.0680394 0.779088 -0.623211
    outer loop
      vertex 33.2084 -15.1818 0.99
      vertex 33.3438 -15.9619 0
      vertex 33 -15.2 0.99
    endloop
  endfacet
  facet normal 0.552977 0.552977 -0.623244
    outer loop
      vertex 31.7196 -15.526 0
      vertex 32.0807 -14.7713 0.99
      vertex 32.2287 -14.9193 0.99
    endloop
  endfacet
  facet normal 0.552977 0.552977 -0.623244
    outer loop
      vertex 32.0807 -14.7713 0.99
      vertex 31.7196 -15.526 0
      vertex 31.474 -15.2804 0
    endloop
  endfacet
  facet normal 0.33057 0.70872 -0.623249
    outer loop
      vertex 32.4 -15.0392 0.99
      vertex 32.3168 -15.871 0
      vertex 32.004 -15.7251 0
    endloop
  endfacet
  facet normal 0.448476 0.640648 -0.623249
    outer loop
      vertex 32.4 -15.0392 0.99
      vertex 32.004 -15.7251 0
      vertex 31.7213 -15.5272 0
    endloop
  endfacet
  facet normal 0.44844 0.640681 -0.623241
    outer loop
      vertex 31.7213 -15.5272 0
      vertex 32.2287 -14.9193 0.99
      vertex 32.4 -15.0392 0.99
    endloop
  endfacet
  facet normal 0.450926 0.638811 -0.623367
    outer loop
      vertex 32.2287 -14.9193 0.99
      vertex 31.7213 -15.5272 0
      vertex 31.7196 -15.526 0
    endloop
  endfacet
  facet normal -0.448476 0.640648 -0.623249
    outer loop
      vertex 34.2787 -15.5272 0
      vertex 33.996 -15.7251 0
      vertex 33.6 -15.0392 0.99
    endloop
  endfacet
  facet normal -0.202338 0.755426 -0.62321
    outer loop
      vertex 33.6793 -15.8724 0
      vertex 33.3459 -15.9617 0
      vertex 33.2084 -15.1818 0.99
    endloop
  endfacet
  facet normal -0.778339 -0.0741275 -0.623453
    outer loop
      vertex 34.9619 -13.6562 0
      vertex 34.1818 -13.7916 0.99
      vertex 34.9617 -13.6541 0
    endloop
  endfacet
  facet normal -0.779088 -0.0680394 -0.623211
    outer loop
      vertex 34.1818 -13.7916 0.99
      vertex 34.9619 -13.6562 0
      vertex 34.2 -14 0.99
    endloop
  endfacet
  facet normal -0.965837 0.25915 0
    outer loop
      vertex 34.1276 13.5896 0.99
      vertex 34.1818 13.7916 2
      vertex 34.1818 13.7916 0.99
    endloop
  endfacet
  facet normal -0.965837 0.25915 0
    outer loop
      vertex 34.1818 13.7916 2
      vertex 34.1276 13.5896 0.99
      vertex 34.1276 13.5896 2
    endloop
  endfacet
  facet normal -0.965837 -0.25915 0
    outer loop
      vertex 34.1818 14.2084 0.99
      vertex 34.1276 14.4104 2
      vertex 34.1276 14.4104 0.99
    endloop
  endfacet
  facet normal -0.965837 -0.25915 0
    outer loop
      vertex 34.1276 14.4104 2
      vertex 34.1818 14.2084 0.99
      vertex 34.1818 14.2084 2
    endloop
  endfacet
  facet normal -0.996208 -0.0870009 0
    outer loop
      vertex 34.2 14 0.99
      vertex 34.1818 14.2084 2
      vertex 34.1818 14.2084 0.99
    endloop
  endfacet
  facet normal -0.996208 -0.0870009 0
    outer loop
      vertex 34.1818 14.2084 2
      vertex 34.2 14 0.99
      vertex 34.2 14 2
    endloop
  endfacet
  facet normal -0.90633 -0.422571 0
    outer loop
      vertex 34.1276 14.4104 0.99
      vertex 34.0392 14.6 2
      vertex 34.0392 14.6 0.99
    endloop
  endfacet
  facet normal -0.90633 -0.422571 0
    outer loop
      vertex 34.0392 14.6 2
      vertex 34.1276 14.4104 0.99
      vertex 34.1276 14.4104 2
    endloop
  endfacet
  facet normal 0.965837 0.25915 0
    outer loop
      vertex 31.8724 13.5896 2
      vertex 31.8182 13.7916 0.99
      vertex 31.8182 13.7916 2
    endloop
  endfacet
  facet normal 0.965837 0.25915 0
    outer loop
      vertex 31.8182 13.7916 0.99
      vertex 31.8724 13.5896 2
      vertex 31.8724 13.5896 0.99
    endloop
  endfacet
  facet normal 0.819254 -0.57343 0
    outer loop
      vertex 31.9608 14.6 2
      vertex 32.0807 14.7713 0.99
      vertex 32.0807 14.7713 2
    endloop
  endfacet
  facet normal 0.819254 -0.57343 0
    outer loop
      vertex 32.0807 14.7713 0.99
      vertex 31.9608 14.6 2
      vertex 31.9608 14.6 0.99
    endloop
  endfacet
  facet normal 0.422571 -0.90633 0
    outer loop
      vertex 32.4 15.0392 0.99
      vertex 32.5896 15.1276 2
      vertex 32.4 15.0392 2
    endloop
  endfacet
  facet normal 0.422571 -0.90633 0
    outer loop
      vertex 32.5896 15.1276 2
      vertex 32.4 15.0392 0.99
      vertex 32.5896 15.1276 0.99
    endloop
  endfacet
  facet normal 0.57343 0.819254 -0
    outer loop
      vertex 32.4 12.9608 0.99
      vertex 32.2287 13.0807 2
      vertex 32.4 12.9608 2
    endloop
  endfacet
  facet normal 0.57343 0.819254 0
    outer loop
      vertex 32.2287 13.0807 2
      vertex 32.4 12.9608 0.99
      vertex 32.2287 13.0807 0.99
    endloop
  endfacet
  facet normal 0.0870009 0.996208 -0
    outer loop
      vertex 33 12.8 0.99
      vertex 32.7916 12.8182 2
      vertex 33 12.8 2
    endloop
  endfacet
  facet normal 0.0870009 0.996208 0
    outer loop
      vertex 32.7916 12.8182 2
      vertex 33 12.8 0.99
      vertex 32.7916 12.8182 0.99
    endloop
  endfacet
  facet normal -0.0870009 0.996208 0
    outer loop
      vertex 33.2084 12.8182 0.99
      vertex 33 12.8 2
      vertex 33.2084 12.8182 2
    endloop
  endfacet
  facet normal -0.0870009 0.996208 0
    outer loop
      vertex 33 12.8 2
      vertex 33.2084 12.8182 0.99
      vertex 33 12.8 0.99
    endloop
  endfacet
  facet normal -0.90633 0.422571 0
    outer loop
      vertex 34.0392 13.4 0.99
      vertex 34.1276 13.5896 2
      vertex 34.1276 13.5896 0.99
    endloop
  endfacet
  facet normal -0.90633 0.422571 0
    outer loop
      vertex 34.1276 13.5896 2
      vertex 34.0392 13.4 0.99
      vertex 34.0392 13.4 2
    endloop
  endfacet
  facet normal -0.707107 -0.707107 0
    outer loop
      vertex 33.9193 14.7713 0.99
      vertex 33.7713 14.9193 2
      vertex 33.7713 14.9193 0.99
    endloop
  endfacet
  facet normal -0.707107 -0.707107 0
    outer loop
      vertex 33.7713 14.9193 2
      vertex 33.9193 14.7713 0.99
      vertex 33.9193 14.7713 2
    endloop
  endfacet
  facet normal -0.707107 0.707107 0
    outer loop
      vertex 33.7713 13.0807 0.99
      vertex 33.9193 13.2287 2
      vertex 33.9193 13.2287 0.99
    endloop
  endfacet
  facet normal -0.707107 0.707107 0
    outer loop
      vertex 33.9193 13.2287 2
      vertex 33.7713 13.0807 0.99
      vertex 33.7713 13.0807 2
    endloop
  endfacet
  facet normal 0.996208 -0.0870009 0
    outer loop
      vertex 31.8 14 2
      vertex 31.8182 14.2084 0.99
      vertex 31.8182 14.2084 2
    endloop
  endfacet
  facet normal 0.996208 -0.0870009 0
    outer loop
      vertex 31.8182 14.2084 0.99
      vertex 31.8 14 2
      vertex 31.8 14 0.99
    endloop
  endfacet
  facet normal -0.25915 -0.965837 0
    outer loop
      vertex 33.2084 15.1818 0.99
      vertex 33.4104 15.1276 2
      vertex 33.2084 15.1818 2
    endloop
  endfacet
  facet normal -0.25915 -0.965837 -0
    outer loop
      vertex 33.4104 15.1276 2
      vertex 33.2084 15.1818 0.99
      vertex 33.4104 15.1276 0.99
    endloop
  endfacet
  facet normal 0.996208 0.0870009 0
    outer loop
      vertex 31.8182 13.7916 2
      vertex 31.8 14 0.99
      vertex 31.8 14 2
    endloop
  endfacet
  facet normal 0.996208 0.0870009 0
    outer loop
      vertex 31.8 14 0.99
      vertex 31.8182 13.7916 2
      vertex 31.8182 13.7916 0.99
    endloop
  endfacet
  facet normal -0.819254 0.57343 0
    outer loop
      vertex 33.9193 13.2287 0.99
      vertex 34.0392 13.4 2
      vertex 34.0392 13.4 0.99
    endloop
  endfacet
  facet normal -0.819254 0.57343 0
    outer loop
      vertex 34.0392 13.4 2
      vertex 33.9193 13.2287 0.99
      vertex 33.9193 13.2287 2
    endloop
  endfacet
  facet normal 0.25915 0.965837 -0
    outer loop
      vertex 32.7916 12.8182 0.99
      vertex 32.5896 12.8724 2
      vertex 32.7916 12.8182 2
    endloop
  endfacet
  facet normal 0.25915 0.965837 0
    outer loop
      vertex 32.5896 12.8724 2
      vertex 32.7916 12.8182 0.99
      vertex 32.5896 12.8724 0.99
    endloop
  endfacet
  facet normal -0.422571 0.90633 0
    outer loop
      vertex 33.6 12.9608 0.99
      vertex 33.4104 12.8724 2
      vertex 33.6 12.9608 2
    endloop
  endfacet
  facet normal -0.422571 0.90633 0
    outer loop
      vertex 33.4104 12.8724 2
      vertex 33.6 12.9608 0.99
      vertex 33.4104 12.8724 0.99
    endloop
  endfacet
  facet normal 0.57343 -0.819254 0
    outer loop
      vertex 32.2287 14.9193 0.99
      vertex 32.4 15.0392 2
      vertex 32.2287 14.9193 2
    endloop
  endfacet
  facet normal 0.57343 -0.819254 0
    outer loop
      vertex 32.4 15.0392 2
      vertex 32.2287 14.9193 0.99
      vertex 32.4 15.0392 0.99
    endloop
  endfacet
  facet normal -0.819254 -0.57343 0
    outer loop
      vertex 34.0392 14.6 0.99
      vertex 33.9193 14.7713 2
      vertex 33.9193 14.7713 0.99
    endloop
  endfacet
  facet normal -0.819254 -0.57343 0
    outer loop
      vertex 33.9193 14.7713 2
      vertex 34.0392 14.6 0.99
      vertex 34.0392 14.6 2
    endloop
  endfacet
  facet normal -0.422571 -0.90633 0
    outer loop
      vertex 33.4104 15.1276 0.99
      vertex 33.6 15.0392 2
      vertex 33.4104 15.1276 2
    endloop
  endfacet
  facet normal -0.422571 -0.90633 -0
    outer loop
      vertex 33.6 15.0392 2
      vertex 33.4104 15.1276 0.99
      vertex 33.6 15.0392 0.99
    endloop
  endfacet
  facet normal -0.25915 0.965837 0
    outer loop
      vertex 33.4104 12.8724 0.99
      vertex 33.2084 12.8182 2
      vertex 33.4104 12.8724 2
    endloop
  endfacet
  facet normal -0.25915 0.965837 0
    outer loop
      vertex 33.2084 12.8182 2
      vertex 33.4104 12.8724 0.99
      vertex 33.2084 12.8182 0.99
    endloop
  endfacet
  facet normal -0.57343 0.819254 0
    outer loop
      vertex 33.7713 13.0807 0.99
      vertex 33.6 12.9608 2
      vertex 33.7713 13.0807 2
    endloop
  endfacet
  facet normal -0.57343 0.819254 0
    outer loop
      vertex 33.6 12.9608 2
      vertex 33.7713 13.0807 0.99
      vertex 33.6 12.9608 0.99
    endloop
  endfacet
  facet normal -0.996208 0.0870009 0
    outer loop
      vertex 34.1818 13.7916 0.99
      vertex 34.2 14 2
      vertex 34.2 14 0.99
    endloop
  endfacet
  facet normal -0.996208 0.0870009 0
    outer loop
      vertex 34.2 14 2
      vertex 34.1818 13.7916 0.99
      vertex 34.1818 13.7916 2
    endloop
  endfacet
  facet normal -0.57343 -0.819254 0
    outer loop
      vertex 33.6 15.0392 0.99
      vertex 33.7713 14.9193 2
      vertex 33.6 15.0392 2
    endloop
  endfacet
  facet normal -0.57343 -0.819254 -0
    outer loop
      vertex 33.7713 14.9193 2
      vertex 33.6 15.0392 0.99
      vertex 33.7713 14.9193 0.99
    endloop
  endfacet
  facet normal -0.0870009 -0.996208 0
    outer loop
      vertex 33 15.2 0.99
      vertex 33.2084 15.1818 2
      vertex 33 15.2 2
    endloop
  endfacet
  facet normal -0.0870009 -0.996208 -0
    outer loop
      vertex 33.2084 15.1818 2
      vertex 33 15.2 0.99
      vertex 33.2084 15.1818 0.99
    endloop
  endfacet
  facet normal 0.90633 -0.422571 0
    outer loop
      vertex 31.8724 14.4104 2
      vertex 31.9608 14.6 0.99
      vertex 31.9608 14.6 2
    endloop
  endfacet
  facet normal 0.90633 -0.422571 0
    outer loop
      vertex 31.9608 14.6 0.99
      vertex 31.8724 14.4104 2
      vertex 31.8724 14.4104 0.99
    endloop
  endfacet
  facet normal 0.25915 -0.965837 0
    outer loop
      vertex 32.5896 15.1276 0.99
      vertex 32.7916 15.1818 2
      vertex 32.5896 15.1276 2
    endloop
  endfacet
  facet normal 0.25915 -0.965837 0
    outer loop
      vertex 32.7916 15.1818 2
      vertex 32.5896 15.1276 0.99
      vertex 32.7916 15.1818 0.99
    endloop
  endfacet
  facet normal 0.0870009 -0.996208 0
    outer loop
      vertex 32.7916 15.1818 0.99
      vertex 33 15.2 2
      vertex 32.7916 15.1818 2
    endloop
  endfacet
  facet normal 0.0870009 -0.996208 0
    outer loop
      vertex 33 15.2 2
      vertex 32.7916 15.1818 0.99
      vertex 33 15.2 0.99
    endloop
  endfacet
  facet normal 0.90633 0.422571 0
    outer loop
      vertex 31.9608 13.4 2
      vertex 31.8724 13.5896 0.99
      vertex 31.8724 13.5896 2
    endloop
  endfacet
  facet normal 0.90633 0.422571 0
    outer loop
      vertex 31.8724 13.5896 0.99
      vertex 31.9608 13.4 2
      vertex 31.9608 13.4 0.99
    endloop
  endfacet
  facet normal 0.819254 0.57343 0
    outer loop
      vertex 32.0807 13.2287 2
      vertex 31.9608 13.4 0.99
      vertex 31.9608 13.4 2
    endloop
  endfacet
  facet normal 0.819254 0.57343 0
    outer loop
      vertex 31.9608 13.4 0.99
      vertex 32.0807 13.2287 2
      vertex 32.0807 13.2287 0.99
    endloop
  endfacet
  facet normal 0.707107 0.707107 0
    outer loop
      vertex 32.2287 13.0807 2
      vertex 32.0807 13.2287 0.99
      vertex 32.0807 13.2287 2
    endloop
  endfacet
  facet normal 0.707107 0.707107 0
    outer loop
      vertex 32.0807 13.2287 0.99
      vertex 32.2287 13.0807 2
      vertex 32.2287 13.0807 0.99
    endloop
  endfacet
  facet normal 0.422571 0.90633 -0
    outer loop
      vertex 32.5896 12.8724 0.99
      vertex 32.4 12.9608 2
      vertex 32.5896 12.8724 2
    endloop
  endfacet
  facet normal 0.422571 0.90633 0
    outer loop
      vertex 32.4 12.9608 2
      vertex 32.5896 12.8724 0.99
      vertex 32.4 12.9608 0.99
    endloop
  endfacet
  facet normal 0.965837 -0.25915 0
    outer loop
      vertex 31.8182 14.2084 2
      vertex 31.8724 14.4104 0.99
      vertex 31.8724 14.4104 2
    endloop
  endfacet
  facet normal 0.965837 -0.25915 0
    outer loop
      vertex 31.8724 14.4104 0.99
      vertex 31.8182 14.2084 2
      vertex 31.8182 14.2084 0.99
    endloop
  endfacet
  facet normal 0.707107 -0.707107 0
    outer loop
      vertex 32.0807 14.7713 2
      vertex 32.2287 14.9193 0.99
      vertex 32.2287 14.9193 2
    endloop
  endfacet
  facet normal 0.707107 -0.707107 0
    outer loop
      vertex 32.2287 14.9193 0.99
      vertex 32.0807 14.7713 2
      vertex 32.0807 14.7713 0.99
    endloop
  endfacet
  facet normal -0.77905 -0.0682066 -0.62324
    outer loop
      vertex 34.9619 14.3438 0
      vertex 34.992 14 0
      vertex 34.2 14 0.99
    endloop
  endfacet
  facet normal 0.0682066 0.77905 -0.62324
    outer loop
      vertex 33 12.8 0.99
      vertex 33 12.008 0
      vertex 32.6562 12.0381 0
    endloop
  endfacet
  facet normal -0.33057 -0.70872 -0.623249
    outer loop
      vertex 33.6832 15.871 0
      vertex 33.996 15.7251 0
      vertex 33.6 15.0392 0.99
    endloop
  endfacet
  facet normal 0.755426 0.202338 -0.62321
    outer loop
      vertex 31.8182 13.7916 0.99
      vertex 31.1276 13.3207 0
      vertex 31.0383 13.6541 0
    endloop
  endfacet
  facet normal -0.44844 -0.640681 -0.623241
    outer loop
      vertex 34.2787 15.5272 0
      vertex 33.7713 14.9193 0.99
      vertex 33.6 15.0392 0.99
    endloop
  endfacet
  facet normal -0.450926 -0.638811 -0.623367
    outer loop
      vertex 33.7713 14.9193 0.99
      vertex 34.2787 15.5272 0
      vertex 34.2804 15.526 0
    endloop
  endfacet
  facet normal -0.638811 -0.450926 -0.623367
    outer loop
      vertex 34.5272 15.2787 0
      vertex 33.9193 14.7713 0.99
      vertex 34.526 15.2804 0
    endloop
  endfacet
  facet normal -0.640681 -0.44844 -0.623241
    outer loop
      vertex 33.9193 14.7713 0.99
      vertex 34.5272 15.2787 0
      vertex 34.0392 14.6 0.99
    endloop
  endfacet
  facet normal -0.330452 -0.708752 -0.623276
    outer loop
      vertex 33.6813 15.8719 0
      vertex 33.6 15.0392 0.99
      vertex 33.4104 15.1276 0.99
    endloop
  endfacet
  facet normal -0.335046 -0.70732 -0.622449
    outer loop
      vertex 33.6 15.0392 0.99
      vertex 33.6813 15.8719 0
      vertex 33.6832 15.871 0
    endloop
  endfacet
  facet normal 0.77905 -0.0682066 -0.62324
    outer loop
      vertex 31.0381 14.3438 0
      vertex 31.8 14 0.99
      vertex 31.008 14 0
    endloop
  endfacet
  facet normal -0.70732 -0.335046 -0.622449
    outer loop
      vertex 34.8719 14.6813 0
      vertex 34.0392 14.6 0.99
      vertex 34.871 14.6832 0
    endloop
  endfacet
  facet normal -0.708752 -0.330452 -0.623276
    outer loop
      vertex 34.0392 14.6 0.99
      vertex 34.8719 14.6813 0
      vertex 34.1276 14.4104 0.99
    endloop
  endfacet
  facet normal 0.0680394 0.779088 -0.623211
    outer loop
      vertex 32.6562 12.0381 0
      vertex 32.7916 12.8182 0.99
      vertex 33 12.8 0.99
    endloop
  endfacet
  facet normal 0.0741275 0.778339 -0.623453
    outer loop
      vertex 32.7916 12.8182 0.99
      vertex 32.6562 12.0381 0
      vertex 32.6541 12.0383 0
    endloop
  endfacet
  facet normal -0.552977 -0.552977 -0.623244
    outer loop
      vertex 33.9193 14.7713 0.99
      vertex 34.2804 15.526 0
      vertex 34.526 15.2804 0
    endloop
  endfacet
  facet normal -0.552977 -0.552977 -0.623244
    outer loop
      vertex 34.2804 15.526 0
      vertex 33.9193 14.7713 0.99
      vertex 33.7713 14.9193 0.99
    endloop
  endfacet
  facet normal -0.33057 0.70872 -0.623249
    outer loop
      vertex 33.996 12.2749 0
      vertex 33.6832 12.129 0
      vertex 33.6 12.9608 0.99
    endloop
  endfacet
  facet normal -0.755426 -0.202338 -0.62321
    outer loop
      vertex 34.8724 14.6793 0
      vertex 34.9617 14.3459 0
      vertex 34.1818 14.2084 0.99
    endloop
  endfacet
  facet normal -0.640648 -0.448476 -0.623249
    outer loop
      vertex 34.5272 15.2787 0
      vertex 34.7251 14.996 0
      vertex 34.0392 14.6 0.99
    endloop
  endfacet
  facet normal -0.0682066 0.77905 -0.62324
    outer loop
      vertex 33 12.8 0.99
      vertex 33.3438 12.0381 0
      vertex 33 12.008 0
    endloop
  endfacet
  facet normal -0.448476 -0.640648 -0.623249
    outer loop
      vertex 33.996 15.7251 0
      vertex 34.2787 15.5272 0
      vertex 33.6 15.0392 0.99
    endloop
  endfacet
  facet normal -0.77905 0.0682066 -0.62324
    outer loop
      vertex 34.992 14 0
      vertex 34.9619 13.6562 0
      vertex 34.2 14 0.99
    endloop
  endfacet
  facet normal 0.189782 -0.75913 -0.622659
    outer loop
      vertex 32.3207 15.8724 0
      vertex 32.5896 15.1276 0.99
      vertex 32.3187 15.8719 0
    endloop
  endfacet
  facet normal 0.202658 -0.755292 -0.623269
    outer loop
      vertex 32.5896 15.1276 0.99
      vertex 32.3207 15.8724 0
      vertex 32.7916 15.1818 0.99
    endloop
  endfacet
  facet normal -0.0682066 -0.77905 -0.62324
    outer loop
      vertex 33 15.992 0
      vertex 33.3438 15.9619 0
      vertex 33 15.2 0.99
    endloop
  endfacet
  facet normal 0.77905 0.0682066 -0.62324
    outer loop
      vertex 31.8 14 0.99
      vertex 31.0381 13.6562 0
      vertex 31.008 14 0
    endloop
  endfacet
  facet normal -0.70872 -0.33057 -0.623249
    outer loop
      vertex 34.7251 14.996 0
      vertex 34.871 14.6832 0
      vertex 34.0392 14.6 0.99
    endloop
  endfacet
  facet normal -0.708752 0.330452 -0.623276
    outer loop
      vertex 34.8719 13.3187 0
      vertex 34.0392 13.4 0.99
      vertex 34.1276 13.5896 0.99
    endloop
  endfacet
  facet normal -0.70732 0.335046 -0.622449
    outer loop
      vertex 34.0392 13.4 0.99
      vertex 34.8719 13.3187 0
      vertex 34.871 13.3168 0
    endloop
  endfacet
  facet normal 0.640648 -0.448476 -0.623249
    outer loop
      vertex 31.4728 15.2787 0
      vertex 31.9608 14.6 0.99
      vertex 31.2749 14.996 0
    endloop
  endfacet
  facet normal -0.640648 0.448476 -0.623249
    outer loop
      vertex 34.7251 13.004 0
      vertex 34.5272 12.7213 0
      vertex 34.0392 13.4 0.99
    endloop
  endfacet
  facet normal 0.448476 -0.640648 -0.623249
    outer loop
      vertex 32.004 15.7251 0
      vertex 32.4 15.0392 0.99
      vertex 31.7213 15.5272 0
    endloop
  endfacet
  facet normal 0.450926 -0.638811 -0.623367
    outer loop
      vertex 31.7213 15.5272 0
      vertex 32.2287 14.9193 0.99
      vertex 31.7196 15.526 0
    endloop
  endfacet
  facet normal 0.44844 -0.640681 -0.623241
    outer loop
      vertex 32.2287 14.9193 0.99
      vertex 31.7213 15.5272 0
      vertex 32.4 15.0392 0.99
    endloop
  endfacet
  facet normal -0.0680394 -0.779088 -0.623211
    outer loop
      vertex 33.3438 15.9619 0
      vertex 33.2084 15.1818 0.99
      vertex 33 15.2 0.99
    endloop
  endfacet
  facet normal -0.0741275 -0.778339 -0.623453
    outer loop
      vertex 33.2084 15.1818 0.99
      vertex 33.3438 15.9619 0
      vertex 33.3459 15.9617 0
    endloop
  endfacet
  facet normal 0.0682066 -0.77905 -0.62324
    outer loop
      vertex 33 15.992 0
      vertex 33 15.2 0.99
      vertex 32.6562 15.9619 0
    endloop
  endfacet
  facet normal 0.33057 -0.70872 -0.623249
    outer loop
      vertex 32.3168 15.871 0
      vertex 32.4 15.0392 0.99
      vertex 32.004 15.7251 0
    endloop
  endfacet
  facet normal 0.552977 -0.552977 -0.623244
    outer loop
      vertex 32.0807 14.7713 0.99
      vertex 31.7196 15.526 0
      vertex 32.2287 14.9193 0.99
    endloop
  endfacet
  facet normal 0.552977 -0.552977 -0.623244
    outer loop
      vertex 31.7196 15.526 0
      vertex 32.0807 14.7713 0.99
      vertex 31.474 15.2804 0
    endloop
  endfacet
  facet normal 0.638811 -0.450926 -0.623367
    outer loop
      vertex 32.0807 14.7713 0.99
      vertex 31.4728 15.2787 0
      vertex 31.474 15.2804 0
    endloop
  endfacet
  facet normal 0.640681 -0.44844 -0.623241
    outer loop
      vertex 31.4728 15.2787 0
      vertex 32.0807 14.7713 0.99
      vertex 31.9608 14.6 0.99
    endloop
  endfacet
  facet normal 0.202658 0.755292 -0.623269
    outer loop
      vertex 32.3207 12.1276 0
      vertex 32.5896 12.8724 0.99
      vertex 32.7916 12.8182 0.99
    endloop
  endfacet
  facet normal 0.189782 0.75913 -0.622659
    outer loop
      vertex 32.5896 12.8724 0.99
      vertex 32.3207 12.1276 0
      vertex 32.3187 12.1281 0
    endloop
  endfacet
  facet normal 0.755292 0.202658 -0.623269
    outer loop
      vertex 31.8724 13.5896 0.99
      vertex 31.1276 13.3207 0
      vertex 31.8182 13.7916 0.99
    endloop
  endfacet
  facet normal 0.75913 0.189782 -0.622659
    outer loop
      vertex 31.1276 13.3207 0
      vertex 31.8724 13.5896 0.99
      vertex 31.1281 13.3187 0
    endloop
  endfacet
  facet normal 0.0741275 -0.778339 -0.623453
    outer loop
      vertex 32.6562 15.9619 0
      vertex 32.7916 15.1818 0.99
      vertex 32.6541 15.9617 0
    endloop
  endfacet
  facet normal 0.0680394 -0.779088 -0.623211
    outer loop
      vertex 32.7916 15.1818 0.99
      vertex 32.6562 15.9619 0
      vertex 33 15.2 0.99
    endloop
  endfacet
  facet normal 0.202338 -0.755426 -0.62321
    outer loop
      vertex 32.6541 15.9617 0
      vertex 32.7916 15.1818 0.99
      vertex 32.3207 15.8724 0
    endloop
  endfacet
  facet normal -0.202658 -0.755292 -0.623269
    outer loop
      vertex 33.6793 15.8724 0
      vertex 33.4104 15.1276 0.99
      vertex 33.2084 15.1818 0.99
    endloop
  endfacet
  facet normal -0.189782 -0.75913 -0.622659
    outer loop
      vertex 33.4104 15.1276 0.99
      vertex 33.6793 15.8724 0
      vertex 33.6813 15.8719 0
    endloop
  endfacet
  facet normal -0.202338 -0.755426 -0.62321
    outer loop
      vertex 33.3459 15.9617 0
      vertex 33.6793 15.8724 0
      vertex 33.2084 15.1818 0.99
    endloop
  endfacet
  facet normal 0.779088 0.0680394 -0.623211
    outer loop
      vertex 31.8182 13.7916 0.99
      vertex 31.0381 13.6562 0
      vertex 31.8 14 0.99
    endloop
  endfacet
  facet normal 0.778339 0.0741275 -0.623453
    outer loop
      vertex 31.0381 13.6562 0
      vertex 31.8182 13.7916 0.99
      vertex 31.0383 13.6541 0
    endloop
  endfacet
  facet normal -0.640681 0.44844 -0.623241
    outer loop
      vertex 34.5272 12.7213 0
      vertex 33.9193 13.2287 0.99
      vertex 34.0392 13.4 0.99
    endloop
  endfacet
  facet normal -0.638811 0.450926 -0.623367
    outer loop
      vertex 33.9193 13.2287 0.99
      vertex 34.5272 12.7213 0
      vertex 34.526 12.7196 0
    endloop
  endfacet
  facet normal -0.755426 0.202338 -0.62321
    outer loop
      vertex 34.9617 13.6541 0
      vertex 34.8724 13.3207 0
      vertex 34.1818 13.7916 0.99
    endloop
  endfacet
  facet normal -0.779088 0.0680394 -0.623211
    outer loop
      vertex 34.9619 13.6562 0
      vertex 34.1818 13.7916 0.99
      vertex 34.2 14 0.99
    endloop
  endfacet
  facet normal -0.778339 0.0741275 -0.623453
    outer loop
      vertex 34.1818 13.7916 0.99
      vertex 34.9619 13.6562 0
      vertex 34.9617 13.6541 0
    endloop
  endfacet
  facet normal -0.450926 0.638811 -0.623367
    outer loop
      vertex 34.2787 12.4728 0
      vertex 33.7713 13.0807 0.99
      vertex 34.2804 12.474 0
    endloop
  endfacet
  facet normal -0.44844 0.640681 -0.623241
    outer loop
      vertex 33.7713 13.0807 0.99
      vertex 34.2787 12.4728 0
      vertex 33.6 12.9608 0.99
    endloop
  endfacet
  facet normal 0.708752 0.330452 -0.623276
    outer loop
      vertex 31.9608 13.4 0.99
      vertex 31.1281 13.3187 0
      vertex 31.8724 13.5896 0.99
    endloop
  endfacet
  facet normal 0.70732 0.335046 -0.622449
    outer loop
      vertex 31.1281 13.3187 0
      vertex 31.9608 13.4 0.99
      vertex 31.129 13.3168 0
    endloop
  endfacet
  facet normal 0.70872 -0.33057 -0.623249
    outer loop
      vertex 31.2749 14.996 0
      vertex 31.9608 14.6 0.99
      vertex 31.129 14.6832 0
    endloop
  endfacet
  facet normal 0.202338 0.755426 -0.62321
    outer loop
      vertex 32.7916 12.8182 0.99
      vertex 32.6541 12.0383 0
      vertex 32.3207 12.1276 0
    endloop
  endfacet
  facet normal 0.70872 0.33057 -0.623249
    outer loop
      vertex 31.9608 13.4 0.99
      vertex 31.2749 13.004 0
      vertex 31.129 13.3168 0
    endloop
  endfacet
  facet normal 0.640681 0.44844 -0.623241
    outer loop
      vertex 32.0807 13.2287 0.99
      vertex 31.4728 12.7213 0
      vertex 31.9608 13.4 0.99
    endloop
  endfacet
  facet normal 0.638811 0.450926 -0.623367
    outer loop
      vertex 31.4728 12.7213 0
      vertex 32.0807 13.2287 0.99
      vertex 31.474 12.7196 0
    endloop
  endfacet
  facet normal 0.640648 0.448476 -0.623249
    outer loop
      vertex 31.9608 13.4 0.99
      vertex 31.4728 12.7213 0
      vertex 31.2749 13.004 0
    endloop
  endfacet
  facet normal 0.70732 -0.335046 -0.622449
    outer loop
      vertex 31.9608 14.6 0.99
      vertex 31.1281 14.6813 0
      vertex 31.129 14.6832 0
    endloop
  endfacet
  facet normal 0.708752 -0.330452 -0.623276
    outer loop
      vertex 31.1281 14.6813 0
      vertex 31.9608 14.6 0.99
      vertex 31.8724 14.4104 0.99
    endloop
  endfacet
  facet normal -0.70872 0.33057 -0.623249
    outer loop
      vertex 34.871 13.3168 0
      vertex 34.7251 13.004 0
      vertex 34.0392 13.4 0.99
    endloop
  endfacet
  facet normal -0.189782 0.75913 -0.622659
    outer loop
      vertex 33.6793 12.1276 0
      vertex 33.4104 12.8724 0.99
      vertex 33.6813 12.1281 0
    endloop
  endfacet
  facet normal -0.202658 0.755292 -0.623269
    outer loop
      vertex 33.4104 12.8724 0.99
      vertex 33.6793 12.1276 0
      vertex 33.2084 12.8182 0.99
    endloop
  endfacet
  facet normal 0.335046 -0.70732 -0.622449
    outer loop
      vertex 32.3187 15.8719 0
      vertex 32.4 15.0392 0.99
      vertex 32.3168 15.871 0
    endloop
  endfacet
  facet normal 0.330452 -0.708752 -0.623276
    outer loop
      vertex 32.4 15.0392 0.99
      vertex 32.3187 15.8719 0
      vertex 32.5896 15.1276 0.99
    endloop
  endfacet
  facet normal 0.778339 -0.0741275 -0.623453
    outer loop
      vertex 31.8182 14.2084 0.99
      vertex 31.0381 14.3438 0
      vertex 31.0383 14.3459 0
    endloop
  endfacet
  facet normal 0.779088 -0.0680394 -0.623211
    outer loop
      vertex 31.0381 14.3438 0
      vertex 31.8182 14.2084 0.99
      vertex 31.8 14 0.99
    endloop
  endfacet
  facet normal -0.335046 0.70732 -0.622449
    outer loop
      vertex 33.6813 12.1281 0
      vertex 33.6 12.9608 0.99
      vertex 33.6832 12.129 0
    endloop
  endfacet
  facet normal -0.330452 0.708752 -0.623276
    outer loop
      vertex 33.6 12.9608 0.99
      vertex 33.6813 12.1281 0
      vertex 33.4104 12.8724 0.99
    endloop
  endfacet
  facet normal 0.75913 -0.189782 -0.622659
    outer loop
      vertex 31.8724 14.4104 0.99
      vertex 31.1276 14.6793 0
      vertex 31.1281 14.6813 0
    endloop
  endfacet
  facet normal 0.755292 -0.202658 -0.623269
    outer loop
      vertex 31.1276 14.6793 0
      vertex 31.8724 14.4104 0.99
      vertex 31.8182 14.2084 0.99
    endloop
  endfacet
  facet normal 0.755426 -0.202338 -0.62321
    outer loop
      vertex 31.1276 14.6793 0
      vertex 31.8182 14.2084 0.99
      vertex 31.0383 14.3459 0
    endloop
  endfacet
  facet normal 0.330452 0.708752 -0.623276
    outer loop
      vertex 32.3187 12.1281 0
      vertex 32.4 12.9608 0.99
      vertex 32.5896 12.8724 0.99
    endloop
  endfacet
  facet normal 0.335046 0.70732 -0.622449
    outer loop
      vertex 32.4 12.9608 0.99
      vertex 32.3187 12.1281 0
      vertex 32.3168 12.129 0
    endloop
  endfacet
  facet normal -0.552977 0.552977 -0.623244
    outer loop
      vertex 34.2804 12.474 0
      vertex 33.9193 13.2287 0.99
      vertex 34.526 12.7196 0
    endloop
  endfacet
  facet normal -0.552977 0.552977 -0.623244
    outer loop
      vertex 33.9193 13.2287 0.99
      vertex 34.2804 12.474 0
      vertex 33.7713 13.0807 0.99
    endloop
  endfacet
  facet normal -0.75913 -0.189782 -0.622659
    outer loop
      vertex 34.8724 14.6793 0
      vertex 34.1276 14.4104 0.99
      vertex 34.8719 14.6813 0
    endloop
  endfacet
  facet normal -0.755292 -0.202658 -0.623269
    outer loop
      vertex 34.1276 14.4104 0.99
      vertex 34.8724 14.6793 0
      vertex 34.1818 14.2084 0.99
    endloop
  endfacet
  facet normal -0.755292 0.202658 -0.623269
    outer loop
      vertex 34.8724 13.3207 0
      vertex 34.1276 13.5896 0.99
      vertex 34.1818 13.7916 0.99
    endloop
  endfacet
  facet normal -0.75913 0.189782 -0.622659
    outer loop
      vertex 34.1276 13.5896 0.99
      vertex 34.8724 13.3207 0
      vertex 34.8719 13.3187 0
    endloop
  endfacet
  facet normal -0.0741275 0.778339 -0.623453
    outer loop
      vertex 33.3438 12.0381 0
      vertex 33.2084 12.8182 0.99
      vertex 33.3459 12.0383 0
    endloop
  endfacet
  facet normal -0.0680394 0.779088 -0.623211
    outer loop
      vertex 33.2084 12.8182 0.99
      vertex 33.3438 12.0381 0
      vertex 33 12.8 0.99
    endloop
  endfacet
  facet normal 0.552977 0.552977 -0.623244
    outer loop
      vertex 31.7196 12.474 0
      vertex 32.0807 13.2287 0.99
      vertex 32.2287 13.0807 0.99
    endloop
  endfacet
  facet normal 0.552977 0.552977 -0.623244
    outer loop
      vertex 32.0807 13.2287 0.99
      vertex 31.7196 12.474 0
      vertex 31.474 12.7196 0
    endloop
  endfacet
  facet normal 0.33057 0.70872 -0.623249
    outer loop
      vertex 32.4 12.9608 0.99
      vertex 32.3168 12.129 0
      vertex 32.004 12.2749 0
    endloop
  endfacet
  facet normal 0.448476 0.640648 -0.623249
    outer loop
      vertex 32.4 12.9608 0.99
      vertex 32.004 12.2749 0
      vertex 31.7213 12.4728 0
    endloop
  endfacet
  facet normal 0.44844 0.640681 -0.623241
    outer loop
      vertex 31.7213 12.4728 0
      vertex 32.2287 13.0807 0.99
      vertex 32.4 12.9608 0.99
    endloop
  endfacet
  facet normal 0.450926 0.638811 -0.623367
    outer loop
      vertex 32.2287 13.0807 0.99
      vertex 31.7213 12.4728 0
      vertex 31.7196 12.474 0
    endloop
  endfacet
  facet normal -0.448476 0.640648 -0.623249
    outer loop
      vertex 34.2787 12.4728 0
      vertex 33.996 12.2749 0
      vertex 33.6 12.9608 0.99
    endloop
  endfacet
  facet normal -0.202338 0.755426 -0.62321
    outer loop
      vertex 33.6793 12.1276 0
      vertex 33.3459 12.0383 0
      vertex 33.2084 12.8182 0.99
    endloop
  endfacet
  facet normal -0.778339 -0.0741275 -0.623453
    outer loop
      vertex 34.9619 14.3438 0
      vertex 34.1818 14.2084 0.99
      vertex 34.9617 14.3459 0
    endloop
  endfacet
  facet normal -0.779088 -0.0680394 -0.623211
    outer loop
      vertex 34.1818 14.2084 0.99
      vertex 34.9619 14.3438 0
      vertex 34.2 14 0.99
    endloop
  endfacet
  facet normal 0.996165 -0.0874961 0
    outer loop
      vertex -35.5 15.7 13.45
      vertex -35.4878 15.8389 2
      vertex -35.4878 15.8389 13.45
    endloop
  endfacet
  facet normal 0.996165 -0.0874961 0
    outer loop
      vertex -35.4878 15.8389 2
      vertex -35.5 15.7 13.45
      vertex -35.5 15.7 2
    endloop
  endfacet
  facet normal -1 0 0
    outer loop
      vertex 35.5 -15.7 2
      vertex 35.5 15.7 13.45
      vertex 35.5 15.7 2
    endloop
  endfacet
  facet normal -1 -0 0
    outer loop
      vertex 35.5 15.7 13.45
      vertex 35.5 -15.7 2
      vertex 35.5 -15.7 13.45
    endloop
  endfacet
  facet normal -0.0874961 0.996165 0
    outer loop
      vertex 34.8389 -16.4878 2
      vertex 34.7 -16.5 13.45
      vertex 34.8389 -16.4878 13.45
    endloop
  endfacet
  facet normal -0.0874961 0.996165 0
    outer loop
      vertex 34.7 -16.5 13.45
      vertex 34.8389 -16.4878 2
      vertex 34.7 -16.5 2
    endloop
  endfacet
  facet normal -0.707107 0.707107 0
    outer loop
      vertex 35.2142 -16.3128 2
      vertex 35.3128 -16.2142 13.45
      vertex 35.3128 -16.2142 2
    endloop
  endfacet
  facet normal -0.707107 0.707107 0
    outer loop
      vertex 35.3128 -16.2142 13.45
      vertex 35.2142 -16.3128 2
      vertex 35.2142 -16.3128 13.45
    endloop
  endfacet
  facet normal 0.81903 -0.573751 0
    outer loop
      vertex -35.3928 16.1 13.45
      vertex -35.3128 16.2142 2
      vertex -35.3128 16.2142 13.45
    endloop
  endfacet
  facet normal 0.81903 -0.573751 0
    outer loop
      vertex -35.3128 16.2142 2
      vertex -35.3928 16.1 13.45
      vertex -35.3928 16.1 2
    endloop
  endfacet
  facet normal -0.966092 -0.258198 0
    outer loop
      vertex 35.4878 15.8389 2
      vertex 35.4518 15.9736 13.45
      vertex 35.4518 15.9736 2
    endloop
  endfacet
  facet normal -0.966092 -0.258198 0
    outer loop
      vertex 35.4518 15.9736 13.45
      vertex 35.4878 15.8389 2
      vertex 35.4878 15.8389 13.45
    endloop
  endfacet
  facet normal 1 0 0
    outer loop
      vertex -35.5 15.7 13.45
      vertex -35.5 10.2 4.19
      vertex -35.5 15.7 2
    endloop
  endfacet
  facet normal 1 -0 0
    outer loop
      vertex -35.5 6 7.9
      vertex -35.5 10.2 4.19
      vertex -35.5 15.7 13.45
    endloop
  endfacet
  facet normal 1 0 0
    outer loop
      vertex -35.5 6 2
      vertex -35.5 9.2 4.19
      vertex -35.5 6 7.9
    endloop
  endfacet
  facet normal 1 0 0
    outer loop
      vertex -35.5 10.2 4.19
      vertex -35.5 6 7.9
      vertex -35.5 9.2 4.19
    endloop
  endfacet
  facet normal 1 0 0
    outer loop
      vertex -35.5 15.7 13.45
      vertex -35.5 -6 7.9
      vertex -35.5 6 7.9
    endloop
  endfacet
  facet normal 1 0 0
    outer loop
      vertex -35.5 -6 7.9
      vertex -35.5 -9.2 4.19
      vertex -35.5 -6 2
    endloop
  endfacet
  facet normal 1 0 0
    outer loop
      vertex -35.5 -6 7.9
      vertex -35.5 -10.2 4.19
      vertex -35.5 -9.2 4.19
    endloop
  endfacet
  facet normal 1 -0 0
    outer loop
      vertex -35.5 -15.7 13.45
      vertex -35.5 -6 7.9
      vertex -35.5 15.7 13.45
    endloop
  endfacet
  facet normal 1 0 0
    outer loop
      vertex -35.5 -15.7 13.45
      vertex -35.5 -10.2 4.19
      vertex -35.5 -6 7.9
    endloop
  endfacet
  facet normal 1 0 0
    outer loop
      vertex -35.5 -15.7 2
      vertex -35.5 -10.2 4.19
      vertex -35.5 -15.7 13.45
    endloop
  endfacet
  facet normal 1 0 0
    outer loop
      vertex -35.5 -10.2 4.19
      vertex -35.5 -15.7 2
      vertex -35.5 -10.2 2
    endloop
  endfacet
  facet normal 1 0 0
    outer loop
      vertex -35.5 15.7 2
      vertex -35.5 10.2 4.19
      vertex -35.5 10.2 2
    endloop
  endfacet
  facet normal 1 0 0
    outer loop
      vertex -35.5 9.2 4.19
      vertex -35.5 6 2
      vertex -35.5 9.2 2
    endloop
  endfacet
  facet normal 1 0 0
    outer loop
      vertex -35.5 -6 2
      vertex -35.5 -9.2 4.19
      vertex -35.5 -9.2 2
    endloop
  endfacet
  facet normal -0.81903 0.573751 0
    outer loop
      vertex 35.3128 -16.2142 2
      vertex 35.3928 -16.1 13.45
      vertex 35.3928 -16.1 2
    endloop
  endfacet
  facet normal -0.81903 0.573751 0
    outer loop
      vertex 35.3928 -16.1 13.45
      vertex 35.3128 -16.2142 2
      vertex 35.3128 -16.2142 13.45
    endloop
  endfacet
  facet normal -0.966092 0.258198 0
    outer loop
      vertex 35.4518 -15.9736 2
      vertex 35.4878 -15.8389 13.45
      vertex 35.4878 -15.8389 2
    endloop
  endfacet
  facet normal -0.966092 0.258198 0
    outer loop
      vertex 35.4878 -15.8389 13.45
      vertex 35.4518 -15.9736 2
      vertex 35.4518 -15.9736 13.45
    endloop
  endfacet
  facet normal -0.258198 -0.966092 0
    outer loop
      vertex 34.8389 16.4878 2
      vertex 34.9736 16.4518 13.45
      vertex 34.8389 16.4878 13.45
    endloop
  endfacet
  facet normal -0.258198 -0.966092 -0
    outer loop
      vertex 34.9736 16.4518 13.45
      vertex 34.8389 16.4878 2
      vertex 34.9736 16.4518 2
    endloop
  endfacet
  facet normal -0.906147 -0.422964 0
    outer loop
      vertex 35.4518 15.9736 2
      vertex 35.3928 16.1 13.45
      vertex 35.3928 16.1 2
    endloop
  endfacet
  facet normal -0.906147 -0.422964 0
    outer loop
      vertex 35.3928 16.1 13.45
      vertex 35.4518 15.9736 2
      vertex 35.4518 15.9736 13.45
    endloop
  endfacet
  facet normal 0.966092 -0.258198 0
    outer loop
      vertex -35.4878 15.8389 13.45
      vertex -35.4518 15.9736 2
      vertex -35.4518 15.9736 13.45
    endloop
  endfacet
  facet normal 0.966092 -0.258198 0
    outer loop
      vertex -35.4518 15.9736 2
      vertex -35.4878 15.8389 13.45
      vertex -35.4878 15.8389 2
    endloop
  endfacet
  facet normal 0.906147 -0.422964 0
    outer loop
      vertex -35.4518 15.9736 13.45
      vertex -35.3928 16.1 2
      vertex -35.3928 16.1 13.45
    endloop
  endfacet
  facet normal 0.906147 -0.422964 0
    outer loop
      vertex -35.3928 16.1 2
      vertex -35.4518 15.9736 13.45
      vertex -35.4518 15.9736 2
    endloop
  endfacet
  facet normal 0.573751 0.81903 -0
    outer loop
      vertex -35.1 -16.3928 2
      vertex -35.2142 -16.3128 13.45
      vertex -35.1 -16.3928 13.45
    endloop
  endfacet
  facet normal 0.573751 0.81903 0
    outer loop
      vertex -35.2142 -16.3128 13.45
      vertex -35.1 -16.3928 2
      vertex -35.2142 -16.3128 2
    endloop
  endfacet
  facet normal -0.258198 0.966092 0
    outer loop
      vertex 34.9736 -16.4518 2
      vertex 34.8389 -16.4878 13.45
      vertex 34.9736 -16.4518 13.45
    endloop
  endfacet
  facet normal -0.258198 0.966092 0
    outer loop
      vertex 34.8389 -16.4878 13.45
      vertex 34.9736 -16.4518 2
      vertex 34.8389 -16.4878 2
    endloop
  endfacet
  facet normal 0.966092 0.258198 0
    outer loop
      vertex -35.4518 -15.9736 13.45
      vertex -35.4878 -15.8389 2
      vertex -35.4878 -15.8389 13.45
    endloop
  endfacet
  facet normal 0.966092 0.258198 0
    outer loop
      vertex -35.4878 -15.8389 2
      vertex -35.4518 -15.9736 13.45
      vertex -35.4518 -15.9736 2
    endloop
  endfacet
  facet normal 0 0 1
    outer loop
      vertex -34.2 14 2
      vertex -35.5 15.7 2
      vertex -34.1818 13.7916 2
    endloop
  endfacet
  facet normal 0 0 1
    outer loop
      vertex -35.5 15.7 2
      vertex -35.4518 15.9736 2
      vertex -35.4878 15.8389 2
    endloop
  endfacet
  facet normal 0 0 1
    outer loop
      vertex -35.5 10.2 2
      vertex -34.1818 13.7916 2
      vertex -35.5 15.7 2
    endloop
  endfacet
  facet normal 0 0 1
    outer loop
      vertex -34.1818 13.7916 2
      vertex -35.5 10.2 2
      vertex -35.4 10.2 2
    endloop
  endfacet
  facet normal 0 0 1
    outer loop
      vertex -34.1276 14.4104 2
      vertex -35.5 15.7 2
      vertex -34.1818 14.2084 2
    endloop
  endfacet
  facet normal 0 0 1
    outer loop
      vertex -35.3928 16.1 2
      vertex -34.8389 16.4878 2
      vertex -34.9736 16.4518 2
    endloop
  endfacet
  facet normal 0 0 1
    outer loop
      vertex -35.3928 16.1 2
      vertex -34.9736 16.4518 2
      vertex -35.1 16.3928 2
    endloop
  endfacet
  facet normal 0 0 1
    outer loop
      vertex -35.3928 16.1 2
      vertex -35.1 16.3928 2
      vertex -35.2142 16.3128 2
    endloop
  endfacet
  facet normal 0 0 1
    outer loop
      vertex -35.3928 16.1 2
      vertex -35.2142 16.3128 2
      vertex -35.3128 16.2142 2
    endloop
  endfacet
  facet normal 0 0 1
    outer loop
      vertex -34.1818 14.2084 2
      vertex -35.5 15.7 2
      vertex -34.2 14 2
    endloop
  endfacet
  facet normal 0 0 1
    outer loop
      vertex -35.4 9.2 2
      vertex -34.1818 13.7916 2
      vertex -35.4 10.2 2
    endloop
  endfacet
  facet normal 0 0 1
    outer loop
      vertex -34.1818 13.7916 2
      vertex -35.4 9.2 2
      vertex -34.7 6 2
    endloop
  endfacet
  facet normal 0 0 1
    outer loop
      vertex -35.5 6 2
      vertex -35.4 9.2 2
      vertex -35.5 9.2 2
    endloop
  endfacet
  facet normal 0 0 1
    outer loop
      vertex -35.4 9.2 2
      vertex -35.5 6 2
      vertex -34.7 6 2
    endloop
  endfacet
  facet normal 0 0 1
    outer loop
      vertex -34.1276 -13.5896 2
      vertex -35.5 -10.2 2
      vertex -34.1818 -13.7916 2
    endloop
  endfacet
  facet normal 0 0 1
    outer loop
      vertex -34.1818 -13.7916 2
      vertex -35.5 -15.7 2
      vertex -35.3928 -16.1 2
    endloop
  endfacet
  facet normal 0 0 1
    outer loop
      vertex -35.3928 -16.1 2
      vertex -35.5 -15.7 2
      vertex -35.4518 -15.9736 2
    endloop
  endfacet
  facet normal 0 0 1
    outer loop
      vertex -34.1818 -13.7916 2
      vertex -35.5 -10.2 2
      vertex -35.5 -15.7 2
    endloop
  endfacet
  facet normal 0 0 1
    outer loop
      vertex -35.4518 -15.9736 2
      vertex -35.5 -15.7 2
      vertex -35.4878 -15.8389 2
    endloop
  endfacet
  facet normal -0 0 1
    outer loop
      vertex -32.0807 13.2287 2
      vertex -13.8 9.2 2
      vertex -31.9608 13.4 2
    endloop
  endfacet
  facet normal 0 0 1
    outer loop
      vertex -13.5 -3 2
      vertex -31.8182 -13.7916 2
      vertex -31.8 -14 2
    endloop
  endfacet
  facet normal 0 0 1
    outer loop
      vertex -34.7 6 2
      vertex -13.8 9.2 2
      vertex -32.0807 13.2287 2
    endloop
  endfacet
  facet normal 0 0 1
    outer loop
      vertex -13.5 -3 2
      vertex -31.8724 -13.5896 2
      vertex -31.8182 -13.7916 2
    endloop
  endfacet
  facet normal 0 0 1
    outer loop
      vertex -13.8 9.2 2
      vertex -34.7 6 2
      vertex -13.5 3 2
    endloop
  endfacet
  facet normal 0 0 1
    outer loop
      vertex -13.5 -3 2
      vertex -31.9608 -13.4 2
      vertex -31.8724 -13.5896 2
    endloop
  endfacet
  facet normal 0 0 1
    outer loop
      vertex -13.5 3 2
      vertex -34.7 6 2
      vertex -13.5 -3 2
    endloop
  endfacet
  facet normal 0 0 1
    outer loop
      vertex -34.7 -6 2
      vertex -13.5 -3 2
      vertex -34.7 6 2
    endloop
  endfacet
  facet normal 0 0 1
    outer loop
      vertex -34.7 6 2
      vertex -32.0807 13.2287 2
      vertex -32.2287 13.0807 2
    endloop
  endfacet
  facet normal 0 -0 1
    outer loop
      vertex -32.0807 -13.2287 2
      vertex -13.5 -3 2
      vertex -34.7 -6 2
    endloop
  endfacet
  facet normal 0 0 1
    outer loop
      vertex -34.7 6 2
      vertex -32.2287 13.0807 2
      vertex -32.4 12.9608 2
    endloop
  endfacet
  facet normal 0 0 1
    outer loop
      vertex -13.5 -3 2
      vertex -32.0807 -13.2287 2
      vertex -31.9608 -13.4 2
    endloop
  endfacet
  facet normal 0 0 1
    outer loop
      vertex -34.7 6 2
      vertex -32.4 12.9608 2
      vertex -32.5896 12.8724 2
    endloop
  endfacet
  facet normal 0 0 1
    outer loop
      vertex -32.0807 -13.2287 2
      vertex -34.7 -6 2
      vertex -32.2287 -13.0807 2
    endloop
  endfacet
  facet normal 0 0 1
    outer loop
      vertex -34.7 6 2
      vertex -32.5896 12.8724 2
      vertex -32.7916 12.8182 2
    endloop
  endfacet
  facet normal 0 0 1
    outer loop
      vertex -32.2287 -13.0807 2
      vertex -34.7 -6 2
      vertex -32.4 -12.9608 2
    endloop
  endfacet
  facet normal 0 0 1
    outer loop
      vertex -34.7 6 2
      vertex -32.7916 12.8182 2
      vertex -33 12.8 2
    endloop
  endfacet
  facet normal 0 0 1
    outer loop
      vertex -32.4 -12.9608 2
      vertex -34.7 -6 2
      vertex -32.5896 -12.8724 2
    endloop
  endfacet
  facet normal 0 0 1
    outer loop
      vertex -34.7 6 2
      vertex -33 12.8 2
      vertex -33.2084 12.8182 2
    endloop
  endfacet
  facet normal -0 0 1
    outer loop
      vertex -35.4 -9.2 2
      vertex -32.5896 -12.8724 2
      vertex -34.7 -6 2
    endloop
  endfacet
  facet normal 0 0 1
    outer loop
      vertex -34.7 6 2
      vertex -33.2084 12.8182 2
      vertex -33.4104 12.8724 2
    endloop
  endfacet
  facet normal 0 0 1
    outer loop
      vertex -32.5896 -12.8724 2
      vertex -35.4 -9.2 2
      vertex -32.7916 -12.8182 2
    endloop
  endfacet
  facet normal 0 0 1
    outer loop
      vertex -34.7 6 2
      vertex -33.4104 12.8724 2
      vertex -33.6 12.9608 2
    endloop
  endfacet
  facet normal -0 0 1
    outer loop
      vertex -35.4 -10.2 2
      vertex -32.7916 -12.8182 2
      vertex -35.4 -9.2 2
    endloop
  endfacet
  facet normal 0 0 1
    outer loop
      vertex -34.7 6 2
      vertex -33.6 12.9608 2
      vertex -33.7713 13.0807 2
    endloop
  endfacet
  facet normal 0 0 1
    outer loop
      vertex -32.7916 -12.8182 2
      vertex -35.4 -10.2 2
      vertex -33 -12.8 2
    endloop
  endfacet
  facet normal 0 0 1
    outer loop
      vertex -34.7 6 2
      vertex -33.7713 13.0807 2
      vertex -33.9193 13.2287 2
    endloop
  endfacet
  facet normal 0 0 1
    outer loop
      vertex -33 -12.8 2
      vertex -35.4 -10.2 2
      vertex -33.2084 -12.8182 2
    endloop
  endfacet
  facet normal 0 0 1
    outer loop
      vertex -34.7 6 2
      vertex -33.9193 13.2287 2
      vertex -34.0392 13.4 2
    endloop
  endfacet
  facet normal 0 0 1
    outer loop
      vertex -33.2084 -12.8182 2
      vertex -35.4 -10.2 2
      vertex -33.4104 -12.8724 2
    endloop
  endfacet
  facet normal 0 0 1
    outer loop
      vertex -34.7 6 2
      vertex -34.0392 13.4 2
      vertex -34.1276 13.5896 2
    endloop
  endfacet
  facet normal 0 0 1
    outer loop
      vertex -33.4104 -12.8724 2
      vertex -35.4 -10.2 2
      vertex -33.6 -12.9608 2
    endloop
  endfacet
  facet normal 0 0 1
    outer loop
      vertex -34.7 6 2
      vertex -34.1276 13.5896 2
      vertex -34.1818 13.7916 2
    endloop
  endfacet
  facet normal 0 0 1
    outer loop
      vertex -33.6 -12.9608 2
      vertex -35.4 -10.2 2
      vertex -33.7713 -13.0807 2
    endloop
  endfacet
  facet normal 0 0 1
    outer loop
      vertex -33.9193 14.7713 2
      vertex -35.5 15.7 2
      vertex -34.0392 14.6 2
    endloop
  endfacet
  facet normal 0 0 1
    outer loop
      vertex -33.7713 -13.0807 2
      vertex -35.4 -10.2 2
      vertex -33.9193 -13.2287 2
    endloop
  endfacet
  facet normal -0 0 1
    outer loop
      vertex -13.5 -3 2
      vertex -12.8 -9.2 2
      vertex -12.3 -3 2
    endloop
  endfacet
  facet normal 0 0 1
    outer loop
      vertex -13.5 -3 2
      vertex -13.8 -9.2 2
      vertex -12.8 -9.2 2
    endloop
  endfacet
  facet normal 0 0 1
    outer loop
      vertex -13.8 10.2 2
      vertex -31.8724 13.5896 2
      vertex -13.8 9.2 2
    endloop
  endfacet
  facet normal 0 0 1
    outer loop
      vertex 34.0392 13.4 2
      vertex 35.5 15.7 2
      vertex 34.1276 13.5896 2
    endloop
  endfacet
  facet normal 0 0 1
    outer loop
      vertex 35.5 -15.7 2
      vertex 34.1818 -13.7916 2
      vertex 34.2 -14 2
    endloop
  endfacet
  facet normal 0 0 1
    outer loop
      vertex 31.3 3 2
      vertex 35.5 15.7 2
      vertex 34.0392 13.4 2
    endloop
  endfacet
  facet normal 0 0 1
    outer loop
      vertex 35.5 -15.7 2
      vertex 34.1276 -13.5896 2
      vertex 34.1818 -13.7916 2
    endloop
  endfacet
  facet normal 0 0 1
    outer loop
      vertex 35.5 15.7 2
      vertex 31.3 3 2
      vertex 35.5 -15.7 2
    endloop
  endfacet
  facet normal -0 0 1
    outer loop
      vertex 31.3 -3 2
      vertex 35.5 -15.7 2
      vertex 31.3 3 2
    endloop
  endfacet
  facet normal 0 0 1
    outer loop
      vertex 31.3 3 2
      vertex 34.0392 13.4 2
      vertex 33.9193 13.2287 2
    endloop
  endfacet
  facet normal 0 0 1
    outer loop
      vertex 35.5 -15.7 2
      vertex 34.0392 -13.4 2
      vertex 34.1276 -13.5896 2
    endloop
  endfacet
  facet normal 0 0 1
    outer loop
      vertex 31.3 3 2
      vertex 33.9193 13.2287 2
      vertex 33.7713 13.0807 2
    endloop
  endfacet
  facet normal 0 0 1
    outer loop
      vertex 35.5 -15.7 2
      vertex 31.3 -3 2
      vertex 34.0392 -13.4 2
    endloop
  endfacet
  facet normal 0 0 1
    outer loop
      vertex 31.3 3 2
      vertex 33.7713 13.0807 2
      vertex 33.6 12.9608 2
    endloop
  endfacet
  facet normal 0 0 1
    outer loop
      vertex 34.0392 -13.4 2
      vertex 31.3 -3 2
      vertex 33.9193 -13.2287 2
    endloop
  endfacet
  facet normal 0 0 1
    outer loop
      vertex 31.3 3 2
      vertex 33.6 12.9608 2
      vertex 33.4104 12.8724 2
    endloop
  endfacet
  facet normal 0 0 1
    outer loop
      vertex 33.9193 -13.2287 2
      vertex 31.3 -3 2
      vertex 33.7713 -13.0807 2
    endloop
  endfacet
  facet normal 0 0 1
    outer loop
      vertex 31.3 3 2
      vertex 33.4104 12.8724 2
      vertex 33.2084 12.8182 2
    endloop
  endfacet
  facet normal 0 0 1
    outer loop
      vertex 33.7713 -13.0807 2
      vertex 31.3 -3 2
      vertex 33.6 -12.9608 2
    endloop
  endfacet
  facet normal 0 0 1
    outer loop
      vertex 31.3 3 2
      vertex 33.2084 12.8182 2
      vertex 33 12.8 2
    endloop
  endfacet
  facet normal 0 0 1
    outer loop
      vertex 33.6 -12.9608 2
      vertex 31.3 -3 2
      vertex 33.4104 -12.8724 2
    endloop
  endfacet
  facet normal 0 0 1
    outer loop
      vertex 31.3 3 2
      vertex 33 12.8 2
      vertex 32.7916 12.8182 2
    endloop
  endfacet
  facet normal 0 0 1
    outer loop
      vertex 33.4104 -12.8724 2
      vertex 31.3 -3 2
      vertex 33.2084 -12.8182 2
    endloop
  endfacet
  facet normal 0 0 1
    outer loop
      vertex 31.3 3 2
      vertex 32.7916 12.8182 2
      vertex 32.5896 12.8724 2
    endloop
  endfacet
  facet normal 0 0 1
    outer loop
      vertex 33.2084 -12.8182 2
      vertex 31.3 -3 2
      vertex 33 -12.8 2
    endloop
  endfacet
  facet normal 0 0 1
    outer loop
      vertex 30.1 3 2
      vertex 32.5896 12.8724 2
      vertex 32.4 12.9608 2
    endloop
  endfacet
  facet normal 0 0 1
    outer loop
      vertex 33 -12.8 2
      vertex 31.3 -3 2
      vertex 32.7916 -12.8182 2
    endloop
  endfacet
  facet normal 0 0 1
    outer loop
      vertex 30.1 3 2
      vertex 32.4 12.9608 2
      vertex 32.2287 13.0807 2
    endloop
  endfacet
  facet normal 0 0 1
    outer loop
      vertex 32.7916 -12.8182 2
      vertex 31.3 -3 2
      vertex 32.5896 -12.8724 2
    endloop
  endfacet
  facet normal 0 0 1
    outer loop
      vertex 30.1 3 2
      vertex 32.2287 13.0807 2
      vertex 32.0807 13.2287 2
    endloop
  endfacet
  facet normal -0 0 1
    outer loop
      vertex 30.1 -3 2
      vertex 32.5896 -12.8724 2
      vertex 31.3 -3 2
    endloop
  endfacet
  facet normal 0 0 1
    outer loop
      vertex 30.1 3 2
      vertex 32.0807 13.2287 2
      vertex 31.9608 13.4 2
    endloop
  endfacet
  facet normal 0 0 1
    outer loop
      vertex 32.5896 -12.8724 2
      vertex 30.1 -3 2
      vertex 32.4 -12.9608 2
    endloop
  endfacet
  facet normal 0 0 1
    outer loop
      vertex 30.1 3 2
      vertex 31.9608 13.4 2
      vertex 31.8724 13.5896 2
    endloop
  endfacet
  facet normal 0 0 1
    outer loop
      vertex 32.4 -12.9608 2
      vertex 30.1 -3 2
      vertex 32.2287 -13.0807 2
    endloop
  endfacet
  facet normal 0 0 1
    outer loop
      vertex 30.1 3 2
      vertex 31.8724 13.5896 2
      vertex 31.8182 13.7916 2
    endloop
  endfacet
  facet normal 0 0 1
    outer loop
      vertex 32.2287 -13.0807 2
      vertex 30.1 -3 2
      vertex 32.0807 -13.2287 2
    endloop
  endfacet
  facet normal 0 0 1
    outer loop
      vertex 30.1 3 2
      vertex 31.8182 13.7916 2
      vertex 31.8 14 2
    endloop
  endfacet
  facet normal 0 0 1
    outer loop
      vertex 32.0807 -13.2287 2
      vertex 30.1 -3 2
      vertex 31.9608 -13.4 2
    endloop
  endfacet
  facet normal 0 0 1
    outer loop
      vertex 34.7 16.5 2
      vertex 35.5 15.7 2
      vertex 35.4878 15.8389 2
    endloop
  endfacet
  facet normal 0 0 1
    outer loop
      vertex 34.1818 13.7916 2
      vertex 35.5 15.7 2
      vertex 34.2 14 2
    endloop
  endfacet
  facet normal 0 0 1
    outer loop
      vertex 34.7 16.5 2
      vertex 35.4878 15.8389 2
      vertex 35.4518 15.9736 2
    endloop
  endfacet
  facet normal 0 0 1
    outer loop
      vertex 34.1276 13.5896 2
      vertex 35.5 15.7 2
      vertex 34.1818 13.7916 2
    endloop
  endfacet
  facet normal 0 0 1
    outer loop
      vertex 34.7 16.5 2
      vertex 35.4518 15.9736 2
      vertex 35.3928 16.1 2
    endloop
  endfacet
  facet normal -0 0 1
    outer loop
      vertex 34.1818 -14.2084 2
      vertex 35.5 -15.7 2
      vertex 34.2 -14 2
    endloop
  endfacet
  facet normal 0 0 1
    outer loop
      vertex 34.7 16.5 2
      vertex 35.3928 16.1 2
      vertex 35.3128 16.2142 2
    endloop
  endfacet
  facet normal -0 0 1
    outer loop
      vertex 34.1276 -14.4104 2
      vertex 35.5 -15.7 2
      vertex 34.1818 -14.2084 2
    endloop
  endfacet
  facet normal 0 0 1
    outer loop
      vertex 34.7 16.5 2
      vertex 35.3128 16.2142 2
      vertex 35.2142 16.3128 2
    endloop
  endfacet
  facet normal -0 0 1
    outer loop
      vertex 34.0392 -14.6 2
      vertex 35.5 -15.7 2
      vertex 34.1276 -14.4104 2
    endloop
  endfacet
  facet normal 0 0 1
    outer loop
      vertex 34.7 16.5 2
      vertex 35.2142 16.3128 2
      vertex 35.1 16.3928 2
    endloop
  endfacet
  facet normal -0 0 1
    outer loop
      vertex 33.9193 -14.7713 2
      vertex 35.5 -15.7 2
      vertex 34.0392 -14.6 2
    endloop
  endfacet
  facet normal 0 0 1
    outer loop
      vertex 34.7 16.5 2
      vertex 35.1 16.3928 2
      vertex 34.9736 16.4518 2
    endloop
  endfacet
  facet normal 0 -0 1
    outer loop
      vertex 34.7 -16.5 2
      vertex 35.5 -15.7 2
      vertex 33.9193 -14.7713 2
    endloop
  endfacet
  facet normal 0 0 1
    outer loop
      vertex 34.7 16.5 2
      vertex 34.9736 16.4518 2
      vertex 34.8389 16.4878 2
    endloop
  endfacet
  facet normal 0 0 1
    outer loop
      vertex 35.5 -15.7 2
      vertex 34.7 -16.5 2
      vertex 35.4878 -15.8389 2
    endloop
  endfacet
  facet normal 0 0 1
    outer loop
      vertex 35.5 15.7 2
      vertex 34.7 16.5 2
      vertex 33.9193 14.7713 2
    endloop
  endfacet
  facet normal 0 0 1
    outer loop
      vertex 35.4878 -15.8389 2
      vertex 34.7 -16.5 2
      vertex 35.4518 -15.9736 2
    endloop
  endfacet
  facet normal 0 0 1
    outer loop
      vertex 35.4518 -15.9736 2
      vertex 34.7 -16.5 2
      vertex 35.3928 -16.1 2
    endloop
  endfacet
  facet normal 0 0 1
    outer loop
      vertex 35.5 15.7 2
      vertex 34.1818 14.2084 2
      vertex 34.2 14 2
    endloop
  endfacet
  facet normal 0 0 1
    outer loop
      vertex 35.5 15.7 2
      vertex 34.1276 14.4104 2
      vertex 34.1818 14.2084 2
    endloop
  endfacet
  facet normal 0 0 1
    outer loop
      vertex 35.5 15.7 2
      vertex 34.0392 14.6 2
      vertex 34.1276 14.4104 2
    endloop
  endfacet
  facet normal 0 0 1
    outer loop
      vertex 35.5 15.7 2
      vertex 33.9193 14.7713 2
      vertex 34.0392 14.6 2
    endloop
  endfacet
  facet normal 0 0 1
    outer loop
      vertex 34.7 16.5 2
      vertex 33.7713 14.9193 2
      vertex 33.9193 14.7713 2
    endloop
  endfacet
  facet normal 0 0 1
    outer loop
      vertex 34.7 16.5 2
      vertex 33.6 15.0392 2
      vertex 33.7713 14.9193 2
    endloop
  endfacet
  facet normal 0 0 1
    outer loop
      vertex 34.7 16.5 2
      vertex 33.4104 15.1276 2
      vertex 33.6 15.0392 2
    endloop
  endfacet
  facet normal 0 0 1
    outer loop
      vertex 34.7 16.5 2
      vertex 33.2084 15.1818 2
      vertex 33.4104 15.1276 2
    endloop
  endfacet
  facet normal 0 0 1
    outer loop
      vertex 34.7 16.5 2
      vertex 33 15.2 2
      vertex 33.2084 15.1818 2
    endloop
  endfacet
  facet normal 0 0 1
    outer loop
      vertex 34.7 16.5 2
      vertex 32.7916 15.1818 2
      vertex 33 15.2 2
    endloop
  endfacet
  facet normal 0 0 1
    outer loop
      vertex 34.7 16.5 2
      vertex 32.5896 15.1276 2
      vertex 32.7916 15.1818 2
    endloop
  endfacet
  facet normal 0 0 1
    outer loop
      vertex 34.7 16.5 2
      vertex 32.4 15.0392 2
      vertex 32.5896 15.1276 2
    endloop
  endfacet
  facet normal 0 0 1
    outer loop
      vertex 31.9608 -13.4 2
      vertex 30.1 -3 2
      vertex 31.8724 -13.5896 2
    endloop
  endfacet
  facet normal 0 0 1
    outer loop
      vertex 32.5896 12.8724 2
      vertex 30.1 3 2
      vertex 31.3 3 2
    endloop
  endfacet
  facet normal 0 0 1
    outer loop
      vertex -12.8 10.2 2
      vertex 31.8 14 2
      vertex 31.8182 14.2084 2
    endloop
  endfacet
  facet normal 0 0 1
    outer loop
      vertex 30.1 3 2
      vertex -12.3 3 2
      vertex 30.1 -3 2
    endloop
  endfacet
  facet normal 0 0 1
    outer loop
      vertex 31.8 14 2
      vertex -12.8 10.2 2
      vertex 30.1 3 2
    endloop
  endfacet
  facet normal 0 0 1
    outer loop
      vertex -12.8 10.2 2
      vertex 31.8182 14.2084 2
      vertex 31.8724 14.4104 2
    endloop
  endfacet
  facet normal 0 0 1
    outer loop
      vertex -12.8 10.2 2
      vertex 31.8724 14.4104 2
      vertex 31.9608 14.6 2
    endloop
  endfacet
  facet normal 0 0 1
    outer loop
      vertex -12.8 10.2 2
      vertex 31.9608 14.6 2
      vertex 32.0807 14.7713 2
    endloop
  endfacet
  facet normal 0 0 1
    outer loop
      vertex -12.8 10.2 2
      vertex 32.0807 14.7713 2
      vertex 32.2287 14.9193 2
    endloop
  endfacet
  facet normal 0 0 1
    outer loop
      vertex -12.8 10.2 2
      vertex 32.2287 14.9193 2
      vertex 32.4 15.0392 2
    endloop
  endfacet
  facet normal 0 0 1
    outer loop
      vertex -12.8 10.2 2
      vertex 32.4 15.0392 2
      vertex 34.7 16.5 2
    endloop
  endfacet
  facet normal 0 0 1
    outer loop
      vertex 30.1 3 2
      vertex -12.8 10.2 2
      vertex -12.8 9.2 2
    endloop
  endfacet
  facet normal -0 0 1
    outer loop
      vertex -34.7 16.5 2
      vertex -12.8 10.2 2
      vertex 34.7 16.5 2
    endloop
  endfacet
  facet normal -0 0 1
    outer loop
      vertex -31.8182 13.7916 2
      vertex -13.8 10.2 2
      vertex -31.8 14 2
    endloop
  endfacet
  facet normal -0 0 1
    outer loop
      vertex -31.9608 13.4 2
      vertex -13.8 9.2 2
      vertex -31.8724 13.5896 2
    endloop
  endfacet
  facet normal 0 0 1
    outer loop
      vertex -13.5 -3 2
      vertex -31.8 -14 2
      vertex -13.8 -9.2 2
    endloop
  endfacet
  facet normal 0 0 1
    outer loop
      vertex -12.8 10.2 2
      vertex -34.7 16.5 2
      vertex -13.8 10.2 2
    endloop
  endfacet
  facet normal 0 0 1
    outer loop
      vertex -13.8 10.2 2
      vertex -31.8182 14.2084 2
      vertex -31.8 14 2
    endloop
  endfacet
  facet normal 0 0 1
    outer loop
      vertex -13.8 10.2 2
      vertex -31.8724 14.4104 2
      vertex -31.8182 14.2084 2
    endloop
  endfacet
  facet normal 0 0 1
    outer loop
      vertex -13.8 10.2 2
      vertex -31.9608 14.6 2
      vertex -31.8724 14.4104 2
    endloop
  endfacet
  facet normal 0 0 1
    outer loop
      vertex -13.8 10.2 2
      vertex -32.0807 14.7713 2
      vertex -31.9608 14.6 2
    endloop
  endfacet
  facet normal 0 0 1
    outer loop
      vertex -13.8 10.2 2
      vertex -32.2287 14.9193 2
      vertex -32.0807 14.7713 2
    endloop
  endfacet
  facet normal 0 0 1
    outer loop
      vertex -13.8 10.2 2
      vertex -32.4 15.0392 2
      vertex -32.2287 14.9193 2
    endloop
  endfacet
  facet normal 0 0 1
    outer loop
      vertex -13.8 10.2 2
      vertex -34.7 16.5 2
      vertex -32.4 15.0392 2
    endloop
  endfacet
  facet normal 0 0 1
    outer loop
      vertex -32.4 15.0392 2
      vertex -34.7 16.5 2
      vertex -32.5896 15.1276 2
    endloop
  endfacet
  facet normal 0 0 1
    outer loop
      vertex -32.5896 15.1276 2
      vertex -34.7 16.5 2
      vertex -32.7916 15.1818 2
    endloop
  endfacet
  facet normal 0 0 1
    outer loop
      vertex -34.0392 14.6 2
      vertex -35.5 15.7 2
      vertex -34.1276 14.4104 2
    endloop
  endfacet
  facet normal 0 0 1
    outer loop
      vertex -34.7 16.5 2
      vertex -35.5 15.7 2
      vertex -33.9193 14.7713 2
    endloop
  endfacet
  facet normal 0 0 1
    outer loop
      vertex -35.5 15.7 2
      vertex -34.7 16.5 2
      vertex -35.4518 15.9736 2
    endloop
  endfacet
  facet normal 0 0 1
    outer loop
      vertex -35.4518 15.9736 2
      vertex -34.7 16.5 2
      vertex -35.3928 16.1 2
    endloop
  endfacet
  facet normal 0 0 1
    outer loop
      vertex -35.3928 16.1 2
      vertex -34.7 16.5 2
      vertex -34.8389 16.4878 2
    endloop
  endfacet
  facet normal 0 0 1
    outer loop
      vertex -33.7713 14.9193 2
      vertex -34.7 16.5 2
      vertex -33.9193 14.7713 2
    endloop
  endfacet
  facet normal 0 0 1
    outer loop
      vertex -33.6 15.0392 2
      vertex -34.7 16.5 2
      vertex -33.7713 14.9193 2
    endloop
  endfacet
  facet normal 0 0 1
    outer loop
      vertex -33.4104 15.1276 2
      vertex -34.7 16.5 2
      vertex -33.6 15.0392 2
    endloop
  endfacet
  facet normal 0 0 1
    outer loop
      vertex -33.2084 15.1818 2
      vertex -34.7 16.5 2
      vertex -33.4104 15.1276 2
    endloop
  endfacet
  facet normal 0 0 1
    outer loop
      vertex -33 15.2 2
      vertex -34.7 16.5 2
      vertex -33.2084 15.1818 2
    endloop
  endfacet
  facet normal 0 0 1
    outer loop
      vertex -32.7916 15.1818 2
      vertex -34.7 16.5 2
      vertex -33 15.2 2
    endloop
  endfacet
  facet normal 0 0 1
    outer loop
      vertex 35.3928 -16.1 2
      vertex 34.7 -16.5 2
      vertex 35.3128 -16.2142 2
    endloop
  endfacet
  facet normal 0 0 1
    outer loop
      vertex 35.3128 -16.2142 2
      vertex 34.7 -16.5 2
      vertex 35.2142 -16.3128 2
    endloop
  endfacet
  facet normal 0 0 1
    outer loop
      vertex 35.2142 -16.3128 2
      vertex 34.7 -16.5 2
      vertex 35.1 -16.3928 2
    endloop
  endfacet
  facet normal 0 0 1
    outer loop
      vertex 35.1 -16.3928 2
      vertex 34.7 -16.5 2
      vertex 34.9736 -16.4518 2
    endloop
  endfacet
  facet normal 0 0 1
    outer loop
      vertex 34.9736 -16.4518 2
      vertex 34.7 -16.5 2
      vertex 34.8389 -16.4878 2
    endloop
  endfacet
  facet normal -0 0 1
    outer loop
      vertex 33.7713 -14.9193 2
      vertex 34.7 -16.5 2
      vertex 33.9193 -14.7713 2
    endloop
  endfacet
  facet normal -0 0 1
    outer loop
      vertex 33.6 -15.0392 2
      vertex 34.7 -16.5 2
      vertex 33.7713 -14.9193 2
    endloop
  endfacet
  facet normal -0 0 1
    outer loop
      vertex 33.4104 -15.1276 2
      vertex 34.7 -16.5 2
      vertex 33.6 -15.0392 2
    endloop
  endfacet
  facet normal -0 0 1
    outer loop
      vertex 33.2084 -15.1818 2
      vertex 34.7 -16.5 2
      vertex 33.4104 -15.1276 2
    endloop
  endfacet
  facet normal -0 0 1
    outer loop
      vertex 33 -15.2 2
      vertex 34.7 -16.5 2
      vertex 33.2084 -15.1818 2
    endloop
  endfacet
  facet normal 0 0 1
    outer loop
      vertex 32.7916 -15.1818 2
      vertex 34.7 -16.5 2
      vertex 33 -15.2 2
    endloop
  endfacet
  facet normal 0 0 1
    outer loop
      vertex 32.5896 -15.1276 2
      vertex 34.7 -16.5 2
      vertex 32.7916 -15.1818 2
    endloop
  endfacet
  facet normal 0 0 1
    outer loop
      vertex 32.4 -15.0392 2
      vertex 34.7 -16.5 2
      vertex 32.5896 -15.1276 2
    endloop
  endfacet
  facet normal 0 0 1
    outer loop
      vertex 31.8724 -13.5896 2
      vertex 30.1 -3 2
      vertex 31.8182 -13.7916 2
    endloop
  endfacet
  facet normal 0 0 1
    outer loop
      vertex 31.8182 -13.7916 2
      vertex 30.1 -3 2
      vertex 31.8 -14 2
    endloop
  endfacet
  facet normal -0 0 1
    outer loop
      vertex -12.8 -10.2 2
      vertex 31.8 -14 2
      vertex 30.1 -3 2
    endloop
  endfacet
  facet normal 0 0 1
    outer loop
      vertex -12.3 -3 2
      vertex 30.1 -3 2
      vertex -12.3 3 2
    endloop
  endfacet
  facet normal 0 0 1
    outer loop
      vertex -12.8 -9.2 2
      vertex 30.1 -3 2
      vertex -12.3 -3 2
    endloop
  endfacet
  facet normal 0 0 1
    outer loop
      vertex -12.8 -10.2 2
      vertex 30.1 -3 2
      vertex -12.8 -9.2 2
    endloop
  endfacet
  facet normal 0 0 1
    outer loop
      vertex 31.8 -14 2
      vertex -12.8 -10.2 2
      vertex 31.8182 -14.2084 2
    endloop
  endfacet
  facet normal 0 0 1
    outer loop
      vertex 31.8182 -14.2084 2
      vertex -12.8 -10.2 2
      vertex 31.8724 -14.4104 2
    endloop
  endfacet
  facet normal 0 0 1
    outer loop
      vertex 31.8724 -14.4104 2
      vertex -12.8 -10.2 2
      vertex 31.9608 -14.6 2
    endloop
  endfacet
  facet normal 0 0 1
    outer loop
      vertex 31.9608 -14.6 2
      vertex -12.8 -10.2 2
      vertex 32.0807 -14.7713 2
    endloop
  endfacet
  facet normal 0 0 1
    outer loop
      vertex 32.0807 -14.7713 2
      vertex -12.8 -10.2 2
      vertex 32.2287 -14.9193 2
    endloop
  endfacet
  facet normal 0 0 1
    outer loop
      vertex 32.2287 -14.9193 2
      vertex -12.8 -10.2 2
      vertex 32.4 -15.0392 2
    endloop
  endfacet
  facet normal 0 0 1
    outer loop
      vertex 32.4 -15.0392 2
      vertex -12.8 -10.2 2
      vertex 34.7 -16.5 2
    endloop
  endfacet
  facet normal 0 0 1
    outer loop
      vertex -34.7 -16.5 2
      vertex -12.8 -10.2 2
      vertex -13.8 -10.2 2
    endloop
  endfacet
  facet normal 0 0 1
    outer loop
      vertex -13.8 -9.2 2
      vertex -31.8 -14 2
      vertex -13.8 -10.2 2
    endloop
  endfacet
  facet normal 0 0 1
    outer loop
      vertex -31.8182 -14.2084 2
      vertex -13.8 -10.2 2
      vertex -31.8 -14 2
    endloop
  endfacet
  facet normal 0 0 1
    outer loop
      vertex -31.8724 -14.4104 2
      vertex -13.8 -10.2 2
      vertex -31.8182 -14.2084 2
    endloop
  endfacet
  facet normal 0 0 1
    outer loop
      vertex -31.9608 -14.6 2
      vertex -13.8 -10.2 2
      vertex -31.8724 -14.4104 2
    endloop
  endfacet
  facet normal 0 0 1
    outer loop
      vertex -32.0807 -14.7713 2
      vertex -13.8 -10.2 2
      vertex -31.9608 -14.6 2
    endloop
  endfacet
  facet normal 0 0 1
    outer loop
      vertex -32.2287 -14.9193 2
      vertex -13.8 -10.2 2
      vertex -32.0807 -14.7713 2
    endloop
  endfacet
  facet normal 0 0 1
    outer loop
      vertex -32.4 -15.0392 2
      vertex -13.8 -10.2 2
      vertex -32.2287 -14.9193 2
    endloop
  endfacet
  facet normal 0 0 1
    outer loop
      vertex -34.7 -16.5 2
      vertex -13.8 -10.2 2
      vertex -32.4 -15.0392 2
    endloop
  endfacet
  facet normal 0 0 1
    outer loop
      vertex -34.7 -16.5 2
      vertex -32.4 -15.0392 2
      vertex -32.5896 -15.1276 2
    endloop
  endfacet
  facet normal 0 0 1
    outer loop
      vertex -34.7 -16.5 2
      vertex -32.5896 -15.1276 2
      vertex -32.7916 -15.1818 2
    endloop
  endfacet
  facet normal 0 0 1
    outer loop
      vertex -34.7 -16.5 2
      vertex -32.7916 -15.1818 2
      vertex -33 -15.2 2
    endloop
  endfacet
  facet normal -0 0 1
    outer loop
      vertex -35.5 -10.2 2
      vertex -33.9193 -13.2287 2
      vertex -35.4 -10.2 2
    endloop
  endfacet
  facet normal 0 0 1
    outer loop
      vertex -33.9193 -13.2287 2
      vertex -35.5 -10.2 2
      vertex -34.0392 -13.4 2
    endloop
  endfacet
  facet normal 0 0 1
    outer loop
      vertex -12.8 -10.2 2
      vertex -34.7 -16.5 2
      vertex 34.7 -16.5 2
    endloop
  endfacet
  facet normal 0 0 1
    outer loop
      vertex -33.2084 -15.1818 2
      vertex -34.7 -16.5 2
      vertex -33 -15.2 2
    endloop
  endfacet
  facet normal 0 0 1
    outer loop
      vertex -33.4104 -15.1276 2
      vertex -34.7 -16.5 2
      vertex -33.2084 -15.1818 2
    endloop
  endfacet
  facet normal 0 0 1
    outer loop
      vertex -33.6 -15.0392 2
      vertex -34.7 -16.5 2
      vertex -33.4104 -15.1276 2
    endloop
  endfacet
  facet normal 0 0 1
    outer loop
      vertex -33.7713 -14.9193 2
      vertex -34.7 -16.5 2
      vertex -33.6 -15.0392 2
    endloop
  endfacet
  facet normal 0 0 1
    outer loop
      vertex -33.9193 -14.7713 2
      vertex -34.7 -16.5 2
      vertex -33.7713 -14.9193 2
    endloop
  endfacet
  facet normal 0 0 1
    outer loop
      vertex -35.3928 -16.1 2
      vertex -33.9193 -14.7713 2
      vertex -34.0392 -14.6 2
    endloop
  endfacet
  facet normal 0 0 1
    outer loop
      vertex -35.3928 -16.1 2
      vertex -34.0392 -14.6 2
      vertex -34.1276 -14.4104 2
    endloop
  endfacet
  facet normal 0 0 1
    outer loop
      vertex -35.3928 -16.1 2
      vertex -34.1276 -14.4104 2
      vertex -34.1818 -14.2084 2
    endloop
  endfacet
  facet normal 0 0 1
    outer loop
      vertex -35.3928 -16.1 2
      vertex -34.1818 -14.2084 2
      vertex -34.2 -14 2
    endloop
  endfacet
  facet normal 0 0 1
    outer loop
      vertex -34.0392 -13.4 2
      vertex -35.5 -10.2 2
      vertex -34.1276 -13.5896 2
    endloop
  endfacet
  facet normal 0 0 1
    outer loop
      vertex -34.1818 -13.7916 2
      vertex -35.3928 -16.1 2
      vertex -34.2 -14 2
    endloop
  endfacet
  facet normal 0 0 1
    outer loop
      vertex -33.9193 -14.7713 2
      vertex -35.3928 -16.1 2
      vertex -34.7 -16.5 2
    endloop
  endfacet
  facet normal 0 0 1
    outer loop
      vertex -34.7 -16.5 2
      vertex -35.3928 -16.1 2
      vertex -34.8389 -16.4878 2
    endloop
  endfacet
  facet normal 0 0 1
    outer loop
      vertex -34.8389 -16.4878 2
      vertex -35.3928 -16.1 2
      vertex -34.9736 -16.4518 2
    endloop
  endfacet
  facet normal 0 0 1
    outer loop
      vertex -34.9736 -16.4518 2
      vertex -35.3928 -16.1 2
      vertex -35.1 -16.3928 2
    endloop
  endfacet
  facet normal 0 0 1
    outer loop
      vertex -35.1 -16.3928 2
      vertex -35.3928 -16.1 2
      vertex -35.2142 -16.3128 2
    endloop
  endfacet
  facet normal 0 0 1
    outer loop
      vertex -35.2142 -16.3128 2
      vertex -35.3928 -16.1 2
      vertex -35.3128 -16.2142 2
    endloop
  endfacet
  facet normal -0 0 1
    outer loop
      vertex -35.5 -6 2
      vertex -35.4 -9.2 2
      vertex -34.7 -6 2
    endloop
  endfacet
  facet normal 0 0 1
    outer loop
      vertex -35.4 -9.2 2
      vertex -35.5 -6 2
      vertex -35.5 -9.2 2
    endloop
  endfacet
  facet normal 0 0 1
    outer loop
      vertex 30.1 3 2
      vertex -12.8 9.2 2
      vertex -12.3 3 2
    endloop
  endfacet
  facet normal 0 0 1
    outer loop
      vertex -12.8 9.2 2
      vertex -13.5 3 2
      vertex -12.3 3 2
    endloop
  endfacet
  facet normal -0 0 1
    outer loop
      vertex -31.8724 13.5896 2
      vertex -13.8 10.2 2
      vertex -31.8182 13.7916 2
    endloop
  endfacet
  facet normal -0 0 1
    outer loop
      vertex -13.8 9.2 2
      vertex -13.5 3 2
      vertex -12.8 9.2 2
    endloop
  endfacet
  facet normal -0.422964 -0.906147 0
    outer loop
      vertex 34.9736 16.4518 2
      vertex 35.1 16.3928 13.45
      vertex 34.9736 16.4518 13.45
    endloop
  endfacet
  facet normal -0.422964 -0.906147 -0
    outer loop
      vertex 35.1 16.3928 13.45
      vertex 34.9736 16.4518 2
      vertex 35.1 16.3928 2
    endloop
  endfacet
  facet normal 0.258198 -0.966092 0
    outer loop
      vertex -34.9736 16.4518 2
      vertex -34.8389 16.4878 13.45
      vertex -34.9736 16.4518 13.45
    endloop
  endfacet
  facet normal 0.258198 -0.966092 0
    outer loop
      vertex -34.8389 16.4878 13.45
      vertex -34.9736 16.4518 2
      vertex -34.8389 16.4878 2
    endloop
  endfacet
  facet normal -0.707107 -0.707107 0
    outer loop
      vertex 35.3128 16.2142 2
      vertex 35.2142 16.3128 13.45
      vertex 35.2142 16.3128 2
    endloop
  endfacet
  facet normal -0.707107 -0.707107 0
    outer loop
      vertex 35.2142 16.3128 13.45
      vertex 35.3128 16.2142 2
      vertex 35.3128 16.2142 13.45
    endloop
  endfacet
  facet normal 0 -1 0
    outer loop
      vertex -34.7 16.5 2
      vertex 34.7 16.5 13.45
      vertex -34.7 16.5 13.45
    endloop
  endfacet
  facet normal 0 -1 -0
    outer loop
      vertex 34.7 16.5 13.45
      vertex -34.7 16.5 2
      vertex 34.7 16.5 2
    endloop
  endfacet
  facet normal 0 1 0
    outer loop
      vertex 34.7 -16.5 13.45
      vertex -20.85 -16.5 8.45
      vertex -34.7 -16.5 13.45
    endloop
  endfacet
  facet normal 0 1 -0
    outer loop
      vertex 34.7 -16.5 2
      vertex -20.85 -16.5 8.45
      vertex 34.7 -16.5 13.45
    endloop
  endfacet
  facet normal 0 1 0
    outer loop
      vertex -34.7 -16.5 2
      vertex -20.85 -16.5 2.15
      vertex 34.7 -16.5 2
    endloop
  endfacet
  facet normal 0 1 0
    outer loop
      vertex -20.85 -16.5 8.45
      vertex 34.7 -16.5 2
      vertex -20.85 -16.5 2.15
    endloop
  endfacet
  facet normal 0 1 -0
    outer loop
      vertex -27.15 -16.5 8.45
      vertex -34.7 -16.5 13.45
      vertex -20.85 -16.5 8.45
    endloop
  endfacet
  facet normal 0 1 0
    outer loop
      vertex -34.7 -16.5 2
      vertex -27.15 -16.5 8.45
      vertex -27.15 -16.5 2.15
    endloop
  endfacet
  facet normal 0 1 0
    outer loop
      vertex -27.15 -16.5 8.45
      vertex -34.7 -16.5 2
      vertex -34.7 -16.5 13.45
    endloop
  endfacet
  facet normal 0 1 0
    outer loop
      vertex -20.85 -16.5 2.15
      vertex -34.7 -16.5 2
      vertex -27.15 -16.5 2.15
    endloop
  endfacet
  facet normal -0.573751 0.81903 0
    outer loop
      vertex 35.2142 -16.3128 2
      vertex 35.1 -16.3928 13.45
      vertex 35.2142 -16.3128 13.45
    endloop
  endfacet
  facet normal -0.573751 0.81903 0
    outer loop
      vertex 35.1 -16.3928 13.45
      vertex 35.2142 -16.3128 2
      vertex 35.1 -16.3928 2
    endloop
  endfacet
  facet normal 0.258198 0.966092 -0
    outer loop
      vertex -34.8389 -16.4878 2
      vertex -34.9736 -16.4518 13.45
      vertex -34.8389 -16.4878 13.45
    endloop
  endfacet
  facet normal 0.258198 0.966092 0
    outer loop
      vertex -34.9736 -16.4518 13.45
      vertex -34.8389 -16.4878 2
      vertex -34.9736 -16.4518 2
    endloop
  endfacet
  facet normal -0.81903 -0.573751 0
    outer loop
      vertex 35.3928 16.1 2
      vertex 35.3128 16.2142 13.45
      vertex 35.3128 16.2142 2
    endloop
  endfacet
  facet normal -0.81903 -0.573751 0
    outer loop
      vertex 35.3128 16.2142 13.45
      vertex 35.3928 16.1 2
      vertex 35.3928 16.1 13.45
    endloop
  endfacet
  facet normal 0.573751 -0.81903 0
    outer loop
      vertex -35.2142 16.3128 2
      vertex -35.1 16.3928 13.45
      vertex -35.2142 16.3128 13.45
    endloop
  endfacet
  facet normal 0.573751 -0.81903 0
    outer loop
      vertex -35.1 16.3928 13.45
      vertex -35.2142 16.3128 2
      vertex -35.1 16.3928 2
    endloop
  endfacet
  facet normal -0.573751 -0.81903 0
    outer loop
      vertex 35.1 16.3928 2
      vertex 35.2142 16.3128 13.45
      vertex 35.1 16.3928 13.45
    endloop
  endfacet
  facet normal -0.573751 -0.81903 -0
    outer loop
      vertex 35.2142 16.3128 13.45
      vertex 35.1 16.3928 2
      vertex 35.2142 16.3128 2
    endloop
  endfacet
  facet normal 0.422964 -0.906147 0
    outer loop
      vertex -35.1 16.3928 2
      vertex -34.9736 16.4518 13.45
      vertex -35.1 16.3928 13.45
    endloop
  endfacet
  facet normal 0.422964 -0.906147 0
    outer loop
      vertex -34.9736 16.4518 13.45
      vertex -35.1 16.3928 2
      vertex -34.9736 16.4518 2
    endloop
  endfacet
  facet normal 0.0874961 0.996165 -0
    outer loop
      vertex -34.7 -16.5 2
      vertex -34.8389 -16.4878 13.45
      vertex -34.7 -16.5 13.45
    endloop
  endfacet
  facet normal 0.0874961 0.996165 0
    outer loop
      vertex -34.8389 -16.4878 13.45
      vertex -34.7 -16.5 2
      vertex -34.8389 -16.4878 2
    endloop
  endfacet
  facet normal -0.0874961 -0.996165 0
    outer loop
      vertex 34.7 16.5 2
      vertex 34.8389 16.4878 13.45
      vertex 34.7 16.5 13.45
    endloop
  endfacet
  facet normal -0.0874961 -0.996165 -0
    outer loop
      vertex 34.8389 16.4878 13.45
      vertex 34.7 16.5 2
      vertex 34.8389 16.4878 2
    endloop
  endfacet
  facet normal -0.996165 0.0874961 0
    outer loop
      vertex 35.4878 -15.8389 2
      vertex 35.5 -15.7 13.45
      vertex 35.5 -15.7 2
    endloop
  endfacet
  facet normal -0.996165 0.0874961 0
    outer loop
      vertex 35.5 -15.7 13.45
      vertex 35.4878 -15.8389 2
      vertex 35.4878 -15.8389 13.45
    endloop
  endfacet
  facet normal -0.906147 0.422964 0
    outer loop
      vertex 35.3928 -16.1 2
      vertex 35.4518 -15.9736 13.45
      vertex 35.4518 -15.9736 2
    endloop
  endfacet
  facet normal -0.906147 0.422964 0
    outer loop
      vertex 35.4518 -15.9736 13.45
      vertex 35.3928 -16.1 2
      vertex 35.3928 -16.1 13.45
    endloop
  endfacet
  facet normal 0.81903 0.573751 0
    outer loop
      vertex -35.3128 -16.2142 13.45
      vertex -35.3928 -16.1 2
      vertex -35.3928 -16.1 13.45
    endloop
  endfacet
  facet normal 0.81903 0.573751 0
    outer loop
      vertex -35.3928 -16.1 2
      vertex -35.3128 -16.2142 13.45
      vertex -35.3128 -16.2142 2
    endloop
  endfacet
  facet normal 0.0874961 -0.996165 0
    outer loop
      vertex -34.8389 16.4878 2
      vertex -34.7 16.5 13.45
      vertex -34.8389 16.4878 13.45
    endloop
  endfacet
  facet normal 0.0874961 -0.996165 0
    outer loop
      vertex -34.7 16.5 13.45
      vertex -34.8389 16.4878 2
      vertex -34.7 16.5 2
    endloop
  endfacet
  facet normal -0.422964 0.906147 0
    outer loop
      vertex 35.1 -16.3928 2
      vertex 34.9736 -16.4518 13.45
      vertex 35.1 -16.3928 13.45
    endloop
  endfacet
  facet normal -0.422964 0.906147 0
    outer loop
      vertex 34.9736 -16.4518 13.45
      vertex 35.1 -16.3928 2
      vertex 34.9736 -16.4518 2
    endloop
  endfacet
  facet normal 0.906147 0.422964 0
    outer loop
      vertex -35.3928 -16.1 13.45
      vertex -35.4518 -15.9736 2
      vertex -35.4518 -15.9736 13.45
    endloop
  endfacet
  facet normal 0.906147 0.422964 0
    outer loop
      vertex -35.4518 -15.9736 2
      vertex -35.3928 -16.1 13.45
      vertex -35.3928 -16.1 2
    endloop
  endfacet
  facet normal 0.422964 0.906147 -0
    outer loop
      vertex -34.9736 -16.4518 2
      vertex -35.1 -16.3928 13.45
      vertex -34.9736 -16.4518 13.45
    endloop
  endfacet
  facet normal 0.422964 0.906147 0
    outer loop
      vertex -35.1 -16.3928 13.45
      vertex -34.9736 -16.4518 2
      vertex -35.1 -16.3928 2
    endloop
  endfacet
  facet normal 0.707107 -0.707107 0
    outer loop
      vertex -35.3128 16.2142 13.45
      vertex -35.2142 16.3128 2
      vertex -35.2142 16.3128 13.45
    endloop
  endfacet
  facet normal 0.707107 -0.707107 0
    outer loop
      vertex -35.2142 16.3128 2
      vertex -35.3128 16.2142 13.45
      vertex -35.3128 16.2142 2
    endloop
  endfacet
  facet normal 0.707107 0.707107 0
    outer loop
      vertex -35.2142 -16.3128 13.45
      vertex -35.3128 -16.2142 2
      vertex -35.3128 -16.2142 13.45
    endloop
  endfacet
  facet normal 0.707107 0.707107 0
    outer loop
      vertex -35.3128 -16.2142 2
      vertex -35.2142 -16.3128 13.45
      vertex -35.2142 -16.3128 2
    endloop
  endfacet
  facet normal 0.996165 0.0874961 0
    outer loop
      vertex -35.4878 -15.8389 13.45
      vertex -35.5 -15.7 2
      vertex -35.5 -15.7 13.45
    endloop
  endfacet
  facet normal 0.996165 0.0874961 0
    outer loop
      vertex -35.5 -15.7 2
      vertex -35.4878 -15.8389 13.45
      vertex -35.4878 -15.8389 2
    endloop
  endfacet
  facet normal -0.996165 -0.0874961 0
    outer loop
      vertex 35.5 15.7 2
      vertex 35.4878 15.8389 13.45
      vertex 35.4878 15.8389 2
    endloop
  endfacet
  facet normal -0.996165 -0.0874961 0
    outer loop
      vertex 35.4878 15.8389 13.45
      vertex 35.5 15.7 2
      vertex 35.5 15.7 13.45
    endloop
  endfacet
  facet normal -1 0 0
    outer loop
      vertex -34.7 -6 1.4
      vertex -34.7 6 2
      vertex -34.7 6 1.4
    endloop
  endfacet
  facet normal -1 -0 0
    outer loop
      vertex -34.7 6 2
      vertex -34.7 -6 1.4
      vertex -34.7 -6 2
    endloop
  endfacet
  facet normal 0 0 -1
    outer loop
      vertex -37.5 -6 7.9
      vertex -35.5 6 7.9
      vertex -35.5 -6 7.9
    endloop
  endfacet
  facet normal -0 0 -1
    outer loop
      vertex -35.5 6 7.9
      vertex -37.5 -6 7.9
      vertex -37.5 6 7.9
    endloop
  endfacet
  facet normal -0 0 1
    outer loop
      vertex -37.5 6 1.4
      vertex -34.7 -6 1.4
      vertex -34.7 6 1.4
    endloop
  endfacet
  facet normal 0 0 1
    outer loop
      vertex -34.7 -6 1.4
      vertex -37.5 6 1.4
      vertex -37.5 -6 1.4
    endloop
  endfacet
  facet normal 0 -1 0
    outer loop
      vertex -37.5 6 7.9
      vertex -35.5 6 2
      vertex -35.5 6 7.9
    endloop
  endfacet
  facet normal 0 -1 0
    outer loop
      vertex -37.5 6 1.4
      vertex -35.5 6 2
      vertex -37.5 6 7.9
    endloop
  endfacet
  facet normal 0 -1 0
    outer loop
      vertex -34.7 6 1.4
      vertex -35.5 6 2
      vertex -37.5 6 1.4
    endloop
  endfacet
  facet normal 0 -1 0
    outer loop
      vertex -35.5 6 2
      vertex -34.7 6 1.4
      vertex -34.7 6 2
    endloop
  endfacet
  facet normal 0 1 0
    outer loop
      vertex -34.7 -6 2
      vertex -34.7 -6 1.4
      vertex -35.5 -6 2
    endloop
  endfacet
  facet normal 0 1 -0
    outer loop
      vertex -35.5 -6 2
      vertex -37.5 -6 7.9
      vertex -35.5 -6 7.9
    endloop
  endfacet
  facet normal 0 1 0
    outer loop
      vertex -35.5 -6 2
      vertex -37.5 -6 1.4
      vertex -37.5 -6 7.9
    endloop
  endfacet
  facet normal 0 1 0
    outer loop
      vertex -37.5 -6 1.4
      vertex -35.5 -6 2
      vertex -34.7 -6 1.4
    endloop
  endfacet
  facet normal -1 0 0
    outer loop
      vertex -20.85 -16.51 2.15
      vertex -20.85 -16.5 8.45
      vertex -20.85 -16.5 2.15
    endloop
  endfacet
  facet normal -1 -0 0
    outer loop
      vertex -20.85 -16.5 8.45
      vertex -20.85 -16.51 2.15
      vertex -20.85 -16.51 8.45
    endloop
  endfacet
  facet normal 0 0 -1
    outer loop
      vertex -27.15 -16.51 8.45
      vertex -20.85 -16.5 8.45
      vertex -20.85 -16.51 8.45
    endloop
  endfacet
  facet normal -0 0 -1
    outer loop
      vertex -20.85 -16.5 8.45
      vertex -27.15 -16.51 8.45
      vertex -27.15 -16.5 8.45
    endloop
  endfacet
  facet normal -0 0 1
    outer loop
      vertex -27.15 -16.5 2.15
      vertex -20.85 -16.51 2.15
      vertex -20.85 -16.5 2.15
    endloop
  endfacet
  facet normal 0 0 1
    outer loop
      vertex -20.85 -16.51 2.15
      vertex -27.15 -16.5 2.15
      vertex -27.15 -16.51 2.15
    endloop
  endfacet
  facet normal 1 -0 0
    outer loop
      vertex -27.15 -16.51 8.45
      vertex -27.15 -16.5 2.15
      vertex -27.15 -16.5 8.45
    endloop
  endfacet
  facet normal 1 0 0
    outer loop
      vertex -27.15 -16.5 2.15
      vertex -27.15 -16.51 8.45
      vertex -27.15 -16.51 2.15
    endloop
  endfacet
  facet normal 0 1 0
    outer loop
      vertex -20.85 -16.51 8.45
      vertex -24 -16.51 7.1
      vertex -27.15 -16.51 8.45
    endloop
  endfacet
  facet normal 0 1 0
    outer loop
      vertex -20.85 -16.51 8.45
      vertex -23.6874 -16.51 7.07265
      vertex -24 -16.51 7.1
    endloop
  endfacet
  facet normal 0 1 0
    outer loop
      vertex -20.85 -16.51 8.45
      vertex -23.3844 -16.51 6.99145
      vertex -23.6874 -16.51 7.07265
    endloop
  endfacet
  facet normal 0 1 0
    outer loop
      vertex -20.85 -16.51 8.45
      vertex -23.1 -16.51 6.85885
      vertex -23.3844 -16.51 6.99145
    endloop
  endfacet
  facet normal 0 1 0
    outer loop
      vertex -20.85 -16.51 8.45
      vertex -22.843 -16.51 6.67888
      vertex -23.1 -16.51 6.85885
    endloop
  endfacet
  facet normal 0 1 0
    outer loop
      vertex -20.85 -16.51 8.45
      vertex -22.6211 -16.51 6.45702
      vertex -22.843 -16.51 6.67888
    endloop
  endfacet
  facet normal 0 1 0
    outer loop
      vertex -20.85 -16.51 8.45
      vertex -22.4412 -16.51 6.2
      vertex -22.6211 -16.51 6.45702
    endloop
  endfacet
  facet normal 0 1 0
    outer loop
      vertex -20.85 -16.51 8.45
      vertex -22.3086 -16.51 5.91564
      vertex -22.4412 -16.51 6.2
    endloop
  endfacet
  facet normal 0 1 0
    outer loop
      vertex -20.85 -16.51 8.45
      vertex -22.2273 -16.51 5.61257
      vertex -22.3086 -16.51 5.91564
    endloop
  endfacet
  facet normal 0 1 0
    outer loop
      vertex -20.85 -16.51 8.45
      vertex -22.2 -16.51 5.3
      vertex -22.2273 -16.51 5.61257
    endloop
  endfacet
  facet normal 0 1 -0
    outer loop
      vertex -20.85 -16.51 2.15
      vertex -22.2 -16.51 5.3
      vertex -20.85 -16.51 8.45
    endloop
  endfacet
  facet normal 0 1 0
    outer loop
      vertex -22.2 -16.51 5.3
      vertex -20.85 -16.51 2.15
      vertex -22.2273 -16.51 4.98743
    endloop
  endfacet
  facet normal 0 1 0
    outer loop
      vertex -23.6874 -16.51 3.52735
      vertex -20.85 -16.51 2.15
      vertex -24 -16.51 3.5
    endloop
  endfacet
  facet normal 0 1 0
    outer loop
      vertex -23.3844 -16.51 3.60855
      vertex -20.85 -16.51 2.15
      vertex -23.6874 -16.51 3.52735
    endloop
  endfacet
  facet normal 0 1 0
    outer loop
      vertex -23.1 -16.51 3.74115
      vertex -20.85 -16.51 2.15
      vertex -23.3844 -16.51 3.60855
    endloop
  endfacet
  facet normal 0 1 0
    outer loop
      vertex -22.843 -16.51 3.92112
      vertex -20.85 -16.51 2.15
      vertex -23.1 -16.51 3.74115
    endloop
  endfacet
  facet normal 0 1 0
    outer loop
      vertex -22.6211 -16.51 4.14298
      vertex -20.85 -16.51 2.15
      vertex -22.843 -16.51 3.92112
    endloop
  endfacet
  facet normal 0 1 0
    outer loop
      vertex -22.4412 -16.51 4.4
      vertex -20.85 -16.51 2.15
      vertex -22.6211 -16.51 4.14298
    endloop
  endfacet
  facet normal 0 1 0
    outer loop
      vertex -22.3086 -16.51 4.68436
      vertex -20.85 -16.51 2.15
      vertex -22.4412 -16.51 4.4
    endloop
  endfacet
  facet normal 0 1 0
    outer loop
      vertex -22.2273 -16.51 4.98743
      vertex -20.85 -16.51 2.15
      vertex -22.3086 -16.51 4.68436
    endloop
  endfacet
  facet normal 0 1 -0
    outer loop
      vertex -24.3126 -16.51 7.07265
      vertex -27.15 -16.51 8.45
      vertex -24 -16.51 7.1
    endloop
  endfacet
  facet normal 0 1 -0
    outer loop
      vertex -24.6156 -16.51 6.99145
      vertex -27.15 -16.51 8.45
      vertex -24.3126 -16.51 7.07265
    endloop
  endfacet
  facet normal 0 1 -0
    outer loop
      vertex -24.9 -16.51 6.85885
      vertex -27.15 -16.51 8.45
      vertex -24.6156 -16.51 6.99145
    endloop
  endfacet
  facet normal 0 1 -0
    outer loop
      vertex -25.157 -16.51 6.67888
      vertex -27.15 -16.51 8.45
      vertex -24.9 -16.51 6.85885
    endloop
  endfacet
  facet normal 0 1 -0
    outer loop
      vertex -25.3789 -16.51 6.45702
      vertex -27.15 -16.51 8.45
      vertex -25.157 -16.51 6.67888
    endloop
  endfacet
  facet normal 0 1 -0
    outer loop
      vertex -25.5588 -16.51 6.2
      vertex -27.15 -16.51 8.45
      vertex -25.3789 -16.51 6.45702
    endloop
  endfacet
  facet normal 0 1 -0
    outer loop
      vertex -25.6914 -16.51 5.91564
      vertex -27.15 -16.51 8.45
      vertex -25.5588 -16.51 6.2
    endloop
  endfacet
  facet normal 0 1 -0
    outer loop
      vertex -25.7727 -16.51 5.61257
      vertex -27.15 -16.51 8.45
      vertex -25.6914 -16.51 5.91564
    endloop
  endfacet
  facet normal 0 1 -0
    outer loop
      vertex -25.8 -16.51 5.3
      vertex -27.15 -16.51 8.45
      vertex -25.7727 -16.51 5.61257
    endloop
  endfacet
  facet normal 0 1 0
    outer loop
      vertex -27.15 -16.51 2.15
      vertex -25.8 -16.51 5.3
      vertex -25.7727 -16.51 4.98743
    endloop
  endfacet
  facet normal 0 1 0
    outer loop
      vertex -27.15 -16.51 2.15
      vertex -25.7727 -16.51 4.98743
      vertex -25.6914 -16.51 4.68436
    endloop
  endfacet
  facet normal 0 1 0
    outer loop
      vertex -27.15 -16.51 2.15
      vertex -24 -16.51 3.5
      vertex -20.85 -16.51 2.15
    endloop
  endfacet
  facet normal 0 1 0
    outer loop
      vertex -24 -16.51 3.5
      vertex -27.15 -16.51 2.15
      vertex -24.3126 -16.51 3.52735
    endloop
  endfacet
  facet normal 0 1 0
    outer loop
      vertex -25.8 -16.51 5.3
      vertex -27.15 -16.51 2.15
      vertex -27.15 -16.51 8.45
    endloop
  endfacet
  facet normal 0 1 0
    outer loop
      vertex -25.5588 -16.51 4.4
      vertex -27.15 -16.51 2.15
      vertex -25.6914 -16.51 4.68436
    endloop
  endfacet
  facet normal 0 1 0
    outer loop
      vertex -25.3789 -16.51 4.14298
      vertex -27.15 -16.51 2.15
      vertex -25.5588 -16.51 4.4
    endloop
  endfacet
  facet normal 0 1 0
    outer loop
      vertex -25.157 -16.51 3.92112
      vertex -27.15 -16.51 2.15
      vertex -25.3789 -16.51 4.14298
    endloop
  endfacet
  facet normal 0 1 0
    outer loop
      vertex -24.9 -16.51 3.74115
      vertex -27.15 -16.51 2.15
      vertex -25.157 -16.51 3.92112
    endloop
  endfacet
  facet normal 0 1 0
    outer loop
      vertex -24.6156 -16.51 3.60855
      vertex -27.15 -16.51 2.15
      vertex -24.9 -16.51 3.74115
    endloop
  endfacet
  facet normal 0 1 0
    outer loop
      vertex -24.3126 -16.51 3.52735
      vertex -27.15 -16.51 2.15
      vertex -24.6156 -16.51 3.60855
    endloop
  endfacet
  facet normal 0.906307 0 -0.42262
    outer loop
      vertex -25.5588 -18.5 6.2
      vertex -25.6914 -16.51 5.91564
      vertex -25.5588 -16.51 6.2
    endloop
  endfacet
  facet normal 0.906307 0 -0.42262
    outer loop
      vertex -25.6914 -16.51 5.91564
      vertex -25.5588 -18.5 6.2
      vertex -25.6914 -18.5 5.91564
    endloop
  endfacet
  facet normal -0.573612 0 -0.819127
    outer loop
      vertex -23.1 -18.5 6.85885
      vertex -22.843 -16.51 6.67888
      vertex -22.843 -18.5 6.67888
    endloop
  endfacet
  facet normal -0.573612 0 -0.819127
    outer loop
      vertex -22.843 -16.51 6.67888
      vertex -23.1 -18.5 6.85885
      vertex -23.1 -16.51 6.85885
    endloop
  endfacet
  facet normal -0.996208 0 -0.0870092
    outer loop
      vertex -22.2 -18.5 5.3
      vertex -22.2273 -16.51 5.61257
      vertex -22.2 -16.51 5.3
    endloop
  endfacet
  facet normal -0.996208 -0 -0.0870092
    outer loop
      vertex -22.2273 -16.51 5.61257
      vertex -22.2 -18.5 5.3
      vertex -22.2273 -18.5 5.61257
    endloop
  endfacet
  facet normal -0.819253 0 0.573432
    outer loop
      vertex -22.6211 -18.5 4.14298
      vertex -22.4412 -16.51 4.4
      vertex -22.6211 -16.51 4.14298
    endloop
  endfacet
  facet normal -0.819253 0 0.573432
    outer loop
      vertex -22.4412 -16.51 4.4
      vertex -22.6211 -18.5 4.14298
      vertex -22.4412 -18.5 4.4
    endloop
  endfacet
  facet normal -0.707043 0 -0.707171
    outer loop
      vertex -22.6211 -18.5 6.45702
      vertex -22.843 -16.51 6.67888
      vertex -22.6211 -16.51 6.45702
    endloop
  endfacet
  facet normal -0.707043 -0 -0.707171
    outer loop
      vertex -22.843 -16.51 6.67888
      vertex -22.6211 -18.5 6.45702
      vertex -22.843 -18.5 6.67888
    endloop
  endfacet
  facet normal -0.996208 0 0.0870092
    outer loop
      vertex -22.2273 -18.5 4.98743
      vertex -22.2 -16.51 5.3
      vertex -22.2273 -16.51 4.98743
    endloop
  endfacet
  facet normal -0.996208 0 0.0870092
    outer loop
      vertex -22.2 -16.51 5.3
      vertex -22.2273 -18.5 4.98743
      vertex -22.2 -18.5 5.3
    endloop
  endfacet
  facet normal -0.965852 0 0.259094
    outer loop
      vertex -22.3086 -18.5 4.68436
      vertex -22.2273 -16.51 4.98743
      vertex -22.3086 -16.51 4.68436
    endloop
  endfacet
  facet normal -0.965852 0 0.259094
    outer loop
      vertex -22.2273 -16.51 4.98743
      vertex -22.3086 -18.5 4.68436
      vertex -22.2273 -18.5 4.98743
    endloop
  endfacet
  facet normal 0.965852 -0 0.259094
    outer loop
      vertex -25.7727 -18.5 4.98743
      vertex -25.6914 -16.51 4.68436
      vertex -25.7727 -16.51 4.98743
    endloop
  endfacet
  facet normal 0.965852 0 0.259094
    outer loop
      vertex -25.6914 -16.51 4.68436
      vertex -25.7727 -18.5 4.98743
      vertex -25.6914 -18.5 4.68436
    endloop
  endfacet
  facet normal 0.258853 0 0.965917
    outer loop
      vertex -24.6156 -16.51 3.60855
      vertex -24.3126 -18.5 3.52735
      vertex -24.3126 -16.51 3.52735
    endloop
  endfacet
  facet normal 0.258853 0 0.965917
    outer loop
      vertex -24.3126 -18.5 3.52735
      vertex -24.6156 -16.51 3.60855
      vertex -24.6156 -18.5 3.60855
    endloop
  endfacet
  facet normal 0.906307 -0 0.42262
    outer loop
      vertex -25.6914 -18.5 4.68436
      vertex -25.5588 -16.51 4.4
      vertex -25.6914 -16.51 4.68436
    endloop
  endfacet
  facet normal 0.906307 0 0.42262
    outer loop
      vertex -25.5588 -16.51 4.4
      vertex -25.6914 -18.5 4.68436
      vertex -25.5588 -18.5 4.4
    endloop
  endfacet
  facet normal -0.906307 0 0.42262
    outer loop
      vertex -22.4412 -18.5 4.4
      vertex -22.3086 -16.51 4.68436
      vertex -22.4412 -16.51 4.4
    endloop
  endfacet
  facet normal -0.906307 0 0.42262
    outer loop
      vertex -22.3086 -16.51 4.68436
      vertex -22.4412 -18.5 4.4
      vertex -22.3086 -18.5 4.68436
    endloop
  endfacet
  facet normal -0.965852 0 -0.259094
    outer loop
      vertex -22.2273 -18.5 5.61257
      vertex -22.3086 -16.51 5.91564
      vertex -22.2273 -16.51 5.61257
    endloop
  endfacet
  facet normal -0.965852 -0 -0.259094
    outer loop
      vertex -22.3086 -16.51 5.91564
      vertex -22.2273 -18.5 5.61257
      vertex -22.3086 -18.5 5.91564
    endloop
  endfacet
  facet normal -0.422571 0 0.90633
    outer loop
      vertex -23.3844 -16.51 3.60855
      vertex -23.1 -18.5 3.74115
      vertex -23.1 -16.51 3.74115
    endloop
  endfacet
  facet normal -0.422571 0 0.90633
    outer loop
      vertex -23.1 -18.5 3.74115
      vertex -23.3844 -16.51 3.60855
      vertex -23.3844 -18.5 3.60855
    endloop
  endfacet
  facet normal 0.996208 -0 0.0870092
    outer loop
      vertex -25.8 -18.5 5.3
      vertex -25.7727 -16.51 4.98743
      vertex -25.8 -16.51 5.3
    endloop
  endfacet
  facet normal 0.996208 0 0.0870092
    outer loop
      vertex -25.7727 -16.51 4.98743
      vertex -25.8 -18.5 5.3
      vertex -25.7727 -18.5 4.98743
    endloop
  endfacet
  facet normal 0.996208 0 -0.0870092
    outer loop
      vertex -25.7727 -18.5 5.61257
      vertex -25.8 -16.51 5.3
      vertex -25.7727 -16.51 5.61257
    endloop
  endfacet
  facet normal 0.996208 0 -0.0870092
    outer loop
      vertex -25.8 -16.51 5.3
      vertex -25.7727 -18.5 5.61257
      vertex -25.8 -18.5 5.3
    endloop
  endfacet
  facet normal 0.707043 0 -0.707171
    outer loop
      vertex -25.157 -18.5 6.67888
      vertex -25.3789 -16.51 6.45702
      vertex -25.157 -16.51 6.67888
    endloop
  endfacet
  facet normal 0.707043 0 -0.707171
    outer loop
      vertex -25.3789 -16.51 6.45702
      vertex -25.157 -18.5 6.67888
      vertex -25.3789 -18.5 6.45702
    endloop
  endfacet
  facet normal -0.819253 0 -0.573432
    outer loop
      vertex -22.4412 -18.5 6.2
      vertex -22.6211 -16.51 6.45702
      vertex -22.4412 -16.51 6.2
    endloop
  endfacet
  facet normal -0.819253 -0 -0.573432
    outer loop
      vertex -22.6211 -16.51 6.45702
      vertex -22.4412 -18.5 6.2
      vertex -22.6211 -18.5 6.45702
    endloop
  endfacet
  facet normal 0.573612 0 -0.819127
    outer loop
      vertex -25.157 -18.5 6.67888
      vertex -24.9 -16.51 6.85885
      vertex -24.9 -18.5 6.85885
    endloop
  endfacet
  facet normal 0.573612 0 -0.819127
    outer loop
      vertex -24.9 -16.51 6.85885
      vertex -25.157 -18.5 6.67888
      vertex -25.157 -16.51 6.67888
    endloop
  endfacet
  facet normal 0.707043 0 0.707171
    outer loop
      vertex -25.3789 -16.51 4.14298
      vertex -25.157 -18.5 3.92112
      vertex -25.157 -16.51 3.92112
    endloop
  endfacet
  facet normal 0.707043 0 0.707171
    outer loop
      vertex -25.157 -18.5 3.92112
      vertex -25.3789 -16.51 4.14298
      vertex -25.3789 -18.5 4.14298
    endloop
  endfacet
  facet normal -0.573612 0 0.819127
    outer loop
      vertex -23.1 -16.51 3.74115
      vertex -22.843 -18.5 3.92112
      vertex -22.843 -16.51 3.92112
    endloop
  endfacet
  facet normal -0.573612 0 0.819127
    outer loop
      vertex -22.843 -18.5 3.92112
      vertex -23.1 -16.51 3.74115
      vertex -23.1 -18.5 3.74115
    endloop
  endfacet
  facet normal -0.707043 0 0.707171
    outer loop
      vertex -22.843 -16.51 3.92112
      vertex -22.6211 -18.5 4.14298
      vertex -22.6211 -16.51 4.14298
    endloop
  endfacet
  facet normal -0.707043 0 0.707171
    outer loop
      vertex -22.6211 -18.5 4.14298
      vertex -22.843 -16.51 3.92112
      vertex -22.843 -18.5 3.92112
    endloop
  endfacet
  facet normal -0.258853 0 0.965917
    outer loop
      vertex -23.6874 -16.51 3.52735
      vertex -23.3844 -18.5 3.60855
      vertex -23.3844 -16.51 3.60855
    endloop
  endfacet
  facet normal -0.258853 0 0.965917
    outer loop
      vertex -23.3844 -18.5 3.60855
      vertex -23.6874 -16.51 3.52735
      vertex -23.6874 -18.5 3.52735
    endloop
  endfacet
  facet normal 0.087159 0 -0.996194
    outer loop
      vertex -24.3126 -18.5 7.07265
      vertex -24 -16.51 7.1
      vertex -24 -18.5 7.1
    endloop
  endfacet
  facet normal 0.087159 0 -0.996194
    outer loop
      vertex -24 -16.51 7.1
      vertex -24.3126 -18.5 7.07265
      vertex -24.3126 -16.51 7.07265
    endloop
  endfacet
  facet normal 0.258853 0 -0.965917
    outer loop
      vertex -24.6156 -18.5 6.99145
      vertex -24.3126 -16.51 7.07265
      vertex -24.3126 -18.5 7.07265
    endloop
  endfacet
  facet normal 0.258853 0 -0.965917
    outer loop
      vertex -24.3126 -16.51 7.07265
      vertex -24.6156 -18.5 6.99145
      vertex -24.6156 -16.51 6.99145
    endloop
  endfacet
  facet normal 0.573612 0 0.819127
    outer loop
      vertex -25.157 -16.51 3.92112
      vertex -24.9 -18.5 3.74115
      vertex -24.9 -16.51 3.74115
    endloop
  endfacet
  facet normal 0.573612 0 0.819127
    outer loop
      vertex -24.9 -18.5 3.74115
      vertex -25.157 -16.51 3.92112
      vertex -25.157 -18.5 3.92112
    endloop
  endfacet
  facet normal 0.422571 0 -0.90633
    outer loop
      vertex -24.9 -18.5 6.85885
      vertex -24.6156 -16.51 6.99145
      vertex -24.6156 -18.5 6.99145
    endloop
  endfacet
  facet normal 0.422571 0 -0.90633
    outer loop
      vertex -24.6156 -16.51 6.99145
      vertex -24.9 -18.5 6.85885
      vertex -24.9 -16.51 6.85885
    endloop
  endfacet
  facet normal -0.906307 0 -0.42262
    outer loop
      vertex -22.3086 -18.5 5.91564
      vertex -22.4412 -16.51 6.2
      vertex -22.3086 -16.51 5.91564
    endloop
  endfacet
  facet normal -0.906307 -0 -0.42262
    outer loop
      vertex -22.4412 -16.51 6.2
      vertex -22.3086 -18.5 5.91564
      vertex -22.4412 -18.5 6.2
    endloop
  endfacet
  facet normal 0.422571 0 0.90633
    outer loop
      vertex -24.9 -16.51 3.74115
      vertex -24.6156 -18.5 3.60855
      vertex -24.6156 -16.51 3.60855
    endloop
  endfacet
  facet normal 0.422571 0 0.90633
    outer loop
      vertex -24.6156 -18.5 3.60855
      vertex -24.9 -16.51 3.74115
      vertex -24.9 -18.5 3.74115
    endloop
  endfacet
  facet normal -0.258853 0 -0.965917
    outer loop
      vertex -23.6874 -18.5 7.07265
      vertex -23.3844 -16.51 6.99145
      vertex -23.3844 -18.5 6.99145
    endloop
  endfacet
  facet normal -0.258853 0 -0.965917
    outer loop
      vertex -23.3844 -16.51 6.99145
      vertex -23.6874 -18.5 7.07265
      vertex -23.6874 -16.51 7.07265
    endloop
  endfacet
  facet normal -0.422571 0 -0.90633
    outer loop
      vertex -23.3844 -18.5 6.99145
      vertex -23.1 -16.51 6.85885
      vertex -23.1 -18.5 6.85885
    endloop
  endfacet
  facet normal -0.422571 0 -0.90633
    outer loop
      vertex -23.1 -16.51 6.85885
      vertex -23.3844 -18.5 6.99145
      vertex -23.3844 -16.51 6.99145
    endloop
  endfacet
  facet normal 0.819253 0 -0.573432
    outer loop
      vertex -25.3789 -18.5 6.45702
      vertex -25.5588 -16.51 6.2
      vertex -25.3789 -16.51 6.45702
    endloop
  endfacet
  facet normal 0.819253 0 -0.573432
    outer loop
      vertex -25.5588 -16.51 6.2
      vertex -25.3789 -18.5 6.45702
      vertex -25.5588 -18.5 6.2
    endloop
  endfacet
  facet normal -0.087159 0 -0.996194
    outer loop
      vertex -24 -18.5 7.1
      vertex -23.6874 -16.51 7.07265
      vertex -23.6874 -18.5 7.07265
    endloop
  endfacet
  facet normal -0.087159 0 -0.996194
    outer loop
      vertex -23.6874 -16.51 7.07265
      vertex -24 -18.5 7.1
      vertex -24 -16.51 7.1
    endloop
  endfacet
  facet normal -0.087159 0 0.996194
    outer loop
      vertex -24 -16.51 3.5
      vertex -23.6874 -18.5 3.52735
      vertex -23.6874 -16.51 3.52735
    endloop
  endfacet
  facet normal -0.087159 0 0.996194
    outer loop
      vertex -23.6874 -18.5 3.52735
      vertex -24 -16.51 3.5
      vertex -24 -18.5 3.5
    endloop
  endfacet
  facet normal 0.087159 0 0.996194
    outer loop
      vertex -24.3126 -16.51 3.52735
      vertex -24 -18.5 3.5
      vertex -24 -16.51 3.5
    endloop
  endfacet
  facet normal 0.087159 0 0.996194
    outer loop
      vertex -24 -18.5 3.5
      vertex -24.3126 -16.51 3.52735
      vertex -24.3126 -18.5 3.52735
    endloop
  endfacet
  facet normal 0.965852 0 -0.259094
    outer loop
      vertex -25.6914 -18.5 5.91564
      vertex -25.7727 -16.51 5.61257
      vertex -25.6914 -16.51 5.91564
    endloop
  endfacet
  facet normal 0.965852 0 -0.259094
    outer loop
      vertex -25.7727 -16.51 5.61257
      vertex -25.6914 -18.5 5.91564
      vertex -25.7727 -18.5 5.61257
    endloop
  endfacet
  facet normal 0.819253 -0 0.573432
    outer loop
      vertex -25.5588 -18.5 4.4
      vertex -25.3789 -16.51 4.14298
      vertex -25.5588 -16.51 4.4
    endloop
  endfacet
  facet normal 0.819253 0 0.573432
    outer loop
      vertex -25.3789 -16.51 4.14298
      vertex -25.5588 -18.5 4.4
      vertex -25.3789 -18.5 4.14298
    endloop
  endfacet
  facet normal -0.573432 0.819253 0
    outer loop
      vertex 1.15702 20.7211 0
      vertex 0.9 20.5412 3
      vertex 1.15702 20.7211 3
    endloop
  endfacet
  facet normal -0.573432 0.819253 0
    outer loop
      vertex 0.9 20.5412 3
      vertex 1.15702 20.7211 0
      vertex 0.9 20.5412 0
    endloop
  endfacet
  facet normal -0.965917 -0.258853 0
    outer loop
      vertex 1.77265 22.4126 0
      vertex 1.69145 22.7156 3
      vertex 1.69145 22.7156 0
    endloop
  endfacet
  facet normal -0.965917 -0.258853 0
    outer loop
      vertex 1.69145 22.7156 3
      vertex 1.77265 22.4126 0
      vertex 1.77265 22.4126 3
    endloop
  endfacet
  facet normal 0.965917 -0.258853 0
    outer loop
      vertex -1.77265 22.4126 3
      vertex -1.69145 22.7156 0
      vertex -1.69145 22.7156 3
    endloop
  endfacet
  facet normal 0.965917 -0.258853 0
    outer loop
      vertex -1.69145 22.7156 0
      vertex -1.77265 22.4126 3
      vertex -1.77265 22.4126 0
    endloop
  endfacet
  facet normal 0.707171 -0.707043 0
    outer loop
      vertex -1.37888 23.257 3
      vertex -1.15702 23.4789 0
      vertex -1.15702 23.4789 3
    endloop
  endfacet
  facet normal 0.707171 -0.707043 0
    outer loop
      vertex -1.15702 23.4789 0
      vertex -1.37888 23.257 3
      vertex -1.37888 23.257 0
    endloop
  endfacet
  facet normal 0.819127 -0.573612 0
    outer loop
      vertex -1.55885 23 3
      vertex -1.37888 23.257 0
      vertex -1.37888 23.257 3
    endloop
  endfacet
  facet normal 0.819127 -0.573612 0
    outer loop
      vertex -1.37888 23.257 0
      vertex -1.55885 23 3
      vertex -1.55885 23 0
    endloop
  endfacet
  facet normal -0.0870103 0.996207 0
    outer loop
      vertex 0.312566 20.3273 0
      vertex 0 20.3 3
      vertex 0.312566 20.3273 3
    endloop
  endfacet
  facet normal -0.0870103 0.996207 0
    outer loop
      vertex 0 20.3 3
      vertex 0.312566 20.3273 0
      vertex 0 20.3 0
    endloop
  endfacet
  facet normal -0.996194 0.087159 0
    outer loop
      vertex 1.77265 21.7874 0
      vertex 1.8 22.1 3
      vertex 1.8 22.1 0
    endloop
  endfacet
  facet normal -0.996194 0.087159 0
    outer loop
      vertex 1.8 22.1 3
      vertex 1.77265 21.7874 0
      vertex 1.77265 21.7874 3
    endloop
  endfacet
  facet normal -0.819127 0.573612 0
    outer loop
      vertex 1.37888 20.943 0
      vertex 1.55885 21.2 3
      vertex 1.55885 21.2 0
    endloop
  endfacet
  facet normal -0.819127 0.573612 0
    outer loop
      vertex 1.55885 21.2 3
      vertex 1.37888 20.943 0
      vertex 1.37888 20.943 3
    endloop
  endfacet
  facet normal 0.422615 0.906309 -0
    outer loop
      vertex -0.615636 20.4086 0
      vertex -0.9 20.5412 3
      vertex -0.615636 20.4086 3
    endloop
  endfacet
  facet normal 0.422615 0.906309 0
    outer loop
      vertex -0.9 20.5412 3
      vertex -0.615636 20.4086 0
      vertex -0.9 20.5412 0
    endloop
  endfacet
  facet normal 0.996194 -0.087159 0
    outer loop
      vertex -1.8 22.1 3
      vertex -1.77265 22.4126 0
      vertex -1.77265 22.4126 3
    endloop
  endfacet
  facet normal 0.996194 -0.087159 0
    outer loop
      vertex -1.77265 22.4126 0
      vertex -1.8 22.1 3
      vertex -1.8 22.1 0
    endloop
  endfacet
  facet normal 0.0870103 -0.996207 0
    outer loop
      vertex -0.312566 23.8727 0
      vertex 0 23.9 3
      vertex -0.312566 23.8727 3
    endloop
  endfacet
  facet normal 0.0870103 -0.996207 0
    outer loop
      vertex 0 23.9 3
      vertex -0.312566 23.8727 0
      vertex 0 23.9 0
    endloop
  endfacet
  facet normal -0.996194 -0.087159 0
    outer loop
      vertex 1.8 22.1 0
      vertex 1.77265 22.4126 3
      vertex 1.77265 22.4126 0
    endloop
  endfacet
  facet normal -0.996194 -0.087159 0
    outer loop
      vertex 1.77265 22.4126 3
      vertex 1.8 22.1 0
      vertex 1.8 22.1 3
    endloop
  endfacet
  facet normal -0.259094 -0.965852 0
    outer loop
      vertex 0.312566 23.8727 0
      vertex 0.615636 23.7914 3
      vertex 0.312566 23.8727 3
    endloop
  endfacet
  facet normal -0.259094 -0.965852 -0
    outer loop
      vertex 0.615636 23.7914 3
      vertex 0.312566 23.8727 0
      vertex 0.615636 23.7914 0
    endloop
  endfacet
  facet normal 0.573432 -0.819253 0
    outer loop
      vertex -1.15702 23.4789 0
      vertex -0.9 23.6588 3
      vertex -1.15702 23.4789 3
    endloop
  endfacet
  facet normal 0.573432 -0.819253 0
    outer loop
      vertex -0.9 23.6588 3
      vertex -1.15702 23.4789 0
      vertex -0.9 23.6588 0
    endloop
  endfacet
  facet normal 0.90633 -0.422571 0
    outer loop
      vertex -1.69145 22.7156 3
      vertex -1.55885 23 0
      vertex -1.55885 23 3
    endloop
  endfacet
  facet normal 0.90633 -0.422571 0
    outer loop
      vertex -1.55885 23 0
      vertex -1.69145 22.7156 3
      vertex -1.69145 22.7156 0
    endloop
  endfacet
  facet normal -0.90633 -0.422571 0
    outer loop
      vertex 1.69145 22.7156 0
      vertex 1.55885 23 3
      vertex 1.55885 23 0
    endloop
  endfacet
  facet normal -0.90633 -0.422571 0
    outer loop
      vertex 1.55885 23 3
      vertex 1.69145 22.7156 0
      vertex 1.69145 22.7156 3
    endloop
  endfacet
  facet normal -0.422615 -0.906309 0
    outer loop
      vertex 0.615636 23.7914 0
      vertex 0.9 23.6588 3
      vertex 0.615636 23.7914 3
    endloop
  endfacet
  facet normal -0.422615 -0.906309 -0
    outer loop
      vertex 0.9 23.6588 3
      vertex 0.615636 23.7914 0
      vertex 0.9 23.6588 0
    endloop
  endfacet
  facet normal 0.965917 0.258853 0
    outer loop
      vertex -1.69145 21.4844 3
      vertex -1.77265 21.7874 0
      vertex -1.77265 21.7874 3
    endloop
  endfacet
  facet normal 0.965917 0.258853 0
    outer loop
      vertex -1.77265 21.7874 0
      vertex -1.69145 21.4844 3
      vertex -1.69145 21.4844 0
    endloop
  endfacet
  facet normal 0.259094 -0.965852 0
    outer loop
      vertex -0.615636 23.7914 0
      vertex -0.312566 23.8727 3
      vertex -0.615636 23.7914 3
    endloop
  endfacet
  facet normal 0.259094 -0.965852 0
    outer loop
      vertex -0.312566 23.8727 3
      vertex -0.615636 23.7914 0
      vertex -0.312566 23.8727 0
    endloop
  endfacet
  facet normal 0.259094 0.965852 -0
    outer loop
      vertex -0.312566 20.3273 0
      vertex -0.615636 20.4086 3
      vertex -0.312566 20.3273 3
    endloop
  endfacet
  facet normal 0.259094 0.965852 0
    outer loop
      vertex -0.615636 20.4086 3
      vertex -0.312566 20.3273 0
      vertex -0.615636 20.4086 0
    endloop
  endfacet
  facet normal -0.707171 -0.707043 0
    outer loop
      vertex 1.37888 23.257 0
      vertex 1.15702 23.4789 3
      vertex 1.15702 23.4789 0
    endloop
  endfacet
  facet normal -0.707171 -0.707043 0
    outer loop
      vertex 1.15702 23.4789 3
      vertex 1.37888 23.257 0
      vertex 1.37888 23.257 3
    endloop
  endfacet
  facet normal 0.422615 -0.906309 0
    outer loop
      vertex -0.9 23.6588 0
      vertex -0.615636 23.7914 3
      vertex -0.9 23.6588 3
    endloop
  endfacet
  facet normal 0.422615 -0.906309 0
    outer loop
      vertex -0.615636 23.7914 3
      vertex -0.9 23.6588 0
      vertex -0.615636 23.7914 0
    endloop
  endfacet
  facet normal 0.0870103 0.996207 -0
    outer loop
      vertex 0 20.3 0
      vertex -0.312566 20.3273 3
      vertex 0 20.3 3
    endloop
  endfacet
  facet normal 0.0870103 0.996207 0
    outer loop
      vertex -0.312566 20.3273 3
      vertex 0 20.3 0
      vertex -0.312566 20.3273 0
    endloop
  endfacet
  facet normal -0.422615 0.906309 0
    outer loop
      vertex 0.9 20.5412 0
      vertex 0.615636 20.4086 3
      vertex 0.9 20.5412 3
    endloop
  endfacet
  facet normal -0.422615 0.906309 0
    outer loop
      vertex 0.615636 20.4086 3
      vertex 0.9 20.5412 0
      vertex 0.615636 20.4086 0
    endloop
  endfacet
  facet normal -0.819127 -0.573612 0
    outer loop
      vertex 1.55885 23 0
      vertex 1.37888 23.257 3
      vertex 1.37888 23.257 0
    endloop
  endfacet
  facet normal -0.819127 -0.573612 0
    outer loop
      vertex 1.37888 23.257 3
      vertex 1.55885 23 0
      vertex 1.55885 23 3
    endloop
  endfacet
  facet normal -0.573432 -0.819253 0
    outer loop
      vertex 0.9 23.6588 0
      vertex 1.15702 23.4789 3
      vertex 0.9 23.6588 3
    endloop
  endfacet
  facet normal -0.573432 -0.819253 -0
    outer loop
      vertex 1.15702 23.4789 3
      vertex 0.9 23.6588 0
      vertex 1.15702 23.4789 0
    endloop
  endfacet
  facet normal -0.90633 0.422571 0
    outer loop
      vertex 1.55885 21.2 0
      vertex 1.69145 21.4844 3
      vertex 1.69145 21.4844 0
    endloop
  endfacet
  facet normal -0.90633 0.422571 0
    outer loop
      vertex 1.69145 21.4844 3
      vertex 1.55885 21.2 0
      vertex 1.55885 21.2 3
    endloop
  endfacet
  facet normal -0.965917 0.258853 0
    outer loop
      vertex 1.69145 21.4844 0
      vertex 1.77265 21.7874 3
      vertex 1.77265 21.7874 0
    endloop
  endfacet
  facet normal -0.965917 0.258853 0
    outer loop
      vertex 1.77265 21.7874 3
      vertex 1.69145 21.4844 0
      vertex 1.69145 21.4844 3
    endloop
  endfacet
  facet normal 0.573432 0.819253 -0
    outer loop
      vertex -0.9 20.5412 0
      vertex -1.15702 20.7211 3
      vertex -0.9 20.5412 3
    endloop
  endfacet
  facet normal 0.573432 0.819253 0
    outer loop
      vertex -1.15702 20.7211 3
      vertex -0.9 20.5412 0
      vertex -1.15702 20.7211 0
    endloop
  endfacet
  facet normal -0.259094 0.965852 0
    outer loop
      vertex 0.615636 20.4086 0
      vertex 0.312566 20.3273 3
      vertex 0.615636 20.4086 3
    endloop
  endfacet
  facet normal -0.259094 0.965852 0
    outer loop
      vertex 0.312566 20.3273 3
      vertex 0.615636 20.4086 0
      vertex 0.312566 20.3273 0
    endloop
  endfacet
  facet normal -0.707171 0.707043 0
    outer loop
      vertex 1.15702 20.7211 0
      vertex 1.37888 20.943 3
      vertex 1.37888 20.943 0
    endloop
  endfacet
  facet normal -0.707171 0.707043 0
    outer loop
      vertex 1.37888 20.943 3
      vertex 1.15702 20.7211 0
      vertex 1.15702 20.7211 3
    endloop
  endfacet
  facet normal 0.90633 0.422571 0
    outer loop
      vertex -1.55885 21.2 3
      vertex -1.69145 21.4844 0
      vertex -1.69145 21.4844 3
    endloop
  endfacet
  facet normal 0.90633 0.422571 0
    outer loop
      vertex -1.69145 21.4844 0
      vertex -1.55885 21.2 3
      vertex -1.55885 21.2 0
    endloop
  endfacet
  facet normal 0.819127 0.573612 0
    outer loop
      vertex -1.37888 20.943 3
      vertex -1.55885 21.2 0
      vertex -1.55885 21.2 3
    endloop
  endfacet
  facet normal 0.819127 0.573612 0
    outer loop
      vertex -1.55885 21.2 0
      vertex -1.37888 20.943 3
      vertex -1.37888 20.943 0
    endloop
  endfacet
  facet normal 0.996194 0.087159 0
    outer loop
      vertex -1.77265 21.7874 3
      vertex -1.8 22.1 0
      vertex -1.8 22.1 3
    endloop
  endfacet
  facet normal 0.996194 0.087159 0
    outer loop
      vertex -1.8 22.1 0
      vertex -1.77265 21.7874 3
      vertex -1.77265 21.7874 0
    endloop
  endfacet
  facet normal -0.0870103 -0.996207 0
    outer loop
      vertex 0 23.9 0
      vertex 0.312566 23.8727 3
      vertex 0 23.9 3
    endloop
  endfacet
  facet normal -0.0870103 -0.996207 -0
    outer loop
      vertex 0.312566 23.8727 3
      vertex 0 23.9 0
      vertex 0.312566 23.8727 0
    endloop
  endfacet
  facet normal 0.707171 0.707043 0
    outer loop
      vertex -1.15702 20.7211 3
      vertex -1.37888 20.943 0
      vertex -1.37888 20.943 3
    endloop
  endfacet
  facet normal 0.707171 0.707043 0
    outer loop
      vertex -1.37888 20.943 0
      vertex -1.15702 20.7211 3
      vertex -1.15702 20.7211 0
    endloop
  endfacet
  facet normal 1 -0 0
    outer loop
      vertex -35.4 -10.2 4.19
      vertex -35.4 -9.2 2
      vertex -35.4 -9.2 4.19
    endloop
  endfacet
  facet normal 1 0 0
    outer loop
      vertex -35.4 -9.2 2
      vertex -35.4 -10.2 4.19
      vertex -35.4 -10.2 2
    endloop
  endfacet
  facet normal -0 0 1
    outer loop
      vertex -35.5 -9.2 4.19
      vertex -35.4 -10.2 4.19
      vertex -35.4 -9.2 4.19
    endloop
  endfacet
  facet normal 0 0 1
    outer loop
      vertex -35.4 -10.2 4.19
      vertex -35.5 -9.2 4.19
      vertex -35.5 -10.2 4.19
    endloop
  endfacet
  facet normal 0 1 -0
    outer loop
      vertex -35.4 -9.2 2
      vertex -35.5 -9.2 4.19
      vertex -35.4 -9.2 4.19
    endloop
  endfacet
  facet normal 0 1 0
    outer loop
      vertex -35.5 -9.2 4.19
      vertex -35.4 -9.2 2
      vertex -35.5 -9.2 2
    endloop
  endfacet
  facet normal 0 -1 0
    outer loop
      vertex -35.5 -10.2 2
      vertex -35.4 -10.2 4.19
      vertex -35.5 -10.2 4.19
    endloop
  endfacet
  facet normal 0 -1 -0
    outer loop
      vertex -35.4 -10.2 4.19
      vertex -35.5 -10.2 2
      vertex -35.4 -10.2 2
    endloop
  endfacet
  facet normal 1 -0 0
    outer loop
      vertex -35.4 9.2 4.19
      vertex -35.4 10.2 2
      vertex -35.4 10.2 4.19
    endloop
  endfacet
  facet normal 1 0 0
    outer loop
      vertex -35.4 10.2 2
      vertex -35.4 9.2 4.19
      vertex -35.4 9.2 2
    endloop
  endfacet
  facet normal -0 0 1
    outer loop
      vertex -35.5 10.2 4.19
      vertex -35.4 9.2 4.19
      vertex -35.4 10.2 4.19
    endloop
  endfacet
  facet normal 0 0 1
    outer loop
      vertex -35.4 9.2 4.19
      vertex -35.5 10.2 4.19
      vertex -35.5 9.2 4.19
    endloop
  endfacet
  facet normal 0 1 -0
    outer loop
      vertex -35.4 10.2 2
      vertex -35.5 10.2 4.19
      vertex -35.4 10.2 4.19
    endloop
  endfacet
  facet normal 0 1 0
    outer loop
      vertex -35.5 10.2 4.19
      vertex -35.4 10.2 2
      vertex -35.5 10.2 2
    endloop
  endfacet
  facet normal 0 -1 0
    outer loop
      vertex -35.5 9.2 2
      vertex -35.4 9.2 4.19
      vertex -35.5 9.2 4.19
    endloop
  endfacet
  facet normal 0 -1 -0
    outer loop
      vertex -35.4 9.2 4.19
      vertex -35.5 9.2 2
      vertex -35.4 9.2 2
    endloop
  endfacet
  facet normal 1 -0 0
    outer loop
      vertex -12.8 -10.2 4.19
      vertex -12.8 -9.2 2
      vertex -12.8 -9.2 4.19
    endloop
  endfacet
  facet normal 1 0 0
    outer loop
      vertex -12.8 -9.2 2
      vertex -12.8 -10.2 4.19
      vertex -12.8 -10.2 2
    endloop
  endfacet
  facet normal -0 0 1
    outer loop
      vertex -13.8 -9.2 4.19
      vertex -12.8 -10.2 4.19
      vertex -12.8 -9.2 4.19
    endloop
  endfacet
  facet normal 0 0 1
    outer loop
      vertex -12.8 -10.2 4.19
      vertex -13.8 -9.2 4.19
      vertex -13.8 -10.2 4.19
    endloop
  endfacet
  facet normal -1 0 0
    outer loop
      vertex -13.8 -10.2 2
      vertex -13.8 -9.2 4.19
      vertex -13.8 -9.2 2
    endloop
  endfacet
  facet normal -1 -0 0
    outer loop
      vertex -13.8 -9.2 4.19
      vertex -13.8 -10.2 2
      vertex -13.8 -10.2 4.19
    endloop
  endfacet
  facet normal 0 1 -0
    outer loop
      vertex -12.8 -9.2 2
      vertex -13.8 -9.2 4.19
      vertex -12.8 -9.2 4.19
    endloop
  endfacet
  facet normal 0 1 0
    outer loop
      vertex -13.8 -9.2 4.19
      vertex -12.8 -9.2 2
      vertex -13.8 -9.2 2
    endloop
  endfacet
  facet normal 0 -1 0
    outer loop
      vertex -13.8 -10.2 2
      vertex -12.8 -10.2 4.19
      vertex -13.8 -10.2 4.19
    endloop
  endfacet
  facet normal 0 -1 -0
    outer loop
      vertex -12.8 -10.2 4.19
      vertex -13.8 -10.2 2
      vertex -12.8 -10.2 2
    endloop
  endfacet
  facet normal 1 -0 0
    outer loop
      vertex -12.8 9.2 4.19
      vertex -12.8 10.2 2
      vertex -12.8 10.2 4.19
    endloop
  endfacet
  facet normal 1 0 0
    outer loop
      vertex -12.8 10.2 2
      vertex -12.8 9.2 4.19
      vertex -12.8 9.2 2
    endloop
  endfacet
  facet normal -0 0 1
    outer loop
      vertex -13.8 10.2 4.19
      vertex -12.8 9.2 4.19
      vertex -12.8 10.2 4.19
    endloop
  endfacet
  facet normal 0 0 1
    outer loop
      vertex -12.8 9.2 4.19
      vertex -13.8 10.2 4.19
      vertex -13.8 9.2 4.19
    endloop
  endfacet
  facet normal -1 0 0
    outer loop
      vertex -13.8 9.2 2
      vertex -13.8 10.2 4.19
      vertex -13.8 10.2 2
    endloop
  endfacet
  facet normal -1 -0 0
    outer loop
      vertex -13.8 10.2 4.19
      vertex -13.8 9.2 2
      vertex -13.8 9.2 4.19
    endloop
  endfacet
  facet normal 0 1 -0
    outer loop
      vertex -12.8 10.2 2
      vertex -13.8 10.2 4.19
      vertex -12.8 10.2 4.19
    endloop
  endfacet
  facet normal 0 1 0
    outer loop
      vertex -13.8 10.2 4.19
      vertex -12.8 10.2 2
      vertex -13.8 10.2 2
    endloop
  endfacet
  facet normal 0 -1 0
    outer loop
      vertex -13.8 9.2 2
      vertex -12.8 9.2 4.19
      vertex -13.8 9.2 4.19
    endloop
  endfacet
  facet normal 0 -1 -0
    outer loop
      vertex -12.8 9.2 4.19
      vertex -13.8 9.2 2
      vertex -12.8 9.2 2
    endloop
  endfacet
  facet normal 1 -0 0
    outer loop
      vertex -12.3 -3 5.19
      vertex -12.3 3 2
      vertex -12.3 3 5.19
    endloop
  endfacet
  facet normal 1 0 0
    outer loop
      vertex -12.3 3 2
      vertex -12.3 -3 5.19
      vertex -12.3 -3 2
    endloop
  endfacet
  facet normal -0 0 1
    outer loop
      vertex -13.5 3 5.19
      vertex -12.3 -3 5.19
      vertex -12.3 3 5.19
    endloop
  endfacet
  facet normal 0 0 1
    outer loop
      vertex -12.3 -3 5.19
      vertex -13.5 3 5.19
      vertex -13.5 -3 5.19
    endloop
  endfacet
  facet normal -1 0 0
    outer loop
      vertex -13.5 -3 2
      vertex -13.5 3 5.19
      vertex -13.5 3 2
    endloop
  endfacet
  facet normal -1 -0 0
    outer loop
      vertex -13.5 3 5.19
      vertex -13.5 -3 2
      vertex -13.5 -3 5.19
    endloop
  endfacet
  facet normal 0 1 -0
    outer loop
      vertex -12.3 3 2
      vertex -13.5 3 5.19
      vertex -12.3 3 5.19
    endloop
  endfacet
  facet normal 0 1 0
    outer loop
      vertex -13.5 3 5.19
      vertex -12.3 3 2
      vertex -13.5 3 2
    endloop
  endfacet
  facet normal 0 -1 0
    outer loop
      vertex -13.5 -3 2
      vertex -12.3 -3 5.19
      vertex -13.5 -3 5.19
    endloop
  endfacet
  facet normal 0 -1 -0
    outer loop
      vertex -12.3 -3 5.19
      vertex -13.5 -3 2
      vertex -12.3 -3 2
    endloop
  endfacet
  facet normal 1 -0 0
    outer loop
      vertex 31.3 -3 5.19
      vertex 31.3 3 2
      vertex 31.3 3 5.19
    endloop
  endfacet
  facet normal 1 0 0
    outer loop
      vertex 31.3 3 2
      vertex 31.3 -3 5.19
      vertex 31.3 -3 2
    endloop
  endfacet
  facet normal -0 0 1
    outer loop
      vertex 30.1 3 5.19
      vertex 31.3 -3 5.19
      vertex 31.3 3 5.19
    endloop
  endfacet
  facet normal 0 0 1
    outer loop
      vertex 31.3 -3 5.19
      vertex 30.1 3 5.19
      vertex 30.1 -3 5.19
    endloop
  endfacet
  facet normal -1 0 0
    outer loop
      vertex 30.1 -3 2
      vertex 30.1 3 5.19
      vertex 30.1 3 2
    endloop
  endfacet
  facet normal -1 -0 0
    outer loop
      vertex 30.1 3 5.19
      vertex 30.1 -3 2
      vertex 30.1 -3 5.19
    endloop
  endfacet
  facet normal 0 1 -0
    outer loop
      vertex 31.3 3 2
      vertex 30.1 3 5.19
      vertex 31.3 3 5.19
    endloop
  endfacet
  facet normal 0 1 0
    outer loop
      vertex 30.1 3 5.19
      vertex 31.3 3 2
      vertex 30.1 3 2
    endloop
  endfacet
  facet normal 0 -1 0
    outer loop
      vertex 30.1 -3 2
      vertex 31.3 -3 5.19
      vertex 30.1 -3 5.19
    endloop
  endfacet
  facet normal 0 -1 -0
    outer loop
      vertex 31.3 -3 5.19
      vertex 30.1 -3 2
      vertex 31.3 -3 2
    endloop
  endfacet
endsolid OpenSCAD_Model
